label,removed_doc_id,root_doc_id,similarity_score,removed_char_len,root_char_len,removed_preview,root_preview,allowed_labels
,shard_00146.parquet:3421,shard_00099.parquet:17873,0.9999996423721313,920,920,"The internal plumbing of your house may be the culprit if discolored water appears only for a minute or two after you turn on the tap. Many houses have galvanized iron pipe, and when the zinc coating on the inside of galvanized iron pipe wears thin, the water becomes discolored as it comes in contact with bare iron. The longer the water sits in the pipes, the worse the discoloration will be. That is why this problem is most noticeable the first time you turn on the tap in the morning. If only a few taps are affected, only a portion of your internal plumbing has galvanized pipe. After running your tap for a few minutes, clean water from your water heater or the water main will replace the discolored water. Since iron is an essential nutrient, this condition poses no health hazard. If the discoloration bothers you, however, flush the tap until the water becomes clear and save the water for iron-loving plants.","The internal plumbing of your house may be the culprit if discolored water appears only for a minute or two after you turn on the tap. Many houses have galvanized iron pipe, and when the zinc coating on the inside of galvanized iron pipe wears thin, the water becomes discolored as it comes in contact with bare iron. The longer the water sits in the pipes, the worse the discoloration will be. That is why this problem is most noticeable the first time you turn on the tap in the morning. If only a few taps are affected, only a portion of your internal plumbing has galvanized pipe. After running your tap for a few minutes, clean water from your water heater or the water main will replace the discolored water. Since iron is an essential nutrient, this condition poses no health hazard. If the discoloration bothers you, however, flush the tap until the water becomes clear and save the water for iron-loving plants.",exact_duplicate|near_duplicate|semantic_duplicate|same_template_different_content|related_but_both_valuable|false_positive|unclear
,shard_00035.parquet:31990,shard_00127.parquet:30561,0.9999995827674866,607,607,"Revolutions of 1848 in the German states The Revolutions in the German states developed in most of the 38 states of Germany that were loosely bound together in the German Confederation after the Congress of Vienna in 1815. To these states belonged Austria as well though Hungary that was part of the Austrian-Hungarian Empire was not part of the German Confederation. But it was in Berlin too where the Prussian king Frederick William refused to become emperor of a united German state. Austria and Prussia withdrew their delegates from the Assembly, and the Assembly itself slowly disintegrated afterwards.","Revolutions of 1848 in the German states The Revolutions in the German states developed in most of the 38 states of Germany that were loosely bound together in the German Confederation after the Congress of Vienna in 1815. To these states belonged Austria as well though Hungary that was part of the Austrian-Hungarian Empire was not part of the German Confederation. But it was in Berlin too where the Prussian king Frederick William refused to become emperor of a united German state. Austria and Prussia withdrew their delegates from the Assembly, and the Assembly itself slowly disintegrated afterwards.",exact_duplicate|near_duplicate|semantic_duplicate|same_template_different_content|related_but_both_valuable|false_positive|unclear
,shard_00114.parquet:20267,shard_00150.parquet:33282,0.95074862241745,11496,9952,"What is a c-section? A c-section, or cesarean section, is the delivery of a baby through a surgical incision in the mother's abdomen and uterus. In some circumstances, a c-section is scheduled in advance. In others, the surgery is needed due to an unforeseen complication. If you or your baby is in imminent danger, you'll have an emergency c-section. Otherwise, it's called an unplanned section. According to the U.S. Centers for Disease Control, about 32 percent of American women who gave birth in 2015 had a cesarean delivery. Why would I have a scheduled c-section? In some cases, your doctor will recommend a c-section instead of a vaginal delivery. For example, you may require a planned c-section if: - You've had a previous cesarean with a ""classical"" vertical uterine incision (this is relatively rare) or more than one previous c-section. Both of these significantly increase the risk that your uterus will rupture during a vaginal delivery. NOTE: If you've had only one previous c-section, with a horizontal uterine incision, you may be a good candidate for a vaginal birth after cesarean, or VBAC. (Note that the type of scar on your belly may not match the one on your uterus.) Or you m","What Is It? A cesarean section, also called a C-section, is surgery to deliver a baby through the abdomen. It's used when: It's impossible or not advised to deliver the baby through the vagina, or Continuing in labor seems to present a greater risk to the health of the baby or mother, even if the plan was a vaginal delivery. A C-section sometimes is scheduled in advance. But it may also be unscheduled as circumstances change in the course of labor and delivery. An unscheduled cesarean is not the same as an emergency cesarean, which is done when there is immediate risk to a mother or baby that cannot be resolved without immediate delivery. In the United stated, about 32% of all births are delivered by C-section. The procedure is done less often in most other countries. For example, about 15% of births are delivered via C-sections in the Netherlands, and 25% are delivered that way in England, Wales and Canada. What It's Used For A C-section may be done for reasons related to the health of the mother or baby, or conditions related to the pregnancy or process of labor. Reasons related to a mother's health that may lead to a C-section include: Past surgeries involving the uterus. The mo",exact_duplicate|near_duplicate|semantic_duplicate|same_template_different_content|related_but_both_valuable|false_positive|unclear
,shard_00050.parquet:4359,shard_00112.parquet:60,0.9826846122741699,2917,2952,"It’s extremely common for people to have hearing loss brought on by continued exposure to loud noise. Your hearing can be irreversibly impaired if you spend a lot of time around noise that exceeds 85 dB. Exactly How Does Noise-Induced Hearing Loss Work? This is a form of sensorineural hearing loss where hair cells in your inner ear are permanently damaged by noise. Noise-induced hearing loss can be brought on by long-term exposure to extremely high levels of noise, which leads to a gradual decline of your hearing. Immediate damage can also happen if you are subjected to a burst of exceptionally damaging noise all at once. Over 17 percent of people between the ages of 20 and 69 have hearing loss that is a result of their recreational or work activities. Here are some examples of noises that can lead to hearing loss: - Busy Traffic - Loud headphoness - Emergency Vehicles - Construction equipment - Nearby fireworks - Jet engines Can it be Reversed? There is presently no cure for noise-related hearing loss (although scientists are hard at work on it). If you’ve been subjected to a loud noise, you need to consult a doctor right away, because some of the lasting damage is caused by infla","It’s extremely common for people to have hearing loss caused by continued subjection to loud noise. Your hearing can be permanently damaged if you spend a lot of time exposed to noise that exceeds 85 dB. Exactly How Does Noise-Induced Hearing Loss Work? This is a kind of sensorineural hearing loss where hair cells inside of your inner ear are permanently destroyed by noise. A progressive degeneration of hearing, eventually bringing about permanent hearing loss, develops when you are exposed to very loud noise for a long period of time. Immediate damage can also occur if you are exposed to a burst of exceptionally damaging noise all at once. More than 17 percent of individuals between the ages of 20 and 69 have hearing loss that is caused by their work or recreational activities. Some examples of noises that can result in hearing loss might include: - Jet engines - Nearby fireworks - Loud volume on earphones - Emergency Vehicles - Busy Traffic Is it Reversible? There is currently no remedy for noise-induced hearing loss (though scientists are hard at work on it). Some of the damage inside your ear might be caused by inflammation so you need to talk to a doctor if you’ve been subject",exact_duplicate|near_duplicate|semantic_duplicate|same_template_different_content|related_but_both_valuable|false_positive|unclear
,shard_00038.parquet:9711,shard_00068.parquet:22283,0.9999995827674866,17114,16968,"Sleep Soundly: How to establish good sleep habits for your children Sara Gable and David Schramm State extension specialists Human Development and Family Studies We all know how great a good night’s sleep feels — and this goes for your children as well. Sleep is important to children’s overall well-being and essential to their growth and good health. A good night’s sleep allows children to wake up feeling refreshed physically and mentally. Consistent and quality sleep helps children stay alert and focused during the day. It can increase their ability to concentrate, to remember what they learn, to problem solve and to enjoy normal physical activity. On the flip side, children who do not get enough sleep are likely to be moody, irritable, easily frustrated, and act more angry or sad in social interactions. Clearly, sleep is very important for children’s functioning. So what happens while we sleep? Throughout the night, the body moves through sleep cycles — transitioning between deep restorative sleep, lighter stages of sleep and dreaming. During sleep, muscles and skin are repaired and grow, memories are organized, and growth- and appetite-regulating hormones are released. Getting a","Sleep Soundly: How to establish good sleep habits for your children Sara Gable and David Schramm State extension specialists Human Development and Family Studies We all know how great a good night’s sleep feels — and this goes for your children as well. Sleep is important to children’s overall well-being and essential to their growth and good health. A good night’s sleep allows children to wake up feeling refreshed physically and mentally. Consistent and quality sleep helps children stay alert and focused during the day. It can increase their ability to concentrate, to remember what they learn, to problem solve and to enjoy normal physical activity. On the flip side, children who do not get enough sleep are likely to be moody, irritable, easily frustrated, and act more angry or sad in social interactions. Clearly, sleep is very important for children’s functioning. So what happens while we sleep? Throughout the night, the body moves through sleep cycles — transitioning between deep restorative sleep, lighter stages of sleep and dreaming. During sleep, muscles and skin are repaired and grow, memories are organized, and growth- and appetite-regulating hormones are released. Getting a",exact_duplicate|near_duplicate|semantic_duplicate|same_template_different_content|related_but_both_valuable|false_positive|unclear
,shard_00112.parquet:45904,shard_00036.parquet:9119,1.0000004768371582,2761,2761,"Via the Merced Sun-Star: Doctoral candidate presents research on racial disparities in Valley fever. But it really sounds like class disparities. Excerpt: Latino and black men are more likely to acquire and die from Valley fever than other groups, research shows, but very little is known about why that occurs. According to Sarah Rios, a doctoral candidate in the sociology department at the University of California, Santa Barbara, a possible explanation as to why these groups are especially vulnerable could be because of the environments they are exposed to. During a lecture at UC Merced on Wednesday, Rios presented research that examines how race, gender and geography shape the environmental health risk of Valley fever for certain nonwhite groups in the Central Valley. The lecture is part of a Valley Fever Seminar Series hosted by UC Merced’s Health Sciences Research Institute. Valley fever is a fungal infection of the lungs. Rios, who comes from a family of farmworkers in the Salinas-Watsonville area, completed her undergraduate studies at Fresno State. After college, Rios joined the United Farm Workers, where she started developing the foundation for her work. Rios currently coll","Via the Merced Sun-Star: Doctoral candidate presents research on racial disparities in Valley fever. But it really sounds like class disparities. Excerpt: Latino and black men are more likely to acquire and die from Valley fever than other groups, research shows, but very little is known about why that occurs. According to Sarah Rios, a doctoral candidate in the sociology department at the University of California, Santa Barbara, a possible explanation as to why these groups are especially vulnerable could be because of the environments they are exposed to. During a lecture at UC Merced on Wednesday, Rios presented research that examines how race, gender and geography shape the environmental health risk of Valley fever for certain nonwhite groups in the Central Valley. The lecture is part of a Valley Fever Seminar Series hosted by UC Merced’s Health Sciences Research Institute. Valley fever is a fungal infection of the lungs. Rios, who comes from a family of farmworkers in the Salinas-Watsonville area, completed her undergraduate studies at Fresno State. After college, Rios joined the United Farm Workers, where she started developing the foundation for her work. Rios currently coll",exact_duplicate|near_duplicate|semantic_duplicate|same_template_different_content|related_but_both_valuable|false_positive|unclear
,shard_00014.parquet:9212,shard_00083.parquet:623,0.9999995231628418,6243,6243,"Avian influenza, bird flu, pandemic, highly pathogenic, H5N1 virus—what does all this mean to duck hunters and waterfowl conservation? By Bruce Batt, Ph.D. The press is bombarding us with information as a new strain of bird flu has devastated domestic poultry by the hundreds of millions in Southeast Asia and has, in a few cases, sickened or killed people. This is a bird disease that has spread over parts of Asia, Europe, and North Africa, and many experts believe its arrival in North America is inevitable. Some think it will happen this year. One way the virus could arrive is to be carried by waterfowl and other wild birds. Therein lies the connection with waterfowl and the threat to waterfowl conservation in North America, even though there has never been a case in which the disease is known to have been transmitted from a wild bird to a human. WHAT IS AVIAN INFLUENZA? The term avian influenza refers to viruses that occur in birds. Birds easily shake off most strains of bird flu, and most types have low pathogenicity (ability to produce disease). But genetic mutation occurs frequently in viruses, and sometimes a harmless virus will change to one that is highly pathogenic and can c","Avian influenza, bird flu, pandemic, highly pathogenic, H5N1 virus—what does all this mean to duck hunters and waterfowl conservation? By Bruce Batt, Ph.D. The press is bombarding us with information as a new strain of bird flu has devastated domestic poultry by the hundreds of millions in Southeast Asia and has, in a few cases, sickened or killed people. This is a bird disease that has spread over parts of Asia, Europe, and North Africa, and many experts believe its arrival in North America is inevitable. Some think it will happen this year. One way the virus could arrive is to be carried by waterfowl and other wild birds. Therein lies the connection with waterfowl and the threat to waterfowl conservation in North America, even though there has never been a case in which the disease is known to have been transmitted from a wild bird to a human. WHAT IS AVIAN INFLUENZA? The term avian influenza refers to viruses that occur in birds. Birds easily shake off most strains of bird flu, and most types have low pathogenicity (ability to produce disease). But genetic mutation occurs frequently in viruses, and sometimes a harmless virus will change to one that is highly pathogenic and can c",exact_duplicate|near_duplicate|semantic_duplicate|same_template_different_content|related_but_both_valuable|false_positive|unclear
,shard_00033.parquet:9147,shard_00138.parquet:15089,0.9999995827674866,11261,11261,"The Value of Functional Foods to Support a Healthy Lifestyle The notion that food plays an enormous role in our health is not new thinking as evidenced by Hippocrates’ statement nearly 2, 500 years ago, “Leave your drugs in the chemist’s pot, if you can heal the patient with food.” We are the living product of a four million year partnership with nature, which requires us to continually take in nutrients from food and water. Our bodies only receive the nutrients that we provide ourselves with at every swallow of our food choices. Every living cell has in it a multitude of organized metabolic enzymes that are the chief workers for over 2,000 proteins in the body. These are regularly produced within the cells if the nutritional chain of life is furnished with “Nutrient-Dense Food.” One of the most exciting areas of nutritional research today is identification and investigation of compounds in plants that can bolster our defenses against agents of disease, reducing risks of cancer and other serious illnesses. So many of these have come into light in recent years, with actions so varied and beneficial, that it is a wonder that the consumption of fruits and vegetables is not going up fa","The Value of Functional Foods to Support a Healthy Lifestyle The notion that food plays an enormous role in our health is not new thinking as evidenced by Hippocrates’ statement nearly 2, 500 years ago, “Leave your drugs in the chemist’s pot, if you can heal the patient with food.” We are the living product of a four million year partnership with nature, which requires us to continually take in nutrients from food and water. Our bodies only receive the nutrients that we provide ourselves with at every swallow of our food choices. Every living cell has in it a multitude of organized metabolic enzymes that are the chief workers for over 2,000 proteins in the body. These are regularly produced within the cells if the nutritional chain of life is furnished with “Nutrient-Dense Food.” One of the most exciting areas of nutritional research today is identification and investigation of compounds in plants that can bolster our defenses against agents of disease, reducing risks of cancer and other serious illnesses. So many of these have come into light in recent years, with actions so varied and beneficial, that it is a wonder that the consumption of fruits and vegetables is not going up fa",exact_duplicate|near_duplicate|semantic_duplicate|same_template_different_content|related_but_both_valuable|false_positive|unclear
,shard_00063.parquet:24378,shard_00160.parquet:26062,0.9999998807907104,1859,1859,"New research suggests that coffee’s potential health benefits are about more than caffeine. Rutgers scientists have found a compound in coffee that may team up with caffeine to fight Parkinson’s disease and Lewy body dementia — two progressive and currently incurable diseases associated with brain degeneration. The discovery, recently published in the Proceedings of the National Academy of Sciences, suggests these two compounds combined may become a therapeutic option to slow brain degeneration. Lead author M. Maral Mouradian, director of the Rutgers Robert Wood Johnson Medical School Institute for Neurological Therapeutics and William Dow Lovett Professor of Neurology, said prior research has shown that drinking coffee may reduce the risk of developing Parkinson’s disease. While caffeine has traditionally been credited as coffee’s special protective agent, coffee beans contain more than a thousand other compounds that are less well known. The Rutgers study focused on a fatty acid derivative of the neurotransmitter serotonin, called EHT (Eicosanoyl-5-hydroxytryptamide), found in the bean’s waxy coating. The researchers found that EHT protects the brains of mice against abnormal pro","New research suggests that coffee’s potential health benefits are about more than caffeine. Rutgers scientists have found a compound in coffee that may team up with caffeine to fight Parkinson’s disease and Lewy body dementia — two progressive and currently incurable diseases associated with brain degeneration. The discovery, recently published in the Proceedings of the National Academy of Sciences, suggests these two compounds combined may become a therapeutic option to slow brain degeneration. Lead author M. Maral Mouradian, director of the Rutgers Robert Wood Johnson Medical School Institute for Neurological Therapeutics and William Dow Lovett Professor of Neurology, said prior research has shown that drinking coffee may reduce the risk of developing Parkinson’s disease. While caffeine has traditionally been credited as coffee’s special protective agent, coffee beans contain more than a thousand other compounds that are less well known. The Rutgers study focused on a fatty acid derivative of the neurotransmitter serotonin, called EHT (Eicosanoyl-5-hydroxytryptamide), found in the bean’s waxy coating. The researchers found that EHT protects the brains of mice against abnormal pro",exact_duplicate|near_duplicate|semantic_duplicate|same_template_different_content|related_but_both_valuable|false_positive|unclear
,shard_00067.parquet:31442,shard_00153.parquet:14804,0.9405109882354736,3777,964,"Air pollution causes about 200,000 early deaths each year in the United States, according to a new study from the Massachusetts Institute of Technology (MIT). Researchers at MIT’s Laboratory for Aviation and the Environment, say emissions from road transportation are the leading single cause of pollution, contributing 53,000 premature deaths, and that electrical power generation causes another 52,000. “In the past five to 10 years, the evidence linking air-pollution exposure to risk of early death has really solidified and gained scientific and political traction,” says Steven Barrett, an assistant professor of aeronautics and astronautics at MIT. “There’s a realization that air pollution is a major problem in any city, and there’s a desire to do something about it.” Baltimore, Maryland, was the city with the highest emissions-related death rate in the United States, with 130 out of every 100,000 deaths likely caused by exposure to air pollution. According to Barrett, a person who dies from air-pollution causes typically dies about a decade earlier than he or she might have otherwise. The study was done using data from the Environmental Protection Agency’s National Emissions Invent","""Air pollution causes about 200,000 early deaths each year in the United States, according to a new study from the Massachusetts Institute of Technology (MIT)."" ""Researchers at MIT’s Laboratory for Aviation and the Environment, say emissions from road transportation are the leading single cause of pollution, contributing 53,000 premature deaths, and that electrical power generation causes another 52,000. 'In the past five to 10 years, the evidence linking air-pollution exposure to risk of early death has really solidified and gained scientific and political traction,' says Steven Barrett, an assistant professor of aeronautics and astronautics at MIT. 'There’s a realization that air pollution is a major problem in any city, and there’s a desire to do something about it.' Baltimore, Maryland, was the city with the highest emissions-related death rate in the United States, with 130 out of every 100,000 deaths likely caused by exposure to air pollution.""",exact_duplicate|near_duplicate|semantic_duplicate|same_template_different_content|related_but_both_valuable|false_positive|unclear
,shard_00149.parquet:5128,shard_00030.parquet:30985,1.0000001192092896,605,605,"Xanthus Russell SmithMarine, landscape, portrait, and historical painter. American , 1839-1929 was an American artist best known for his illustrations of the American Civil War. Born in Philadelphia, Smith served in the United States Navy during the war and depicted naval battles with a variety of media, including pencil and oil paint. His best known work (right) recreates the 1864 battle between the CSS Alabama and USS Kearsarge off Cherbourg, France. Smith did not actually participate in most of the battles he illustrated; instead, he generally consulted those who were present at the engagements.","Xanthus Russell SmithMarine, landscape, portrait, and historical painter. American , 1839-1929 was an American artist best known for his illustrations of the American Civil War. Born in Philadelphia, Smith served in the United States Navy during the war and depicted naval battles with a variety of media, including pencil and oil paint. His best known work (right) recreates the 1864 battle between the CSS Alabama and USS Kearsarge off Cherbourg, France. Smith did not actually participate in most of the battles he illustrated; instead, he generally consulted those who were present at the engagements.",exact_duplicate|near_duplicate|semantic_duplicate|same_template_different_content|related_but_both_valuable|false_positive|unclear
,shard_00064.parquet:19883,shard_00085.parquet:43678,1.0,3311,3311,"Data Analytics is a broad term and encompasses tools and techniques required to fiddle with large volume of data. A general misnomer is Data Analytics and Data Analysis are same. But in reality Analysis is a subset of Analytics. With this understanding we can formalize a definition of Data Analytics is as below: It is a process of obtaining valuable information from raw data using tools and techniques that gives business a clear and definitive understanding of what is going on. .. Data Analytics is a continuous process: As mentioned above, in Analytics we use lot of tools to instigate the automation process for collecting raw data. These tools are capable of cleaning and transforming the raw data before it is presented as report. Once these sets of tools are installed and deployed, they periodically fetch raw data and perform all the necessary steps and then generate reports. No manual intervention is thus required. Data analytics can be used on any size data collection, but as time goes on, companies can begin to collect big data or a large amount of data. Since methods can be used to forecast the future using historical data, analytics becomes more accurate. Data tools may gather","Data Analytics is a broad term and encompasses tools and techniques required to fiddle with large volume of data. A general misnomer is Data Analytics and Data Analysis are same. But in reality Analysis is a subset of Analytics. With this understanding we can formalize a definition of Data Analytics is as below: It is a process of obtaining valuable information from raw data using tools and techniques that gives business a clear and definitive understanding of what is going on. .. Data Analytics is a continuous process: As mentioned above, in Analytics we use lot of tools to instigate the automation process for collecting raw data. These tools are capable of cleaning and transforming the raw data before it is presented as report. Once these sets of tools are installed and deployed, they periodically fetch raw data and perform all the necessary steps and then generate reports. No manual intervention is thus required. Data analytics can be used on any size data collection, but as time goes on, companies can begin to collect big data or a large amount of data. Since methods can be used to forecast the future using historical data, analytics becomes more accurate. Data tools may gather",exact_duplicate|near_duplicate|semantic_duplicate|same_template_different_content|related_but_both_valuable|false_positive|unclear
,shard_00034.parquet:42952,shard_00083.parquet:24220,1.0000004768371582,18898,18898,"MENTAL ILLNESS – By the Numbers What is Mental Illness? A mental illness is a medical condition that disrupts a person’s thinking, feeling, mood, ability to relate to others and daily functioning. Just as diabetes is a disorder of the pancreas, mental illnesses are medical conditions that often result in a diminished capacity for coping with the ordinary demands of life. Serious mental illnesses include schizophrenia, bipolar disorder, major depression and schizoaffective disorder. Among other types of mental health conditions are obsessive-compulsive disorder (OCD), panic disorder, post-traumatic stress disorder (PTSD) and borderline personality disorder. The good news about mental illness is that recovery is possible. Mental illnesses can affect individuals of any age, race, religion or income. Mental illnesses are not the result of personal weakness, lack of character or poor upbringing. Mental illnesses are treatable. Most people diagnosed with a serious mental illness can experience relief from their symptoms by actively participating in an individual treatment plan. Common Myths About Mental Illness - The mentally ill are dangerous. - People with mental illness are mentally r","MENTAL ILLNESS – By the Numbers What is Mental Illness? A mental illness is a medical condition that disrupts a person’s thinking, feeling, mood, ability to relate to others and daily functioning. Just as diabetes is a disorder of the pancreas, mental illnesses are medical conditions that often result in a diminished capacity for coping with the ordinary demands of life. Serious mental illnesses include schizophrenia, bipolar disorder, major depression and schizoaffective disorder. Among other types of mental health conditions are obsessive-compulsive disorder (OCD), panic disorder, post-traumatic stress disorder (PTSD) and borderline personality disorder. The good news about mental illness is that recovery is possible. Mental illnesses can affect individuals of any age, race, religion or income. Mental illnesses are not the result of personal weakness, lack of character or poor upbringing. Mental illnesses are treatable. Most people diagnosed with a serious mental illness can experience relief from their symptoms by actively participating in an individual treatment plan. Common Myths About Mental Illness - The mentally ill are dangerous. - People with mental illness are mentally r",exact_duplicate|near_duplicate|semantic_duplicate|same_template_different_content|related_but_both_valuable|false_positive|unclear
,shard_00105.parquet:11401,shard_00158.parquet:44714,0.9856250882148743,859,760,"H.A. PrichardArticle Free Pass H.A. Prichard, in full Harold Arthur Prichard (born Oct. 30, 1871, London, Eng.—died Dec. 29, 1947, Oxford, Oxfordshire), English philosopher, one of the leading members of the Oxford intuitionist school of moral philosophy, which held that moral values are ultimate and irreducible and can be ascertained only through the use of intuition. Prichard spent most of his life teaching at the University of Oxford, where he was fellow of Hertford College from 1895 to 1898 and of Trinity College from 1898 to 1924. He was White professor of moral philosophy from 1928 to 1937. His principal works are Kant’s Theory of Knowledge (1909), Duty and Interest (1928), Moral Obligation (1949), and Knowledge and Perception (1950), the latter two edited by Sir W.D. Ross. Do you know anything more about this topic that you’d like to share?","H.A. Prichard, in full Harold Arthur Prichard, (born Oct. 30, 1871, London, Eng.—died Dec. 29, 1947, Oxford, Oxfordshire), English philosopher, one of the leading members of the Oxford intuitionist school of moral philosophy, which held that moral values are ultimate and irreducible and can be ascertained only through the use of intuition. Prichard spent most of his life teaching at the University of Oxford, where he was fellow of Hertford College from 1895 to 1898 and of Trinity College from 1898 to 1924. He was White professor of moral philosophy from 1928 to 1937. His principal works are Kant’s Theory of Knowledge (1909), Duty and Interest (1928), Moral Obligation (1949), and Knowledge and Perception (1950), the latter two edited by Sir W.D. Ross.",exact_duplicate|near_duplicate|semantic_duplicate|same_template_different_content|related_but_both_valuable|false_positive|unclear
,shard_00039.parquet:8449,shard_00130.parquet:20673,0.9439390897750854,6165,5956,"How many models can you find which obey these rules? Kate has eight multilink cubes. She has two red ones, two yellow, two green and two blue. She wants to fit them together to make a cube so that each colour shows on each face just once. What is the smallest cuboid that you can put in this box so that you cannot fit another that's the same into it? If you had 36 cubes, what different cuboids could you make? Let's say you can only use two different lengths - 2 units and 4 units. Using just these 2 lengths as the edges how many different cuboids can you make? How can you put five cereal packets together to make different shapes if you must put them face-to-face? How many shapes can you build from three red and two green cubes? Can you use what you've found out to predict the number for four red and two green? How can you arrange the 5 cubes so that you need the smallest number of Brush Loads of paint to cover them? Try with other numbers of cubes as well. Here are four cubes joined together. How many other arrangements of four cubes can you find? Can you draw them on dotty paper? Take 5 cubes of one colour and 2 of another colour. How many different ways can you join them if the 5 m","How can you arrange the 5 cubes so that you need the smallest number of Brush Loads of paint to cover them? Try with other numbers of cubes as well. What happens to the area of a square if you double the length of the sides? Try the same thing with rectangles, diamonds and other shapes. How do the four smaller ones fit into the larger one? 10 space travellers are waiting to board their spaceships. There are two rows of seats in the waiting room. Using the rules, where are they all sitting? Can you find all the possible ways? Choose a box and work out the smallest rectangle of paper needed to wrap it so that it is completely covered. This task, written for the National Young Mathematicians' Award 2016, involves open-topped boxes made with interlocking cubes. Explore the number of units of paint that are needed to cover the boxes. . . . Swap the stars with the moons, using only knights' moves (as on a chess board). What is the smallest number of moves possible? In how many ways can you fit two of these yellow triangles together? Can you predict the number of ways two blue triangles can be fitted together? Can you shunt the trucks so that the Cattle truck and the Sheep truck change pl",exact_duplicate|near_duplicate|semantic_duplicate|same_template_different_content|related_but_both_valuable|false_positive|unclear
,shard_00089.parquet:14665,shard_00111.parquet:13880,0.9999997615814209,10484,10484,"Surfer.safe: an online extension of parenthood The alarm rings and you get out of bed. Before doing anything else, you go into the kitchen to make a pot of coffee. Before getting dressed for the day, you sit down in your favourite chair, turn on the radio, and read about last night’s presidential debate. Interrupting your reading is a well-known sound, telling you that you have an e-mail concerning today’s meeting. You decide it is a sign for you to start your day, but first you want to confirm your date is still on for tonight, so you know what to wear. This short description illustrates just how online our everyday activities can be. You do not even need to leave your home to work, study, shop or socialize. Everyday life is moving towards the world of cyberspace with increasing online innovation and digitalisation. This does not only change the lives of adults. The youngest generations are today born into a world where an online presence has become normative. Increasingly, children learn, play and socialize through these tools (Livingstone & Das 1). Children today thus need to explore and learn about the world of internet, concurrently with exploring the world they live in. Altho","Surfer.safe: an online extension of parenthood The alarm rings and you get out of bed. Before doing anything else, you go into the kitchen to make a pot of coffee. Before getting dressed for the day, you sit down in your favourite chair, turn on the radio, and read about last night’s presidential debate. Interrupting your reading is a well-known sound, telling you that you have an e-mail concerning today’s meeting. You decide it is a sign for you to start your day, but first you want to confirm your date is still on for tonight, so you know what to wear. This short description illustrates just how online our everyday activities can be. You do not even need to leave your home to work, study, shop or socialize. Everyday life is moving towards the world of cyberspace with increasing online innovation and digitalisation. This does not only change the lives of adults. The youngest generations are today born into a world where an online presence has become normative. Increasingly, children learn, play and socialize through these tools (Livingstone & Das 1). Children today thus need to explore and learn about the world of internet, concurrently with exploring the world they live in. Altho",exact_duplicate|near_duplicate|semantic_duplicate|same_template_different_content|related_but_both_valuable|false_positive|unclear
,shard_00026.parquet:24613,shard_00117.parquet:19161,0.9818335771560669,4470,3860,"Wayne State University researchers seek to determine impacts of differential speed limits on state freeways DETROIT – Years of research have produced mixed views on whether different freeway speed limits for cars and trucks make roads safer, but Wayne State University researchers are taking a comprehensive approach to answering that question for state officials. Peter Savolainen, Ph.D., associate professor of civil and environmental engineering in the College of Engineering, recently received a one-year, $175,000 grant from the Michigan Department of Transportation (MDOT) to review previous research; survey trucking industry groups; collect historical and new field data from Michigan and other states; and use these data as part of a statistical analysis. Along with co-principal investigator Timothy Gates, Ph.D., WSU assistant professor of civil and environmental engineering, researchers will examine potential impacts of raising Michigan’s speed limit for trucks and buses. The results of the study, titled “Evaluating Differential and Non-Differential Freeway Truck and Bus Speed Limits,” will be delivered to MDOT officials, who ultimately will make policy recommendations based on the","Years of research have produced mixed views on whether different freeway speed limits for cars and trucks make roads safer, but Wayne State University researchers are taking a comprehensive approach to answering that question for state officials. Peter Savolainen, Ph.D., associate professor of civil and environmental engineering in the College of Engineering, recently received a one-year, $175,000 grant from the Michigan Department of Transportation to review previous research; survey trucking industry groups; collect historical and new field data from Michigan and other states; and use these data as part of a statistical analysis. Along with co-principal investigator Timothy Gates, Ph.D., WSU assistant professor of civil and environmental engineering, researchers will examine potential impacts of raising Michigan’s speed limit for trucks and buses. The results of the study, titled “Evaluating Differential and Non-Differential Freeway Truck and Bus Speed Limits,” will be delivered to Michigan DOT officials, who ultimately will make policy recommendations based on the study results. Differential speed limits, such as the ones in Michigan and Indiana, were set based on the idea that",exact_duplicate|near_duplicate|semantic_duplicate|same_template_different_content|related_but_both_valuable|false_positive|unclear
,shard_00145.parquet:50384,shard_00086.parquet:8318,0.9999995827674866,2282,2282,"Archive for January 2011 Everyone knows about penguins, but most people have never heard of plotoperids. Surely the main reason is that there are no plotopterids today. These birds are completely extinct, but for millions of years they filled a role as the “penguins” of the Northern Hemisphere. Plotopteridae is the scientific name for the small plotopterid family, which includes half a dozen species. All of these species were flightless diving birds, with flippers, short feet, and dense bones like those of penguins. We know precious little about their ecology, but they likely pursued fish, squid and shrimp through the water column. Like penguins, they would have needed to come ashore for molting feathers and laying eggs. Penguins occur only in the Southern Hemisphere, while plotopterids lived only in the Northern Hemisphere. Thus, even though ancient penguin species existed at the same time that plotopterids prospered, the two probably only met face to face in extremely rare occasions when cyclones or freak currents swept birds thousands of miles out of normal range. All plotopterid fossils discovered so far come from the Pacific Northwest states of Oregon and Washington or from Ja","Archive for January 2011 Everyone knows about penguins, but most people have never heard of plotoperids. Surely the main reason is that there are no plotopterids today. These birds are completely extinct, but for millions of years they filled a role as the “penguins” of the Northern Hemisphere. Plotopteridae is the scientific name for the small plotopterid family, which includes half a dozen species. All of these species were flightless diving birds, with flippers, short feet, and dense bones like those of penguins. We know precious little about their ecology, but they likely pursued fish, squid and shrimp through the water column. Like penguins, they would have needed to come ashore for molting feathers and laying eggs. Penguins occur only in the Southern Hemisphere, while plotopterids lived only in the Northern Hemisphere. Thus, even though ancient penguin species existed at the same time that plotopterids prospered, the two probably only met face to face in extremely rare occasions when cyclones or freak currents swept birds thousands of miles out of normal range. All plotopterid fossils discovered so far come from the Pacific Northwest states of Oregon and Washington or from Ja",exact_duplicate|near_duplicate|semantic_duplicate|same_template_different_content|related_but_both_valuable|false_positive|unclear
,shard_00041.parquet:25145,shard_00097.parquet:37990,0.9698203206062317,2977,1535,"Brazos River, river rising in eastern New Mexico and western Texas, U.S., on the Llano Estacado (“Staked Plain”) near Lubbock, Texas. The Brazos is the longest river in Texas. Its three main upper forks are the Double Mountain, Salt, and Clear forks. Formed from the confluence of the Double Mountain and Salt forks near the Caprock Escarpment, the Brazos proper flows generally southeast to Waco, one of the largest cities on the river. From Waco it crosses the Texas coastal plain to enter the Gulf of Mexico at Freeport after a course of about 1,280 miles (2,060 km). Navigable for much of its length, the Brazos also connects near its mouth with the Gulf Intracoastal Waterway. The river’s chief tributaries are the Paluxy, Little, and Navasota rivers. It drains an area of about 45,600 square miles (118,103 square km). The Possum Kingdom Dam (1940) and the Whitney Dam (1953) on the upper Brazos provide hydroelectric power, flood control, and irrigation for the cotton grown in the Brazos River valley. The lower river valley was a major site of early Anglo-American settlement in Texas, one of the first English-speaking colonies along the Brazos that was founded by Stephen F. Austin at San","Brazos River, river rising in eastern New Mexico and western Texas, U.S., on the Llano Estacado (“Staked Plain”) near Lubbock, Texas. The Brazos is the longest river in Texas. Its three main upper forks are the Double Mountain, Salt, and Clear forks. Formed from the confluence of the Double Mountain and Salt forks near the Caprock Escarpment, the Brazos proper flows generally southeast to Waco, one of the largest cities on the river. From Waco it crosses the Texas coastal plain to enter the Gulf of Mexico at Freeport after a course of about 1,280 miles (2,060 km). Navigable for much of its length, the Brazos also connects near its mouth with the Gulf Intracoastal Waterway. The river’s chief tributaries are the Paluxy, Little, and Navasota rivers. It drains an area of about 45,600 square miles (118,103 square km). The Possum Kingdom Dam (1940) and the Whitney Dam (1953) on the upper Brazos provide hydroelectric power, flood control, and irrigation for the cotton grown in the Brazos River valley. The lower river valley was a major site of early Anglo-American settlement in Texas, one of the first English-speaking colonies along the Brazos that was founded by Stephen F. Austin at San",exact_duplicate|near_duplicate|semantic_duplicate|same_template_different_content|related_but_both_valuable|false_positive|unclear
,shard_00029.parquet:7085,shard_00081.parquet:18431,0.9381747841835022,826,980,"|Search This Record Series:| The Washington Territorial Legislature created Wahkiakum County on April 25, 1854. It is named after a local Native American chief, Wahkiakum, which means “tall timber.” There are 56 names listed on this census. For information about this census, email the Washington State Library at email@example.com. Database: 1857 Wahkiakum County Census. ONLINE. 2003. Washington Secretary of State. Transcribed and Proofread by Jacky Rudeen, Olympia, Washington. Final Proofreading by Marlys Rudeen, Washington State Library. Available Online: http://www.digitalarchives.wa.gov Source: Assessment and Census rolls, Washington Territory, 1857 and 1860 [microform] / compiled by the county assesors. Olympia: Washington State Library, 1 microfilm reel; 35 mm. http://cals.evergreen.edu/search~2/o41704563?For","|Search This Record Series:| The Washington Territorial Legislature created Wahkiakum County on April 25, 1854. It is named after a local Native American chief, Wahkiakum, which means “tall timber.” There are 166 names listed on this census. For more information about this index, email the Historical Records Project at email@example.com For additional information, contact the Washington State Archives Southwest Branch at: firstname.lastname@example.org 1871 Wahkiakum County Census. Online 2004. Updated 2008. Washington Secretary of State. Transcribed by Sandi Carter, Roy, Washington. Proofread by Karen Johnson, Chehalis, Washington. Available Online : http://www.digitalarchives.wa.gov Source: Washington Territory census rolls [microform] / as compiled by the county assessors. Olympia: Washington State Archives, 20 microfilm reels; 35 mm. http://cals.evergreen.edu/search~2/o41724881?For Original census material held by the Washington State Archives Southwest Branch.",exact_duplicate|near_duplicate|semantic_duplicate|same_template_different_content|related_but_both_valuable|false_positive|unclear
,shard_00089.parquet:15282,shard_00163.parquet:38802,0.9816058278083801,6303,5862,"Headaches are one of the most common challenges after a concussion. They can also be present after brain injury. They can be debilitating, frustrating, and be a long-term effect for your friend or family member. It can be helpful to understand headaches, the potential causes, and how to help the person manage them. Topics in this section include: - Causes of headaches - Diagnosing headaches - Types of headaches - Tips for managing headaches without medication Causes of headaches Headaches can be triggered by a variety of causes. - Damage to the brain or nerves - Pain due to neck or muscle - Fatigue/lack of sleep If your friend or family member is experiencing any headaches after their brain injury, you should share this information with their doctor. These headaches could be related to other brain injury symptoms that may need medical attention . To help keep track of headaches, they can use this printable headache diary from the Ontario Neurotrauma Foundation. This headache diary will help doctors work with the patient to determine treatment by tracking the length, severity and time of headaches as well as other important factors. Types of headaches Headaches come in a variety of","Headaches are one of the most common challenges after a concussion. They can also be present after brain injury. They can be debilitating, frustrating, and be a long-term effect for your friend or family member. It can be helpful to understand headaches, the potential causes, and how to help the person manage them. Topics in this section include: - Causes of headaches - Diagnosing headaches - Types of headaches - Tips for managing headaches without medication Headaches can be triggered by a variety of causes. - Damage to the brain or nerves - Pain due to neck or muscle - Fatigue/lack of sleep If your friend or family member is experiencing any headaches after their brain injury, you should share this information with their doctor. These headaches could be related to other brain injury symptoms that may need medical attention . Headaches come in a variety of types. While they are all true to their name, they can cause different effects. - Tension headaches - Tension headaches often feel like a tight, squeezing sensation that can last for long periods of time. They can cause mild to moderate levels of pain. They are the most common type of headaches for all adults and do occur often",exact_duplicate|near_duplicate|semantic_duplicate|same_template_different_content|related_but_both_valuable|false_positive|unclear
,shard_00161.parquet:45661,shard_00110.parquet:41875,1.0000003576278687,10961,10961,"Where did Hohokam culture come from? To the first scientists who asked this question, the Hohokam seemed to appear in Arizona quite suddenly with the ability to build sophisticated irrigation system to water their crops. Early archaeologists proposed that Hohokam culture developed in Mexico and moved into what is now Arizona. In the 1990s, a major archaeological dig along the Santa Cruz River in Tucson resulted in a startling discovery. Archaeologists identified a culture and people that were ancestors of the Hohokam. Called the Early Agricultural Period, this early group grew corn, lived in sedentary villages all year round and developed sophisticated irrigation canals. This group might have occupied southern Arizona as early as 2000 BC! Originating as archaic hunters and gatherers who lived on wild plants and animals, these peoples settled in permanent communities and produced their own food instead of living a more mobile life and gathering what nature provided. Omar Turney map of 1929 showing prehistoric irrigation canals north and south of the Salt River in the Phoenix area. Carla Booker and Alexandra Howard recording a prehistoric canal exposed in a trench at the Riverview de","Where did Hohokam culture come from? To the first scientists who asked this question, the Hohokam seemed to appear in Arizona quite suddenly with the ability to build sophisticated irrigation system to water their crops. Early archaeologists proposed that Hohokam culture developed in Mexico and moved into what is now Arizona. In the 1990s, a major archaeological dig along the Santa Cruz River in Tucson resulted in a startling discovery. Archaeologists identified a culture and people that were ancestors of the Hohokam. Called the Early Agricultural Period, this early group grew corn, lived in sedentary villages all year round and developed sophisticated irrigation canals. This group might have occupied southern Arizona as early as 2000 BC! Originating as archaic hunters and gatherers who lived on wild plants and animals, these peoples settled in permanent communities and produced their own food instead of living a more mobile life and gathering what nature provided. Omar Turney map of 1929 showing prehistoric irrigation canals north and south of the Salt River in the Phoenix area. Carla Booker and Alexandra Howard recording a prehistoric canal exposed in a trench at the Riverview de",exact_duplicate|near_duplicate|semantic_duplicate|same_template_different_content|related_but_both_valuable|false_positive|unclear
,shard_00038.parquet:24726,shard_00148.parquet:37738,1.0000007152557373,4558,4558,"The fat or adipose tissue has many functions, damps some sensitive areas of your body (mammary gland), stores energy and regulates body temperature. This latter function is carried out by brown or brown fat, which is named for its darker tone; produces 20% of body heat, burns energy to raise its temperature when it is cold. Brown fat or brown fat is your great ally to lose weight because its function is to burn energy (calories) to raise the body temperature when it is cold. What Is Brown Fat Or Brown Fat? Until recently when talking about body fat, you imagined that it referred to the fat that accumulates in certain parts of your body, usually waist, belly and hips and that is unflattering. Today we know that not all the fat you have is bad. This brown fat or brown fat was believed to be present only in newborns, but it is now confirmed that adults have about 100 g in the clavicular and intervertebral area, to the point of considering it as “one more organ.” Today it is known that brown fat helps to regulate weight and blood sugar , this aspect looks promising for overweight people and type 2 diabetes. You may also like to read : Are You Still Smoking? 7 Impacts Of This Bad Habit","The fat or adipose tissue has many functions, damps some sensitive areas of your body (mammary gland), stores energy and regulates body temperature. This latter function is carried out by brown or brown fat, which is named for its darker tone; produces 20% of body heat, burns energy to raise its temperature when it is cold. Brown fat or brown fat is your great ally to lose weight because its function is to burn energy (calories) to raise the body temperature when it is cold. What Is Brown Fat Or Brown Fat? Until recently when talking about body fat, you imagined that it referred to the fat that accumulates in certain parts of your body, usually waist, belly and hips and that is unflattering. Today we know that not all the fat you have is bad. This brown fat or brown fat was believed to be present only in newborns, but it is now confirmed that adults have about 100 g in the clavicular and intervertebral area, to the point of considering it as “one more organ.” Today it is known that brown fat helps to regulate weight and blood sugar , this aspect looks promising for overweight people and type 2 diabetes. You may also like to read : Are You Still Smoking? 7 Impacts Of This Bad Habit",exact_duplicate|near_duplicate|semantic_duplicate|same_template_different_content|related_but_both_valuable|false_positive|unclear
,shard_00062.parquet:24252,shard_00153.parquet:33026,0.9999995827674866,1296,1296,"miniaturize electronic equipment. PRINTED CIRCUIT BOARD - a flat, insulating surface upon which printed wiring and miniaturized components are connected in a predetermined design and attached to a CB. - an assembly technique in which PCBs are stacked connected together to form a module. This technique increases the packaging density of circuit components and results in a considerable reduction in the size of electronic equipment. INTEGRATED CIRCUIT - a device that integrates (combines) both active components (transistors, diodes, and so on) and passive components (resistors, capacitors, and so on) of a complete electronic circuit in a single chip. INTEGRATED CIRCUIT BOARD - a plastic card on which ICs (chips) are TWO BASIC TYPES OF ICs two basic types are the hybrid and the monolithic. IN THE MONOLITHIC IC - all elements (resistors, transistors, and so on) associated with the circuit are fabricated inseparably with a continuous piece of material (called the substrate). IN THE HYBRID IC - the passive components (resistors and capacitors) are deposited onto a substrate (foundation) made of glass, ceramic, or other insulating material. Then the active components (diodes and transistor","miniaturize electronic equipment. PRINTED CIRCUIT BOARD - a flat, insulating surface upon which printed wiring and miniaturized components are connected in a predetermined design and attached to a CB. - an assembly technique in which PCBs are stacked connected together to form a module. This technique increases the packaging density of circuit components and results in a considerable reduction in the size of electronic equipment. INTEGRATED CIRCUIT - a device that integrates (combines) both active components (transistors, diodes, and so on) and passive components (resistors, capacitors, and so on) of a complete electronic circuit in a single chip. INTEGRATED CIRCUIT BOARD - a plastic card on which ICs (chips) are TWO BASIC TYPES OF ICs two basic types are the hybrid and the monolithic. IN THE MONOLITHIC IC - all elements (resistors, transistors, and so on) associated with the circuit are fabricated inseparably with a continuous piece of material (called the substrate). IN THE HYBRID IC - the passive components (resistors and capacitors) are deposited onto a substrate (foundation) made of glass, ceramic, or other insulating material. Then the active components (diodes and transistor",exact_duplicate|near_duplicate|semantic_duplicate|same_template_different_content|related_but_both_valuable|false_positive|unclear
,shard_00039.parquet:51117,shard_00147.parquet:50359,0.9999996423721313,6728,6728,"Nearly 10,300 more McHenry County residents now live in poverty than four years ago, a “creeping poverty” trend that many local and statewide experts say is widespread among the Chicago suburbs. The economic downturn, escalating costs of living, sluggish wages and job loss have pounded many living and working in Chicago’s more affluent collar counties, including McHenry, Lake, DuPage, Kane and Will. According to the Social IMPACT Research Center – a division of the Heartland Alliance that releases an annual statewide report on poverty – living below the poverty line is defined by an income of $11,484 for an individual; $14,657 for a family of two; $17,916 for a family of three; and $23,021 for a family of four. In 2007, individuals throughout McHenry County living below the poverty line stood at 5.7 percent, an annual U.S. Census survey of areas with 65,000-plus population found. That percentage in 2011 swelled to 9.2 percent, totaling 28,226 residents. “There is a crisis here. People can’t afford to live where they are living,” said Jerry Monica, Habitat for Humanity of McHenry County’s executive director. “There is a creeping poverty that exists. It’s the lousy economy. It is hur","Nearly 10,300 more McHenry County residents now live in poverty than four years ago, a “creeping poverty” trend that many local and statewide experts say is widespread among the Chicago suburbs. The economic downturn, escalating costs of living, sluggish wages and job loss have pounded many living and working in Chicago’s more affluent collar counties, including McHenry, Lake, DuPage, Kane and Will. According to the Social IMPACT Research Center – a division of the Heartland Alliance that releases an annual statewide report on poverty – living below the poverty line is defined by an income of $11,484 for an individual; $14,657 for a family of two; $17,916 for a family of three; and $23,021 for a family of four. In 2007, individuals throughout McHenry County living below the poverty line stood at 5.7 percent, an annual U.S. Census survey of areas with 65,000-plus population found. That percentage in 2011 swelled to 9.2 percent, totaling 28,226 residents. “There is a crisis here. People can’t afford to live where they are living,” said Jerry Monica, Habitat for Humanity of McHenry County’s executive director. “There is a creeping poverty that exists. It’s the lousy economy. It is hur",exact_duplicate|near_duplicate|semantic_duplicate|same_template_different_content|related_but_both_valuable|false_positive|unclear
,shard_00119.parquet:13344,shard_00110.parquet:8181,1.000000238418579,1022,1022,"For many educators, teaching is much more than a job – it’s a vocation. So often, we hear committed educators referencing the ‘passion’ they have for working with kids and guiding young lives. Of course, passion should be embraced. It is a powerful intrinsic motivator that is connected into our brain’s doperminergic reward system. It feels wonderful when we are able to successfully pursue our passion. And when our passion is coupled, not to money or other extrinsic goal, but to our ‘why’ – our sense of purpose – then it is doubly rewarding. …And because of this, we need to be very careful with our passions. The 12th century latin origin of the word ‘passion’ is “passio” – which literally means “suffering”. Passions, like any dopamine-inducing substance or activity, can become obsessive and can easily cause harm to ourselves, to others, or to our relationships – if we don’t keep them in check. So if you are passionate about education, perhaps think of that as both a delightful blessing and a potential curse.","For many educators, teaching is much more than a job – it’s a vocation. So often, we hear committed educators referencing the ‘passion’ they have for working with kids and guiding young lives. Of course, passion should be embraced. It is a powerful intrinsic motivator that is connected into our brain’s doperminergic reward system. It feels wonderful when we are able to successfully pursue our passion. And when our passion is coupled, not to money or other extrinsic goal, but to our ‘why’ – our sense of purpose – then it is doubly rewarding. …And because of this, we need to be very careful with our passions. The 12th century latin origin of the word ‘passion’ is “passio” – which literally means “suffering”. Passions, like any dopamine-inducing substance or activity, can become obsessive and can easily cause harm to ourselves, to others, or to our relationships – if we don’t keep them in check. So if you are passionate about education, perhaps think of that as both a delightful blessing and a potential curse.",exact_duplicate|near_duplicate|semantic_duplicate|same_template_different_content|related_but_both_valuable|false_positive|unclear
,shard_00109.parquet:49633,shard_00112.parquet:29898,0.996344268321991,4750,4762,"|View Source Chart by Jennifer Madden| What Why & How At its core, the tool's visualization is an interface for analyzing information; alternative applications with other types of data are possible. A Picture Says A Thousand Words Source Charts express plainly the most amount of information possible within the current viewport. Since eyesight is the most efficient way for the human brain to process large amounts of information, visual cues which convey code structure and tag information enables the brain to take in the maximum amount of information in minimal time. In the screenshot to the left, you can tell immediately how deeply nested the span tag is. You can even tell the types of tags its ancestors are. All without scrolling or reading a single tag. It's Better Because... Whitespace is both an inefficient and inaccurate way to navigate the DOM. One example of how whitespace fails humans is demonstrated in the Apple February 2014 SSL/TLS bug. Typical browser ""View-Source"" Theatre of the absurd, anyone? Using View Source Chart bookmarklet (VSCb) is very easy - click the bookmark to launch, and click individual containers to collapse and expand pieces of the page DOM. Hovering yo","|View Source Chart bookmarklet by Jennifer Madden| What Why & How At its core, the tool's visualization is an interface for analyzing information; alternative applications with other types of data are possible. A Picture Says A Thousand Words Source Charts express plainly the most amount of information possible within the current viewport. Since eyesight is the most efficient way for the human brain to process large amounts of information, visual cues which convey code structure and tag information enables the brain to take in the maximum amount of information in minimal time. In the screenshot to the left, you can tell immediately how deeply nested the span tag is. You can even tell the types of tags its ancestors are. All without scrolling or reading a single tag. It's Better Because... Whitespace is both an inefficient and inaccurate way to navigate the DOM. One example of how whitespace fails humans is demonstrated in the Apple February 2014 SSL/TLS bug. Typical browser ""View-Source"" Theatre of the absurd, anyone? Using View Source Chart bookmarklet (VSCb) is very easy - click the bookmark to launch, and click individual containers to collapse and expand pieces of the page DOM.",exact_duplicate|near_duplicate|semantic_duplicate|same_template_different_content|related_but_both_valuable|false_positive|unclear
,shard_00148.parquet:22090,shard_00080.parquet:28835,0.9999997615814209,21770,21770,"The Nude The Western nude, a longstanding tradition reflecting a male-dominated culture, is one of the themes that has been mined by European artists to define themselves and their world. In the Renaissance, artists revived the classical tradition of representing the nude, inspired by the discovery of ancient Greek and Roman sculpture, as well as a new scientific interest in nature and anatomy. Initially, the Renaissance nude was presented in historical, mythological, or religious contexts, as seen here in paintings by Pieter Pourbous and Lucas Cranach. The revival of the classical nude continued almost uninterrupted through the nineteenth century, when Realist masters began to remove the naked body from its historical context. Male artists nevertheless continued to portray the female nude, in particular, as an object of desire. By the early twentieth century, following two world wars, European avant-garde artists fully broke from classical tradition, emphasizing formal experimentation and psychology in the modern nude. Two Portraits of the Ballerina Eugenie Fiocre Eugénie Fiocre (1845–1908) became one of the most accomplished ballerinas of the nineteenth century, renowned for her","The Nude The Western nude, a longstanding tradition reflecting a male-dominated culture, is one of the themes that has been mined by European artists to define themselves and their world. In the Renaissance, artists revived the classical tradition of representing the nude, inspired by the discovery of ancient Greek and Roman sculpture, as well as a new scientific interest in nature and anatomy. Initially, the Renaissance nude was presented in historical, mythological, or religious contexts, as seen here in paintings by Pieter Pourbous and Lucas Cranach. The revival of the classical nude continued almost uninterrupted through the nineteenth century, when Realist masters began to remove the naked body from its historical context. Male artists nevertheless continued to portray the female nude, in particular, as an object of desire. By the early twentieth century, following two world wars, European avant-garde artists fully broke from classical tradition, emphasizing formal experimentation and psychology in the modern nude. Two Portraits of the Ballerina Eugenie Fiocre Eugénie Fiocre (1845–1908) became one of the most accomplished ballerinas of the nineteenth century, renowned for her",exact_duplicate|near_duplicate|semantic_duplicate|same_template_different_content|related_but_both_valuable|false_positive|unclear
,shard_00009.parquet:8616,shard_00168.parquet:47437,1.000000238418579,1673,1673,"Call it a solution to drinking habit, a vaccine mainly for alcoholics, whose drinking habit has refused to go away, has been developed by a research team from the Cell Dynamics and Biotechnology Department of the University of Chile. The team led by the director of the Department, Dr. Juan Asenjo said the new vaccine for alcoholics induces a hangover the moment any alcohol is introduced into their system, as naturally alcoholics do not like to experience hangover given the pain and discomfort they experience. Although, the new vaccine is seen as a way of kicking the habit of alcohol consumption by alcoholics, it could also be better used as an on-going deterrent rather than a way of stopping alcoholics from drinking in the first place because the effects of alcohol withdrawal may be much worse than having a bad hangover. Hangover is usually caused by the compound acetaldehyde, and it is produced by the liver when dealing with alcohol before it is broken down and metabolised by an enzyme. The vaccine stops the enzyme doing its job, resulting in the person very quickly feeling sick and uncomfortable, as if they have a hangover. Further drinking will just make the feeling worse or at","Call it a solution to drinking habit, a vaccine mainly for alcoholics, whose drinking habit has refused to go away, has been developed by a research team from the Cell Dynamics and Biotechnology Department of the University of Chile. The team led by the director of the Department, Dr. Juan Asenjo said the new vaccine for alcoholics induces a hangover the moment any alcohol is introduced into their system, as naturally alcoholics do not like to experience hangover given the pain and discomfort they experience. Although, the new vaccine is seen as a way of kicking the habit of alcohol consumption by alcoholics, it could also be better used as an on-going deterrent rather than a way of stopping alcoholics from drinking in the first place because the effects of alcohol withdrawal may be much worse than having a bad hangover. Hangover is usually caused by the compound acetaldehyde, and it is produced by the liver when dealing with alcohol before it is broken down and metabolised by an enzyme. The vaccine stops the enzyme doing its job, resulting in the person very quickly feeling sick and uncomfortable, as if they have a hangover. Further drinking will just make the feeling worse or at",exact_duplicate|near_duplicate|semantic_duplicate|same_template_different_content|related_but_both_valuable|false_positive|unclear
,shard_00120.parquet:52710,shard_00125.parquet:45612,0.9678075313568115,2009,1759,"Middle School Math HD Middle School Math HD has been tailor-made for today's iPad equipped classroom. Teacher-created and student-approved, the application is a testament to the iPad's powerful future in education. The age of worksheets is over. The experienced educators behind Interactive Elementary understand that learning follows from engagement, and they have designed Middle School Math HD to offer opportunities for student engagement at every turn. Stretching the full gamut of a well-rounded mathematics curriculum, the eight modules in Middle School Math HD truly push the boundaries of interactive learning. Middle School Math HD is perfect for the classroom, but it's also a powerful tool for parents seeking the inside track for their 11-14 year old child. Here's what's included: Ordering Numbers - Practice ordering fractions, decimal numbers and integers by jabbing crabs. Data Magnet - Create surveys and then question your friends before generating graphs to display your data. Pinpoint Plotter - Plot a series of coordinates on a Cartesian Plane to form one of eight animals. Place Value - Read numbers and then drag digits to their correct position on a place value chart. The Al","Middle School Math HD iOS iPad Education Middle School Math HD has been tailor-made for today's iPad equipped classroom. Teacher-created and student-approved, the application is a testament to the iPad's powerful future in education. The age of worksheets is over. The experienced educators behind Interactive Elementary understand that learning follows from engagement, and they have designed Middle School Math HD to offer opportunities for student engagement at every turn. Stretching the full gamut of a well-rounded mathematics curriculum, the eight modules in Middle School Math HD truly push the boundaries of interactive learning. Middle School Math HD is perfect for the classroom, but it's also a powerful tool for parents seeking the inside track for their 11-14 year old child. Here's what's included: Ordering Numbers - Practice ordering fractions, decimal numbers and integers by jabbing crabs. Data Magnet - Create surveys and then question your friends before generating graphs to display your data. Pinpoint Plotter - Plot a series of coordinates on a Cartesian Plane to form one of eight animals. Place Value - Read numbers and then drag digits to their correct position on a place",exact_duplicate|near_duplicate|semantic_duplicate|same_template_different_content|related_but_both_valuable|false_positive|unclear
,shard_00016.parquet:50153,shard_00059.parquet:49446,0.9365242123603821,5231,5196,"on orders of $85 or more An excerpt from www.HouseOfNames.com archives copyright © 2000 - 2015 Where did the German Moser family come from? What is the German Moser family crest and coat of arms? When did the Moser family first arrive in the United States? Where did the various branches of the family go? What is the Moser family history? Spelling variations of this family name include: Moser, Mosier, Moeser, Moesier, Mosser, Mozer and others. First found in Swabia, where the name became noted for its many branches within the region, each house acquiring a status and influence which was envied and enrolled by the princes of the region. Chronicles first mention Rudolph in dem mose of Wuerttemberg in 1269, and Hainrich in dem Mos of Tyrol in 1379. In their later history the family became a power unto themselves and were elevated to the ranks of nobility as their influence grew. This web page shows only a small excerpt of our Moser research. Another 361 words (26 lines of text) covering the years 1482, 1534, 1558, 1573, 1574, 1606, 1701, 1715, 1759, 1764, 1765, 1785, and 1818 are included under the topic Early Moser History in all our PDF Extended History products. Another 57 words (4","100% SATISFACTION GUARANTEE - no headaches! An excerpt from www.HouseOfNames.com archives copyright © 2000 - 2015 Where did the German Moser family come from? What is the German Moser family crest and coat of arms? When did the Moser family first arrive in the United States? Where did the various branches of the family go? What is the Moser family history? Spelling variations of this family name include: Moser, Mosier, Moeser, Moesier, Mosser, Mozer and others. First found in Swabia, where the name became noted for its many branches within the region, each house acquiring a status and influence which was envied and enrolled by the princes of the region. Chronicles first mention Rudolph in dem mose of Wuerttemberg in 1269, and Hainrich in dem Mos of Tyrol in 1379. In their later history the family became a power unto themselves and were elevated to the ranks of nobility as their influence grew. This web page shows only a small excerpt of our Moser research. Another 361 words (26 lines of text) covering the years 1482, 1534, 1558, 1573, 1574, 1606, 1701, 1715, 1759, 1764, 1765, 1785, and 1818 are included under the topic Early Moser History in all our PDF Extended History products. A",exact_duplicate|near_duplicate|semantic_duplicate|same_template_different_content|related_but_both_valuable|false_positive|unclear
,shard_00126.parquet:34808,shard_00120.parquet:25720,1.0000003576278687,1702,1702,"mzamora at REX.RE.uokhsc.edu Thu Feb 20 03:52:03 EST 1997 I agree. Excellent topic. Regarding to human RNA virus infection, there are a number of virus that can cause persistent infection. One of them is Poliovirus. Very little is known about how the persistant infection originates. In some cases poliovirus can follow a different route of infection and develop a different disease (the well known neurological disease caused by polio versus the gastrointestinal infection). However, there is no data on how this happens and why. Also, no every person infected with polio develops a persistant infection. Is the route followed by the virus important? Also, why is virus dormant for many years and then gets activated? By what? In the lab, we can get persistant infections with poliovirus but only with some cell types. There is some data suggesting some correlations between specific mutations and the ability to cause persistant infection, however this is still an open question. What happens inside the cell is still a mystery. In the lab, the infections seems to procede in the initial stages of the infection as usual, but then the translation and replication rates drop. In a normal infection,","mzamora at REX.RE.uokhsc.edu Thu Feb 20 03:52:03 EST 1997 I agree. Excellent topic. Regarding to human RNA virus infection, there are a number of virus that can cause persistent infection. One of them is Poliovirus. Very little is known about how the persistant infection originates. In some cases poliovirus can follow a different route of infection and develop a different disease (the well known neurological disease caused by polio versus the gastrointestinal infection). However, there is no data on how this happens and why. Also, no every person infected with polio develops a persistant infection. Is the route followed by the virus important? Also, why is virus dormant for many years and then gets activated? By what? In the lab, we can get persistant infections with poliovirus but only with some cell types. There is some data suggesting some correlations between specific mutations and the ability to cause persistant infection, however this is still an open question. What happens inside the cell is still a mystery. In the lab, the infections seems to procede in the initial stages of the infection as usual, but then the translation and replication rates drop. In a normal infection,",exact_duplicate|near_duplicate|semantic_duplicate|same_template_different_content|related_but_both_valuable|false_positive|unclear
,shard_00100.parquet:34134,shard_00165.parquet:50171,0.9439767003059387,9326,15297,"Retinoblastoma is an eye cancer that begins in the retina — the sensitive lining on the inside of your eye. Retinoblastoma most commonly affects young children, but can rarely occur in adults. CLICK & SEE THE PICTURES Our retina is made up of nerve tissue that senses light as it comes through the front of your eye. The retina sends signals through your optic nerve to your brain, where these signals are interpreted as images. A rare form of eye cancer, retinoblastoma is the most common form of cancer affecting the eye in children. Retinoblastoma may occur in one or both eyes. In the developed world, Rb has one of the best cure rates of all childhood cancers (95-98%), with more than nine out of every ten sufferers surviving into adulthood. Retinoblastoma is rare and affects approximately 1 in 15,000 live births. In the UK, around 40 to 50 new cases are diagnosed each year. Most children are diagnosed before the age of five years old. In the UK, bilateral cases usually present within the first year with the average age at diagnosis being 9 months. Diagnosis of unilateral cases peaks between 24 and 30 months. There are two forms of the disease; a heritable form and non-heritable form (","Retinoblastoma (Rb) is a rapidly developing cancer that develops from the immature cells of a retina, the light-detecting tissue of the eye and is the most common malignant tumor of the eye in children . Retinoblastoma presents with cumulative lifetime incidence rate of 18000 to 30000 live births worldwide. A higher incidence is noted in developing countries, this has been implicated to lower socioeconomic status and the presence of human papilloma virus sequences in the retinoblastoma tissue. In the developed world, Rb has one of the best cure rates of all childhood cancers (95-98%), with more than nine out of every ten sufferers surviving into adulthood. In the UK, around 40 to 50 new cases are diagnosed each year. Almost 80% of children with retinoblastoma are diagnosed before 3 years of age and diagnosis in children above 6 years of age is extremely rare. In the UK, bilateral cases usually present within 14–16 months, while diagnosis of unilateral cases peaks between 24 and 30 months. There are two forms of the disease, a heritable form and non-heritable form (all cancers are considered genetic in that mutations of the genome are required for their development, but this does no",exact_duplicate|near_duplicate|semantic_duplicate|same_template_different_content|related_but_both_valuable|false_positive|unclear
,shard_00054.parquet:27239,shard_00125.parquet:13197,0.9375982880592346,51430,22897,"|Emperor of the Qing dynasty| |Reign||27 December 1722 – 8 October 1735| |Prince Yong of the First Rank| |Born||Aisin Gioro Yinzhen| 13 December 1678 (康熙十七年 十月 三十日) Yonghe Palace, Forbidden City |Died||8 October 1735 56) (aged| (雍正十三年 八月 二十三日) Jiuzhou Qingyan Hall, Old Summer Palace Tai Mausoleum, Western Qing tombs (m. 1691;died 1731) |Issue|| Hongshi | Hongli, Qianlong Emperor Hongzhou, Prince Hegong of the First Rank Hongyan, Prince Guogong of the Second Rank Princess Huaike of the Second Rank |Father||Xuanye, Kangxi Emperor| |Mother||Empress Xiaogongren of the Uya clan| The Yongzheng Emperor (13 December 1678 –8 October 1735),named Yinzhen at birth,was the fourth Emperor of the Qing dynasty,and the third Qing emperor to rule over China proper. He reigned from 1722 to 1735. A hard-working ruler,the Yongzheng Emperor's main goal was to create an effective government at minimal expense. Like his father,the Kangxi Emperor,the Yongzheng Emperor used military force to preserve the dynasty's position. Although Yongzheng's reign was much shorter than that of both his father (the Kangxi Emperor) and his son (the Qianlong Emperor),the Yongzheng era was a period of peace and prosperity. T","The Yongzheng Emperor ( 雍正 born Yinzhen 胤禛) (December 13, 1678 - October 8, 1735) was the fourth emperor of the Manchu Qing Dynasty, and the third Qing emperor to rule over China, from 1722 to 1735. Historical information about the Yonzheng Emperor includes extensive debates about his ascension to the throne. His father, the Kangxi Emperor left fourteen sons and no designated heir; many accounts suggest Yongzheng usurped the throne from his younger brother Yinti, and portray him as a despot. - 1 Background - 2 The Prince Yong - 3 Disputed Succession to the Throne - 4 Reign over China - 5 Death - 6 The Yongzheng Emperor and art - 7 Yongzheng and Catholicism - 8 Family - 9 Modern media - 10 Notes - 11 References - 12 Credits Though he is less well-known than the Kangxi Emperor and his son, the Qianlong Emperor( 乾隆), the Yongzheng Emperor’s thirteen-year rule was efficient and vigorous. During his reign, the Qing administration was centralized and reforms were instituted which ensured the Kangqian Period of Harmony, a period of continued development in China. He disliked corruption and punished officials severely when they were found guilty of the offense. Yongzheng reformed the fisca",exact_duplicate|near_duplicate|semantic_duplicate|same_template_different_content|related_but_both_valuable|false_positive|unclear
,shard_00080.parquet:2973,shard_00063.parquet:17247,0.9999999403953552,6702,6702,"The drawback of drop Drop (or relative height, or prominence) is now a widely-used concept. It's a simple way to quantify the 'sticking-upness' of a peak - so simple, you just have to count it. However, it applies the same measure to a 200m lump as it does to a 1200m mountain. The logical progression is therefore to divide the drop by the height, to get drop as a proportion of height. A new measure! I called this concept 'relative relative height', or more simply relative drop when I first used it in a list in March 2002. It means that a 1000m mountain with 200m of drop has a relative drop of 20%. A 600m mountain would be equivalent in relative drop terms if it had 120m of drop. Figure 1 shows relative drop alongside the two most commonly used measures: height and drop. Height is on one axis and drop is on the other. All peaks have a certain height and a certain drop and can therefore be plotted on this graph. Along the 45 degree line, height equals drop. All peaks which have no higher peak reachable except by dropping to sea level - all island high-points - will be on this line. It's impossible (in the absence of quarrying) for a peak's drop to be greater than its height, so no pe","The drawback of drop Drop (or relative height, or prominence) is now a widely-used concept. It's a simple way to quantify the 'sticking-upness' of a peak - so simple, you just have to count it. However, it applies the same measure to a 200m lump as it does to a 1200m mountain. The logical progression is therefore to divide the drop by the height, to get drop as a proportion of height. A new measure! I called this concept 'relative relative height', or more simply relative drop when I first used it in a list in March 2002. It means that a 1000m mountain with 200m of drop has a relative drop of 20%. A 600m mountain would be equivalent in relative drop terms if it had 120m of drop. Figure 1 shows relative drop alongside the two most commonly used measures: height and drop. Height is on one axis and drop is on the other. All peaks have a certain height and a certain drop and can therefore be plotted on this graph. Along the 45 degree line, height equals drop. All peaks which have no higher peak reachable except by dropping to sea level - all island high-points - will be on this line. It's impossible (in the absence of quarrying) for a peak's drop to be greater than its height, so no pe",exact_duplicate|near_duplicate|semantic_duplicate|same_template_different_content|related_but_both_valuable|false_positive|unclear
,shard_00053.parquet:27235,shard_00118.parquet:25261,0.9999998211860657,647,647,"This image of Langston Hughes (1902 to 1967) was taken by Gordon Parks in 1943 and copied from the Library of Congress. Langston Hughes was one of the major figures of the Harlem Renaissance. He was a poet, novelist, playwright, short story writer and newspaper columnist. This is one of his most famous poems (from the Poetry Foundation Web site). It was first published in 1951: by Langston Hughes What happens to a dream deferred? Does it dry up like a raisin in the sun? Or fester like a sore— And then run? Does it stink like rotten meat? Or crust and sugar over— like a syrupy sweet? Maybe it just sags like a heavy load. Or does it explode?","This image of Langston Hughes (1902 to 1967) was taken by Gordon Parks in 1943 and copied from the Library of Congress. Langston Hughes was one of the major figures of the Harlem Renaissance. He was a poet, novelist, playwright, short story writer and newspaper columnist. This is one of his most famous poems (from the Poetry Foundation Web site). It was first published in 1951: by Langston Hughes What happens to a dream deferred? Does it dry up like a raisin in the sun? Or fester like a sore— And then run? Does it stink like rotten meat? Or crust and sugar over— like a syrupy sweet? Maybe it just sags like a heavy load. Or does it explode?",exact_duplicate|near_duplicate|semantic_duplicate|same_template_different_content|related_but_both_valuable|false_positive|unclear
,shard_00098.parquet:31574,shard_00099.parquet:52498,0.9999995827674866,4460,4460,"Reducing waste, recycling resources and promoting conservation are three of the major pillars of any sustainable business model. In recent years, environmentally-conscious companies have found innovative ways of recycling waste and creating new products. Mi Terro, a startup based in Los Angeles, aims to draw attention to the amount of waste produced in the dairy industry by creating sustainable fabrics from unused milk. The company sources excess milk from a dairy farm in China before processing it and turning milk into fibers capable of being used in durable, lightweight clothing . “Do you know that 128 million tons of dairy products are dumped every year globally? I am really upset by such a tremendous amount of dairy waste,” Mi Terro founder Robert Luo explains to me, “our goal is to educate the public that we are consuming too many dairy products and we need to cut down on our food waste.” In his bid to tackle the waste from the dairy industry, the sustainable entrepreneur saw an opportunity to upcycle the unused milk that would be thrown out and turn it into a high-quality shirt. Sustainability Through Innovation The entire milk-to-clothing process takes about two months to co","Reducing waste, recycling resources and promoting conservation are three of the major pillars of any sustainable business model. In recent years, environmentally-conscious companies have found innovative ways of recycling waste and creating new products. Mi Terro, a startup based in Los Angeles, aims to draw attention to the amount of waste produced in the dairy industry by creating sustainable fabrics from unused milk. The company sources excess milk from a dairy farm in China before processing it and turning milk into fibers capable of being used in durable, lightweight clothing . “Do you know that 128 million tons of dairy products are dumped every year globally? I am really upset by such a tremendous amount of dairy waste,” Mi Terro founder Robert Luo explains to me, “our goal is to educate the public that we are consuming too many dairy products and we need to cut down on our food waste.” In his bid to tackle the waste from the dairy industry, the sustainable entrepreneur saw an opportunity to upcycle the unused milk that would be thrown out and turn it into a high-quality shirt. Sustainability Through Innovation The entire milk-to-clothing process takes about two months to co",exact_duplicate|near_duplicate|semantic_duplicate|same_template_different_content|related_but_both_valuable|false_positive|unclear
,shard_00079.parquet:1302,shard_00084.parquet:8334,0.9999997019767761,1778,1778,"BREAST CANCER AND ESTROGEN METABOLISM We all know that the increase in estrogen hormones or activation of the estrogen receptors are associated with breast cancer. According to extensive research a few factors could contribute to estrogen dominance; external pollutants, stress, inflammation, and most importantly a defect in estrogen metabolism. There are many pollutants that contribute to estrogen activity, such as xenoestrogens such as DDT, heavy metal toxicity, hormones added in food processing and environmental pollutants. Stress, especially emotional stress leads to increased cortisol levels and at the same time a decrease in melatonin. A decrease in melatonin results in increasing estrogen and upregulation in estrogen receptors. Life stressors and the aging process contribute to a decrease in androgen hormones such as DHEA and testosterones which has an impact on the immune system. The immune system creates inflammation which results in increasing enzymes that convert DHEA and testosterones into estrogens. However, even if we have too many estrogen hormones it doesn’t mean that it can lead to cancer as long as they are effectively metabolized in methylation cycle. The process","BREAST CANCER AND ESTROGEN METABOLISM We all know that the increase in estrogen hormones or activation of the estrogen receptors are associated with breast cancer. According to extensive research a few factors could contribute to estrogen dominance; external pollutants, stress, inflammation, and most importantly a defect in estrogen metabolism. There are many pollutants that contribute to estrogen activity, such as xenoestrogens such as DDT, heavy metal toxicity, hormones added in food processing and environmental pollutants. Stress, especially emotional stress leads to increased cortisol levels and at the same time a decrease in melatonin. A decrease in melatonin results in increasing estrogen and upregulation in estrogen receptors. Life stressors and the aging process contribute to a decrease in androgen hormones such as DHEA and testosterones which has an impact on the immune system. The immune system creates inflammation which results in increasing enzymes that convert DHEA and testosterones into estrogens. However, even if we have too many estrogen hormones it doesn’t mean that it can lead to cancer as long as they are effectively metabolized in methylation cycle. The process",exact_duplicate|near_duplicate|semantic_duplicate|same_template_different_content|related_but_both_valuable|false_positive|unclear
,shard_00043.parquet:35490,shard_00120.parquet:21137,0.9952647686004639,1570,1680,"Cooperation MS Fiche Cooperation is organised in different ways around Spain, depending on the region. In most regions, cooperation is organised at FLAG level, while in Galicia and Catalonia, calls for projects are organised by the regional authorities in charge of CLLD. These calls tend to be coordinated closely with the FLAGs in order to ensure they meet the needs on the ground. Galicia publishes a call around April every year, following a workshop organised for FLAGs in the autumn beforehand to develop cooperation ideas. If any budget is left over from the call, a second call is published in the autumn of the same year. In Catalonia, calls are organised on an ad-hoc, needs-basis. Cooperation themes that have emerged in Spain include: promoting fisheries tourism, heritage and gastronomy, supporting women in fisheries to become better organised and represented, exchanging experiences and adding value to local products, generational renewal, and social labour inclusion of handicapped people and other vulnerable groups through the creation of new economic opportunities related to fisheries activities. Budgets vary significantly from one region to another with €29 000 foreseen for th","Cooperation MS Fiche Cooperation is organised in different ways around Spain, depending on the region. In most regions, cooperation is organised at FLAG level, while in Galicia and Catalonia, calls for projects are organised by the regional authorities in charge of CLLD. These calls tend to be coordinated closely with the FLAGs in order to ensure they meet the needs on the ground. Galicia publishes a call around April every year, following a workshop organised for FLAGs in the autumn beforehand to develop cooperation ideas. If any budget is left over from the call, a second call is published in the autumn of the same year. In Catalonia, calls are organised on an ad-hoc, needs-basis. Cooperation themes that have emerged in Spain include: promoting fisheries tourism, heritage and gastronomy, supporting women in fisheries to become better organised and represented, exchanging experiences and adding value to local products, generational renewal, social labour inclusion of handicapped people and other vulnerable groups through the creation of new economic opportunities related to fisheries activities, encouraging co-governance in maritime fishing areas and the participation of the fishi",exact_duplicate|near_duplicate|semantic_duplicate|same_template_different_content|related_but_both_valuable|false_positive|unclear
,shard_00057.parquet:45609,shard_00102.parquet:41044,0.9999997019767761,6328,6328,"Riverside County, California Records Riverside County, California (Map It) was created on March 11, 1893 from San Diego County and San Bernardino County . Riverside County was named for the City of Riverside, christened when the upper canal of the Santa Ana River reached it in 1871 Riverside County Cities and Towns include Banning, Beaumont, Blythe, Calimesa, Canyon Lake, Cathedral City, Coachella, Corona, Desert Hot Springs, Eastvale, Hemet, Indian Wells, Indio, Jurupa Valley, Lake Elsinore, La Quinta, Menifee, Moreno Valley, Murrieta, Norco, Palm Desert, Palm Springs, Perris, Rancho Mirage, Riverside, San Jacinto, Temecula, Wildomar . Since its creation Riverside County boundries have changed to include these: - Most of the new county had been in San Diego County from 1850 to 1893 when it was moved to the new county. - Territory in San Diego County from 1850 to 1851, and in Los Angeles County from 1851 to 1853, was in San Bernardino County from 1853 to 1893, when it was moved to the new county. - Territory in Los Angeles County from 1850 to 1851, was in San Bernardino County from 1853 to 1893, when it was moved to the new county. - Territory in Los Angeles County from 1850 to 185","Riverside County, California Records Riverside County, California (Map It) was created on March 11, 1893 from San Diego County and San Bernardino County . Riverside County was named for the City of Riverside, christened when the upper canal of the Santa Ana River reached it in 1871 Riverside County Cities and Towns include Banning, Beaumont, Blythe, Calimesa, Canyon Lake, Cathedral City, Coachella, Corona, Desert Hot Springs, Eastvale, Hemet, Indian Wells, Indio, Jurupa Valley, Lake Elsinore, La Quinta, Menifee, Moreno Valley, Murrieta, Norco, Palm Desert, Palm Springs, Perris, Rancho Mirage, Riverside, San Jacinto, Temecula, Wildomar . Since its creation Riverside County boundries have changed to include these: - Most of the new county had been in San Diego County from 1850 to 1893 when it was moved to the new county. - Territory in San Diego County from 1850 to 1851, and in Los Angeles County from 1851 to 1853, was in San Bernardino County from 1853 to 1893, when it was moved to the new county. - Territory in Los Angeles County from 1850 to 1851, was in San Bernardino County from 1853 to 1893, when it was moved to the new county. - Territory in Los Angeles County from 1850 to 185",exact_duplicate|near_duplicate|semantic_duplicate|same_template_different_content|related_but_both_valuable|false_positive|unclear
,shard_00168.parquet:19953,shard_00059.parquet:12058,0.9999995231628418,3561,3561,"Even Smarter Prosthetics Engineering artificial skin with a sense of touch Adrianne Haslet-Davis was out on a date with her husband on Boston’s Boylston Street on April 15, 2013, when a bomb exploded. Three people were killed and 264 injured during the Boston Marathon bombing. She lost her left leg below the knee. Yet the professional ballroom dancer was back on her feet within weeks using a prosthetic leg. She has continued to dance and win ballroom competitions, in addition to lobbying Congress to make prosthesis coverage mandatory for health insurance companies. “I love my prosthesis,” she said. It allows her to run, walk, dance, but the lack of sensory input can be challenging. “I train in different studios around Boston and, as winter approaches, I worry about not having a feel of the ground, given how icy it gets here,” she told LifeZette. Building a prosthesis that can identify sensations is still an uncrossed scientific frontier. But last month, a team at Stanford University published a paper in Science that marked a step in that direction. Led by Stanford professor of chemical engineering Zhenan Bao, the group created a material that has circuits and sensors that can pave","Even Smarter Prosthetics Engineering artificial skin with a sense of touch Adrianne Haslet-Davis was out on a date with her husband on Boston’s Boylston Street on April 15, 2013, when a bomb exploded. Three people were killed and 264 injured during the Boston Marathon bombing. She lost her left leg below the knee. Yet the professional ballroom dancer was back on her feet within weeks using a prosthetic leg. She has continued to dance and win ballroom competitions, in addition to lobbying Congress to make prosthesis coverage mandatory for health insurance companies. “I love my prosthesis,” she said. It allows her to run, walk, dance, but the lack of sensory input can be challenging. “I train in different studios around Boston and, as winter approaches, I worry about not having a feel of the ground, given how icy it gets here,” she told LifeZette. Building a prosthesis that can identify sensations is still an uncrossed scientific frontier. But last month, a team at Stanford University published a paper in Science that marked a step in that direction. Led by Stanford professor of chemical engineering Zhenan Bao, the group created a material that has circuits and sensors that can pave",exact_duplicate|near_duplicate|semantic_duplicate|same_template_different_content|related_but_both_valuable|false_positive|unclear
,shard_00129.parquet:16464,shard_00143.parquet:45487,0.9999996423721313,3718,3718,"Great Pyramid and Water Locks! Here is a link to a new video series describing how the Great Pyramid was built using water locks. I think this is among the most vital information for me. And i am glad reading your article. But wanna remark on few general things, The website style is wonderful, the articles is really great Thank you for the kind words! There is much info at our web site at www.thepump.org. Also there are two books about how the Great Pyramid was built using water locks and barges! The author acknowledges the need to bring truth to readers over many rumors about how Baalbek was built. It is a new theory unknown to many archeologists and suspicious scientists.It is untrue that aliens existed and were involved in building the megalithic stone temple of Baalbek. There is another version that the Great Egyptian pyramids are made of concrete. To obtain a primitive concrete enough to grind the rock into a fine powder, to remove moisture and then mixed with water. The easiest way to use soft rocks. For example, the limestone, the outputs of which are located right on the pyramids in Egypt. Here you can take just under your feet, under construction next to the pyramids. Next","Great Pyramid and Water Locks! Here is a link to a new video series describing how the Great Pyramid was built using water locks. I think this is among the most vital information for me. And i am glad reading your article. But wanna remark on few general things, The website style is wonderful, the articles is really great Thank you for the kind words! There is much info at our web site at www.thepump.org. Also there are two books about how the Great Pyramid was built using water locks and barges! The author acknowledges the need to bring truth to readers over many rumors about how Baalbek was built. It is a new theory unknown to many archeologists and suspicious scientists.It is untrue that aliens existed and were involved in building the megalithic stone temple of Baalbek. There is another version that the Great Egyptian pyramids are made of concrete. To obtain a primitive concrete enough to grind the rock into a fine powder, to remove moisture and then mixed with water. The easiest way to use soft rocks. For example, the limestone, the outputs of which are located right on the pyramids in Egypt. Here you can take just under your feet, under construction next to the pyramids. Next",exact_duplicate|near_duplicate|semantic_duplicate|same_template_different_content|related_but_both_valuable|false_positive|unclear
,shard_00033.parquet:16746,shard_00093.parquet:25916,1.0000003576278687,1820,1820,"Every evening for the past month Venus has appeared a little higher in the western sky and Jupiter has appeared quite a bit lower. Now they're about to cross paths. From March 9th to 17th the two planets will be within 5° of each other, fitting in a single field of view through most binoculars. They're 3° apart — a few finger-widths — at their closest approach on March 13th, and only marginally farther on the preceding and following evenings.This will be a stunning pairing, since Venus and Jupiter are the second and third brightest objects in the night sky, after the Moon. Solidly supported binoculars will also show Jupiter's four Galilean moons as long as they're not too close to the planet, and will reveal Jupiter's tiny disk. You may also be able to make out Venus's disk, which appears slightly more than half as wide as Jupiter's. And if you look carefully, you might see that Venus is now in its gibbous phase, only 60% lit. Jupiter will slowly disappear from the evening sky after this conjunction, becoming difficult to observe by mid-April. But Venus is still getting better; it will reach its highest and brightest in April. That's also when it will start to be a spectacular cres","Every evening for the past month Venus has appeared a little higher in the western sky and Jupiter has appeared quite a bit lower. Now they're about to cross paths. From March 9th to 17th the two planets will be within 5° of each other, fitting in a single field of view through most binoculars. They're 3° apart — a few finger-widths — at their closest approach on March 13th, and only marginally farther on the preceding and following evenings.This will be a stunning pairing, since Venus and Jupiter are the second and third brightest objects in the night sky, after the Moon. Solidly supported binoculars will also show Jupiter's four Galilean moons as long as they're not too close to the planet, and will reveal Jupiter's tiny disk. You may also be able to make out Venus's disk, which appears slightly more than half as wide as Jupiter's. And if you look carefully, you might see that Venus is now in its gibbous phase, only 60% lit. Jupiter will slowly disappear from the evening sky after this conjunction, becoming difficult to observe by mid-April. But Venus is still getting better; it will reach its highest and brightest in April. That's also when it will start to be a spectacular cres",exact_duplicate|near_duplicate|semantic_duplicate|same_template_different_content|related_but_both_valuable|false_positive|unclear
,shard_00163.parquet:7126,shard_00047.parquet:23596,0.9408531188964844,2948,2274,"[For trouble viewing the images/movies on this page, go here] Ring material, pulled to spectacular heights above the ringplane by the gravity of the moon Daphnis, casts long shadows on Saturn's A ring in this Cassini image taken about a month before the planet's August 2009 equinox. The shadows in this image have lengths as long as 500 kilometers (310 miles), meaning the structures casting the shadows reach heights of almost 4 kilometers (2.5 miles) above the ringplane. These heights are much greater than those previously observed for the Daphnis edge waves (see PIA11654), and are very likely caused by the distance between Daphnis and the inner edge of its gap getting unusually small at certain times. Daphnis (8 kilometers, 5 miles across) is a bright dot in the Keeler Gap of the A ring on the right of the image. The moon has an inclined orbit, and its gravitational pull perturbs the orbits of the particles of the A ring forming the Keeler Gap's edge and sculpts the edge into waves having both horizontal (radial) and out-of-plane components. Material on the inner edge of the gap orbits faster than the moon so that the waves there lead the moon in its orbit. Material on the outer ed","The shadows cast by Daphnis' attendant edge waves create a dark, jagged pattern on the A ring in this image taken as Saturn approached its August 2009 equinox. Daphnis (8 kilometers, or 5 miles across) is a bright dot in the Keeler Gap of the A ring just below the center of the image. The moon has an inclined orbit, and its gravitational pull perturbs the orbits of the particles forming the Keeler Gap's edges and sculpts both edges into waves having both horizontal (radial) and out-of-plane components. Material on the inner edge of the gap orbits faster than the moon so that the waves there lead the moon in its orbit. Material on the outer edge moves slower than the moon, so waves there trail the moon. See Wavy Shadows to learn more about this process. The novel illumination geometry that accompanies equinox lowers the sun's angle to the ringplane, significantly darkens the rings, and causes out-of-plane structures to look anomalously bright and cast shadows across the rings. These scenes are possible only during the few months before and after Saturn's equinox, which occurs only once in about 15 Earth years. Before and after equinox, Cassini's cameras have spotted not only the pre",exact_duplicate|near_duplicate|semantic_duplicate|same_template_different_content|related_but_both_valuable|false_positive|unclear
,shard_00141.parquet:48260,shard_00105.parquet:53808,1.0000001192092896,7980,7980,"Is excessive gambling compulsive, impulsive and/or addictive? In 1980, pathological gambling was for the first time recognized as a mental disorder in the third edition of the Diagnostic and Statistical Manual (DSM-III) by the American Psychiatric Association, under the section “Disorders of Impulse Control” along with other illnesses such as kleptomania and pyromania. Adopting a medical model of pathological gambling in this way displaced the old image that the gambler was a sinner or a criminal. In diagnosing the pathological gambler, the DSM-III stated that the individual was chronically and progressively unable to resist impulses to gamble and that gambling compromised, disrupted or damaged family, personal, and vocational pursuits. The behaviour increased under times of stress and associated features included lying to obtain money, committing crimes (e.g. forgery, embezzlement, fraud, etc.), and concealment from others of the extent of the individual’s gambling activities. In addition the DSM-III stated that to be a pathological gambler, the gambling must not be due to Antisocial Personality Disorder. These criteria were later criticized for (i) a middle class bias (i.e. the c","Is excessive gambling compulsive, impulsive and/or addictive? In 1980, pathological gambling was for the first time recognized as a mental disorder in the third edition of the Diagnostic and Statistical Manual (DSM-III) by the American Psychiatric Association, under the section “Disorders of Impulse Control” along with other illnesses such as kleptomania and pyromania. Adopting a medical model of pathological gambling in this way displaced the old image that the gambler was a sinner or a criminal. In diagnosing the pathological gambler, the DSM-III stated that the individual was chronically and progressively unable to resist impulses to gamble and that gambling compromised, disrupted or damaged family, personal, and vocational pursuits. The behaviour increased under times of stress and associated features included lying to obtain money, committing crimes (e.g. forgery, embezzlement, fraud, etc.), and concealment from others of the extent of the individual’s gambling activities. In addition the DSM-III stated that to be a pathological gambler, the gambling must not be due to Antisocial Personality Disorder. These criteria were later criticized for (i) a middle class bias (i.e. the c",exact_duplicate|near_duplicate|semantic_duplicate|same_template_different_content|related_but_both_valuable|false_positive|unclear
,shard_00102.parquet:50788,shard_00159.parquet:30137,0.9999996423721313,4605,4605,"The essence of living green is working with nature, not against it. I can think of no better example than planting your garden and yard with plants that are native to the place you live. The beauty of these species is that they know in their genes how to defend against local pests and diseases, deal with the climate and get by with conditions on the ground. Their ancestors have seen it all—and evolved to cope. As a result, native plants don’t need your daily ministrations to survive. Once established, they don’t even need regular watering. The same can rarely be said of “introduced” or “exotic” species, which evolved to succeed in other environments. While some naturalize easily (or even take over in the case of invasive plants), most can’t make it on their own. Your help is necessary for their survival—and not just at the start, when all plants need special treatment, but on an ongoing basis. Natural landscaping with native species is a breeze in comparison. In a year, after becoming established (with care) the plants will practically take care of themselves, saving you time, effort and money. Moreover, you won’t run the risk of exposure to toxic fertilizers or pesticides because","The essence of living green is working with nature, not against it. I can think of no better example than planting your garden and yard with plants that are native to the place you live. The beauty of these species is that they know in their genes how to defend against local pests and diseases, deal with the climate and get by with conditions on the ground. Their ancestors have seen it all—and evolved to cope. As a result, native plants don’t need your daily ministrations to survive. Once established, they don’t even need regular watering. The same can rarely be said of “introduced” or “exotic” species, which evolved to succeed in other environments. While some naturalize easily (or even take over in the case of invasive plants), most can’t make it on their own. Your help is necessary for their survival—and not just at the start, when all plants need special treatment, but on an ongoing basis. Natural landscaping with native species is a breeze in comparison. In a year, after becoming established (with care) the plants will practically take care of themselves, saving you time, effort and money. Moreover, you won’t run the risk of exposure to toxic fertilizers or pesticides because",exact_duplicate|near_duplicate|semantic_duplicate|same_template_different_content|related_but_both_valuable|false_positive|unclear
,shard_00015.parquet:18547,shard_00019.parquet:14583,0.9919525384902954,3167,3252,"This is a picture of Triton. Triton is Neptune's largest moon. The picture was taken by the Voyager 2 spacecraft. Click on image for full size Neptune's Moons and Rings moons. It also has rings, but its rings are different from Saturn's. Neptune's largest moon is named Triton. Triton is much larger than any of Neptune's other moons. Triton is a very cold place, so the moon is covered with ice. Triton has geysers like the ones at Yellowstone Park on Earth. The geysers on Triton shoot out ice instead of steam. The geysers shoot ice 8 km (5 miles) high into Triton's thin atmosphere! The rest of Neptune's moons are much smaller than Triton. Gerard Kuiper discovered a moon named Nereid in 1949. Other moons named Despina, Galatea, Larissa, Naiad, Proteus and Thalassa were found by the Voyager 2 spacecraft in 1989. Five more small moons have been found. Three of those were discovered in 2002. Two more were found in 2003. The newest moons don't have official names yet. Neptune's rings are much darker than Saturn's bright rings. Saturn's rings are made of ice, which reflects lots of light. Neptune's rings are probably made of rocks and dust. Rocks and dust don't reflect as much light. Shop","This is a picture of Triton. Triton is Neptune's largest moon. The picture was taken by the Voyager 2 spacecraft. Click on image for full size Neptune's Moons and Rings moons. It also has rings, but its rings are different from Saturn's. Neptune's largest moon is named Triton. Triton is much larger than any of Neptune's other moons. Triton is a very cold place, so the moon is covered with ice. Triton has geysers like the ones at Yellowstone Park on Earth. The geysers on Triton shoot out ice instead of steam. The geysers shoot ice 8 km (5 miles) high into Triton's thin atmosphere! The rest of Neptune's moons are much smaller than Triton. Gerard Kuiper discovered a moon named Nereid in 1949. Other moons named Despina, Galatea, Larissa, Naiad, Proteus and Thalassa were found by the Voyager 2 spacecraft in 1989. Five more small moons have been found. Three of those were discovered in 2002. Two more were found in 2003. The newest moons don't have official names yet. Neptune's rings are much darker than Saturn's bright rings. Saturn's rings are made of ice, which reflects lots of light. Neptune's rings are probably made of rocks and dust. Rocks and dust don't reflect as much light. Shop",exact_duplicate|near_duplicate|semantic_duplicate|same_template_different_content|related_but_both_valuable|false_positive|unclear
,shard_00023.parquet:38380,shard_00007.parquet:4956,1.000000238418579,2182,2182,"ONE word Primary 6 pupil Alexis Neo, 11, has no problem spelling is ""embarrassed"" - because of the catchy phrase ""red red slap slap"" her teacher taught her. The 11-year-old, who initially could not spell it, explained that the mnemonic helps her remember how many ""r's"" and ""s's"" there are in the word. Across Singapore, teachers and pupils are preparing for the preliminary round of the RHB-The Straits Times National Spelling Championship, to be held next Saturday at ITE College Central. More than 1,000 pupils are expected to take part. Just one will eventually win $5,000 and bragging rights as the Republic's spelling star. Kenneth Poh, 11, and his friends from Mayflower Primary School have also been honing their spelling skills - since their first day of school. Teachers at Mayflower stress the importance of spelling beginning in Primary 1, using a special grid format that shows a word's spelling and definition, the context, and a visual describing it. Pupils are encouraged to read books, newspapers and encyclopaedias to improve their vocabulary. Those in the upper primary levels take the school's in-house spelling tests, and the top scorers get to represent the school in the nation","ONE word Primary 6 pupil Alexis Neo, 11, has no problem spelling is ""embarrassed"" - because of the catchy phrase ""red red slap slap"" her teacher taught her. The 11-year-old, who initially could not spell it, explained that the mnemonic helps her remember how many ""r's"" and ""s's"" there are in the word. Across Singapore, teachers and pupils are preparing for the preliminary round of the RHB-The Straits Times National Spelling Championship, to be held next Saturday at ITE College Central. More than 1,000 pupils are expected to take part. Just one will eventually win $5,000 and bragging rights as the Republic's spelling star. Kenneth Poh, 11, and his friends from Mayflower Primary School have also been honing their spelling skills - since their first day of school. Teachers at Mayflower stress the importance of spelling beginning in Primary 1, using a special grid format that shows a word's spelling and definition, the context, and a visual describing it. Pupils are encouraged to read books, newspapers and encyclopaedias to improve their vocabulary. Those in the upper primary levels take the school's in-house spelling tests, and the top scorers get to represent the school in the nation",exact_duplicate|near_duplicate|semantic_duplicate|same_template_different_content|related_but_both_valuable|false_positive|unclear
,shard_00124.parquet:13988,shard_00083.parquet:31359,1.000000238418579,2886,2886,"BACKGROUND AND EPIDEMIOLOGY What characteristics increase the risk for venous thromboembolism (VTE)? Are there ways to prevent VTE during pregnancy? Who are candidates for prophylaxis? What are the symptoms of VTE? How should a person with symptoms of VTE be evaluated? What is the treatment for VTE in pregnancy? A 36-y.o. G1P1 delivered 3 weeks ago via C-section. She calls the on call doctor to report worsening shortness of breath. She recently noticed that her left low leg is swollen, and she feels pain in the calf when she walks. VTE is a major contributor to maternal morbidity and mortality in the United States.1 The risk of VTE during pregnancy and the postpartum period is substantially increased compared to the nonpregnant state.2 Deep venous thrombosis (DVT) accounts for approximately three-quarters of thromboembolic events in pregnancy, with pulmonary embolism cases being the remainder. As there is limited high-quality data on which to base the evaluation, treatment, and prevention of VTE in the obstetric population, recommendations are often extrapolated from the nonobstetric literature. Physiologic changes in pregnancy, such as impaired venous return due to hormonal and st","BACKGROUND AND EPIDEMIOLOGY What characteristics increase the risk for venous thromboembolism (VTE)? Are there ways to prevent VTE during pregnancy? Who are candidates for prophylaxis? What are the symptoms of VTE? How should a person with symptoms of VTE be evaluated? What is the treatment for VTE in pregnancy? A 36-y.o. G1P1 delivered 3 weeks ago via C-section. She calls the on call doctor to report worsening shortness of breath. She recently noticed that her left low leg is swollen, and she feels pain in the calf when she walks. VTE is a major contributor to maternal morbidity and mortality in the United States.1 The risk of VTE during pregnancy and the postpartum period is substantially increased compared to the nonpregnant state.2 Deep venous thrombosis (DVT) accounts for approximately three-quarters of thromboembolic events in pregnancy, with pulmonary embolism cases being the remainder. As there is limited high-quality data on which to base the evaluation, treatment, and prevention of VTE in the obstetric population, recommendations are often extrapolated from the nonobstetric literature. Physiologic changes in pregnancy, such as impaired venous return due to hormonal and st",exact_duplicate|near_duplicate|semantic_duplicate|same_template_different_content|related_but_both_valuable|false_positive|unclear
,shard_00091.parquet:48150,shard_00153.parquet:46883,0.9388371109962463,2687,2649,"Up to 210,000 people in England and Wales will be killed prematurely by alcohol over the next 20 years, with a third of those preventable deaths caused by liver disease alone, health experts said yesterday. Other alcohol-related deaths will be caused by accidents, violence and suicide, or from chronic diseases such as high blood pressure, strokes, heart disease and cancer, the experts warned in a projection study in the Lancet medical journal. Yet Ian Gilmore, former president of the Royal College of Physicians and one of the lead authors of the work, said it was “entirely within the power of the UK government” to take steps to tackle Britain’s drink problem and “prevent the worst-case scenario of avoidable deaths.” The experts pointed to measures taken in the former Soviet Union in the 1980s, which they said saw alcohol consumption fall by a third in two years with a resulting 12 percent drop in the rate of alcohol-related deaths. The warning comes after British Prime Minister David Cameron promised last week to crack down on excessive drinking, calling it a “scandal” that costs the taxpayer-funded National Health System an estimated ￡2.7 billion (US$4.3 billion) a year. Alcohol a","Up to 210,000 people in England and Wales will be killed prematurely by alcohol over the next 20 years, with a third of those preventable deaths due to liver disease alone, health experts warned Monday. Other alcohol-related deaths will be due to accidents, violence and suicide, or from chronic diseases such as high blood pressure, strokes, heart disease and cancer, the experts warned in a projection study in the Lancet medical journal. Yet Ian Gilmore, former president of the Royal College of Physicians and one of the lead authors of the work, said it was “entirely within the power of the UK government” to take steps to tackle Britain’s drink problem and “prevent the worst-case scenario of avoidable deaths.” The experts pointed to measures taken in the former Soviet Union in the 1980s, which they said saw alcohol consumption fall by a third in two years with a resulting 12 percent drop in the rate of alcohol-related deaths. The warning comes after British Prime Minister David Cameron promised last week to crack down on excessive drinking, calling it a “scandal” that costs the taxpayer-funded National Health System an estimated 2.7 billion pounds ($4.3 billion) a year. Britain has",exact_duplicate|near_duplicate|semantic_duplicate|same_template_different_content|related_but_both_valuable|false_positive|unclear
,shard_00069.parquet:29150,shard_00127.parquet:28432,1.0,492,492,"Picture of the Day: Hollow Rock – Berdorf, Luxembourg From the Middle Ages until the 1800s this area was excavated for ‘mill stones’ for the numerous mills in the region. The activity left strange patterns on the rock and led to the creation of this man-made cave known as Hohllay. [source] Hohllay (“hollow rock”) is located in Berdorf, a commune and small town in eastern Luxembourg. The area is a popular destination for hikers and the cave measures about 360 square meters (3,875 sq. ft).","Picture of the Day: Hollow Rock – Berdorf, Luxembourg From the Middle Ages until the 1800s this area was excavated for ‘mill stones’ for the numerous mills in the region. The activity left strange patterns on the rock and led to the creation of this man-made cave known as Hohllay. [source] Hohllay (“hollow rock”) is located in Berdorf, a commune and small town in eastern Luxembourg. The area is a popular destination for hikers and the cave measures about 360 square meters (3,875 sq. ft).",exact_duplicate|near_duplicate|semantic_duplicate|same_template_different_content|related_but_both_valuable|false_positive|unclear
,shard_00052.parquet:29269,shard_00110.parquet:18966,0.9982785582542419,5305,5356,"For nearly a century historians have puzzled over the actions of John Chilembwe, one of the most controversial figures in Malawian history and Malawi’s national hero. The focus: the last days of his life and the uprising he led in January 1915. By all accounts, Chilembwe was not the type to start an uprising. He was educated by the Church of Scotland missionary school in what was then Nyassaland (Malawi). He later studied under and worked for Joseph Booth, a baptist from Australia, who was critical of the Presbyterian Church’s role in colonialism and believed in the unpopular idea (among whites) of “Africa for the Africans.” Booth’s daughter Emily wrote that Chilembwe… …had a greater desire to learn and write, and to gain the Truth of Christianity…He knew his own mind and was not easily to be turned from his purpose. But…he was so kind and true – so thoughtful and unselfish.” Independent African: John Chilembwe and the Origins, Setting, and Significance of the Nyasaland Native Uprising of 1915, G. Shepperson and Thomas Price (1958 ) Chilembwe accompanied Joseph Booth to the United States in 1897 where he attended the Virginia Theological College in Lynchburg. There Chilembwe explor","For nearly a century historians have puzzled over the actions of John Chilembwe, one of the most controversial figures in Malawian history and Malawi’s national hero. The focus: the last days of his life and the uprising he led in January 1915. By all accounts, Chilembwe was not the type to start an uprising. He was educated by the Church of Scotland missionary school in what was then Nyassaland (Malawi). He later studied under and worked for Joseph Booth, a baptist from Australia, who was critical of the Presbyterian Church’s role in colonialism and believed in the unpopular idea (among whites) of “Africa for the Africans.” Booth’s daughter Emily wrote that Chilembwe… …had a greater desire to learn and write, and to gain the Truth of Christianity…He knew his own mind and was not easily to be turned from his purpose. But…he was so kind and true – so thoughtful and unselfish.” Independent African: John Chilembwe and the Origins, Setting, and Significance of the Nyasaland Native Uprising of 1915, G. Shepperson and Thomas Price (1958 ) Chilembwe accompanied Joseph Booth to the United States in 1897 where he attended the Virginia Theological College in Lynchburg. There Chilembwe explor",exact_duplicate|near_duplicate|semantic_duplicate|same_template_different_content|related_but_both_valuable|false_positive|unclear
,shard_00140.parquet:19806,shard_00106.parquet:43900,0.9999997615814209,2630,2630,"A group of scientists have found hidden microbial activity in an arid region of South America, a place so similar to Mars that many believe that the Red Planet may host some form of hidden microbial life as well. The Atacama Desert is one of the driest places on planet Earth. It passes decades with little to no rainfall and is frequently exposed to dry winds. However, despite the extreme conditions, scientists from Washington State University were able to find active microbes under the desert's salty surface. Till date, it was thought that the microbes in the desert were long dead or were slowly dying. However, the group – led by planetary scientist Dirk Schulze-Makuch – found strains of bacteria, fungi and other microorganisms which very much were alive and had adapted to the harsh conditions, National Geographic reported. The microbes, which were found a few metres under the surface, have a unique 'trick'. They go into a dormant or inactive stage while bearing extreme UV radiation without water and come back to life as and when it rains. ""In the past, researchers have found dying organisms near the surface and remnants of DNA, but this is really the first time that anyone has bee","A group of scientists have found hidden microbial activity in an arid region of South America, a place so similar to Mars that many believe that the Red Planet may host some form of hidden microbial life as well. The Atacama Desert is one of the driest places on planet Earth. It passes decades with little to no rainfall and is frequently exposed to dry winds. However, despite the extreme conditions, scientists from Washington State University were able to find active microbes under the desert's salty surface. Till date, it was thought that the microbes in the desert were long dead or were slowly dying. However, the group – led by planetary scientist Dirk Schulze-Makuch – found strains of bacteria, fungi and other microorganisms which very much were alive and had adapted to the harsh conditions, National Geographic reported. The microbes, which were found a few metres under the surface, have a unique 'trick'. They go into a dormant or inactive stage while bearing extreme UV radiation without water and come back to life as and when it rains. ""In the past, researchers have found dying organisms near the surface and remnants of DNA, but this is really the first time that anyone has bee",exact_duplicate|near_duplicate|semantic_duplicate|same_template_different_content|related_but_both_valuable|false_positive|unclear
,shard_00068.parquet:17124,shard_00005.parquet:4745,0.9759896397590637,5019,5153,"Greater Blue Mountains World Heritage Area World Heritage Values protected The Australian Government recognises the importance of protecting the Greater Blue Mountains World Heritage Area (GBMWHA). The construction and operation of Western Sydney Airport will not have a significant direct or indirect impact on the World Heritage Values of the GBMWHA or result in listed attributes of the area being lost or damaged. The Department of the Environment and Energy routinely and proactively provides information to the UNESCO World Heritage Centre about developments that may affect the World Heritage values of a World Heritage property. The Australian Government nominated the Blue Mountains for World Heritage listing in 1998. The assessing body, the International Union for Conservation of Nature (IUCN), subsequently requested further information to support the nomination, including information on the airport, which had not been addressed in the nomination. The GBMWHA was ultimately inscribed on the World Heritage List in 2000, following more than two years of detailed consideration. The inscription acknowledged that an airport was planned at Badgerys Creek (see timeline below). In its eval","Greater Blue Mountains World Heritage Area World Heritage Values protected The Australian Government recognises the importance of protecting the Greater Blue Mountains World Heritage Area (GBMWHA). The construction and operation of Western Sydney International (Nancy-Bird Walton) Airport (WSI) will not have a significant direct or indirect impact on the World Heritage Values of the GBMWHA or result in listed attributes of the area being lost or damaged. The Department of the Climate Change, Energy, the Environment and Water routinely and proactively provides information to the UNESCO World Heritage Centre about developments that may affect the World Heritage values of a World Heritage property. The Australian Government nominated the Blue Mountains for World Heritage listing in 1998. The assessing body, the International Union for Conservation of Nature (IUCN), subsequently requested further information to support the nomination, including information on the airport, which had not been addressed in the nomination. The GBMWHA was ultimately inscribed on the World Heritage List in 2000, following more than two years of detailed consideration. The inscription acknowledged that an airp",exact_duplicate|near_duplicate|semantic_duplicate|same_template_different_content|related_but_both_valuable|false_positive|unclear
,shard_00163.parquet:23353,shard_00034.parquet:12427,0.9903759360313416,5876,5581,"Click here to learn more. Over the past few years, I have noted an increase in the number of cases of canine sarcoptic mange in the various practices I work in. Also known as ""scabies"" or simply ""mange,"" its prevalence seems to be increasing, especially in the northeastern United States. I have found that many clients, however, seem to be unaware of this relatively ubiquitous disease. Sarcoptic mange in dogs is caused by a tiny mite known as Sarcoptes scabiei. These tiny pests, which are related to spiders, can only be viewed with a microscope and are carried by foxes, coyotes, wolves and other dogs. Since the mites can survive for a few days in the environment, dogs can easily be exposed to them while at a kennel, groomer’s, day care facility, dog park or any other high-traffic area that has been infested. Dogs can also be exposed to mites in the great outdoors — in your backyard or while on outings. This is because the more common wild canids — foxes and coyotes — are thought to be an important reservoir for sarcoptic mange in the environment. While many reports state that the red fox population is dwindling because of the growing presence of coyotes, there are many areas where t","Click here to learn more. Over the past few years, I have noted an increase in the number of cases of canine sarcoptic mange in the various practices I work in. Also known as ""scabies"" or simply ""mange,"" its prevalence seems to be increasing, especially in the northeastern United States. I have found that many clients, however, seem to be unaware of this relatively ubiquitous disease. Sarcoptic mange in dogs is caused by a tiny mite known as Sarcoptes scabiei. These tiny pests, which are related to spiders, can only be viewed with a microscope and are carried by foxes, coyotes, wolves and other dogs. Since the mites can survive for a few days in the environment, dogs can easily be exposed to them while at a kennel, groomer’s, day care facility, dog park or any other high-traffic area that has been infested. Dogs can also be exposed to mites in the great outdoors — in your backyard or while on outings. This is because the more common wild canids — foxes and coyotes — are thought to be an important reservoir for sarcoptic mange in the environment. While many reports state that the red fox population is dwindling because of the growing presence of coyotes, there are many areas where t",exact_duplicate|near_duplicate|semantic_duplicate|same_template_different_content|related_but_both_valuable|false_positive|unclear
,shard_00117.parquet:32646,shard_00152.parquet:41609,1.0,21794,21794,"The Emergence of the Safavids Contributed by Prof. Dr. Nazeer Ahmed, PhD The origins of the Safavid dynasty in Persia must be sought in the folk Islam that developed in the immediate aftermath of the Mongol devastations and in the political convulsions in the border areas of Persia and Anatolia after the Timurid invasions. Between the year 1219 when Genghiz Khan’s troops crossed the Amu Darya in Kazagistan, and 1261 when the Mamlukes finally stopped the Mongol forces at Ayn Jalut, the central mass of Islam was obliterated. Central Asia, Persia, Iraq, Afghanistan, as well as parts of Syria and Pakistan lay in ruins. In some areas, as much as ninety percent of the population was killed. Major centers of learning like Bukhara, Samarqand, Herat, and Baghdad were razed to the ground. Libraries were burned, scholars butchered, monuments demolished, dams destroyed, and the general population was enslaved. To grasp the magnitude of the calamity from a global Islamic perspective, it must be recalled that this was the same period when the Christians captured much of Spain, including Seville and Cordoba. Faced with this enormous calamity, Muslims turned to their own spiritual roots. Gone were","The Emergence of the Safavids Contributed by Prof. Dr. Nazeer Ahmed, PhD The origins of the Safavid dynasty in Persia must be sought in the folk Islam that developed in the immediate aftermath of the Mongol devastations and in the political convulsions in the border areas of Persia and Anatolia after the Timurid invasions. Between the year 1219 when Genghiz Khan’s troops crossed the Amu Darya in Kazagistan, and 1261 when the Mamlukes finally stopped the Mongol forces at Ayn Jalut, the central mass of Islam was obliterated. Central Asia, Persia, Iraq, Afghanistan, as well as parts of Syria and Pakistan lay in ruins. In some areas, as much as ninety percent of the population was killed. Major centers of learning like Bukhara, Samarqand, Herat, and Baghdad were razed to the ground. Libraries were burned, scholars butchered, monuments demolished, dams destroyed, and the general population was enslaved. To grasp the magnitude of the calamity from a global Islamic perspective, it must be recalled that this was the same period when the Christians captured much of Spain, including Seville and Cordoba. Faced with this enormous calamity, Muslims turned to their own spiritual roots. Gone were",exact_duplicate|near_duplicate|semantic_duplicate|same_template_different_content|related_but_both_valuable|false_positive|unclear
,shard_00129.parquet:32294,shard_00000.parquet:11523,0.985896646976471,2377,2431,"EUROPEAN SPALLATION SOURCE |Team||Henning Larsen Architects, COBE, SLA (Landscape)| |Description||The European Spallation Source (ESS) will become the world's largest and most advanced research facility for neutron-based research. ESS is located in the university city of Lund in southern Sweden.| ESS will be a research campus with a more than 600 metres long proton accelerator and a 180 metres long hall in which the protons hit a target and send neutrons off to a number of halls with measuring instruments. In the instruments, the neutrons are used to analyse the materials that the researchers are studying. ESS will also contain a number of facilities for researchers: laboratories, offices and a lecture hall. At ESS, researchers will work in a setting that supports meetings across disciplines and research fields. In the atriums found in the buildings, visiting researchers will be able to meet each other informally, inspire each other, exchange ideas and share their knowledge. When the weather permits, the outdoor areas will also offer a plethora of places to stay in. The architecture is inspired by one of the most important elements in the spallation process, the tungsten disc. The","EUROPEAN SPALLATION SOURCE |Equipo||Henning Larsen Architects, COBE, SLA (Landscape)| |Descripción||The European Spallation Source (ESS) will become the world's largest and most advanced research facility for neutron-based research. ESS is located in the university city of Lund in southern Sweden.| ESS will be a research campus with a more than 600 metres long proton accelerator and a 180 metres long hall in which the protons hit a target and send neutrons off to a number of halls with measuring instruments. In the instruments, the neutrons are used to analyse the materials that the researchers are studying. ESS will also contain a number of facilities for researchers: laboratories, offices and a lecture hall. At ESS, researchers will work in a setting that supports meetings across disciplines and research fields. In the atriums found in the buildings, visiting researchers will be able to meet each other informally, inspire each other, exchange ideas and share their knowledge. When the weather permits, the outdoor areas will also offer a plethora of places to stay in. The architecture is inspired by one of the most important elements in the spallation process, the tungsten disc. Th",exact_duplicate|near_duplicate|semantic_duplicate|same_template_different_content|related_but_both_valuable|false_positive|unclear
,shard_00120.parquet:50649,shard_00066.parquet:19695,0.9720510840415955,2491,2329,"Some individuals that are interested in beekeeping get their training from beekeeping classes in New Creek West Virginia but it may be very costly. Fortunately there are cheaper ways to learn the art of successful honey bee farming in WV. Beekeeping can either be a full time profession or an easy hobby. Yet, more often than not, what began as a hobby would turn into a profession. But you cannot simply tell and determine yourself that you will start to do beekeeping. Before starting on any avocation or profession, you need to have comprehension and adequate knowledge on the field that you are going to enter. Then it is about time to indulge yourself if you really have been putting off your interest in beekeeping for a long time. Bee farming may appear easy; by learning the fundamental beekeeping lessons, you can be got away to a good start. What does a beekeeper have to understand? On beekeeping to begin at the right foot first, you should have complete interest. You have to spend time taking care of your colonies of bees. You should have also consented to share your house space. There are possible dangers in beekeeping that can damage you but your family also. Your focus is not jus","Some people who are interested in honey bee farming get their training from beekeeping classes in Secondcreek West Virginia but it can be very costly. Fortunately there are less expensive ways to learn the art of successful beekeeping in WV. Beekeeping can either be a full-time profession or an easy hobby. Yet, more often than not, what started as a hobby would turn into a profession. But you cannot merely tell and decide yourself that you will begin to do beekeeping. You need to have comprehension and sufficient knowledge on the area that you are going to enter before starting on any hobby or profession. Then it’s about time to indulge yourself in your line of interest if you really have been putting off your curiosity about beekeeping for quite a long time. Bee farming may seem easy; learning the fundamental beekeeping lessons can enable you to get away to a good start. What does a beekeeper have to understand? First, you should have full interest on beekeeping to start at the right foot. You need to spend time taking care of your own colonies of bees. You should also have agreed to share your house space with the bees. There are possible risks in beekeeping that can harm you but",exact_duplicate|near_duplicate|semantic_duplicate|same_template_different_content|related_but_both_valuable|false_positive|unclear
,shard_00062.parquet:20381,shard_00144.parquet:26421,0.9999998807907104,1609,1609,"A concussion is a temporary disruption of brain function caused by a sudden force transmitted to the head. We worry about concussions for a few reasons. The first is the rare chance that another blow to the head, even a mild one, while the brain is still vulnerable from the first injury could lead to severe brain swelling. Secondly, there is concern that multiple concussions could eventually add up to permanent problems with thinking and memory. Finally, even if they are short-lived, concussion symptoms can interfere with learning and social interaction during a crucial period of development in a young person’s life. You don’t have to be ""knocked out"" in order to have a concussion. There are many other clues to look for that might indicate the brain is stunned including headache, confusion, memory trouble, nausea, poor balance, vision problems, and trouble concentrating. An athlete should never return to play or even exercise while experiencing any concussion symptoms. In fact, anyone suspected of having suffered a concussion should not play again that same day even if symptoms clear up quickly. Remember the adage ""when in doubt, sit them out"". Concussions are an important health i","A concussion is a temporary disruption of brain function caused by a sudden force transmitted to the head. We worry about concussions for a few reasons. The first is the rare chance that another blow to the head, even a mild one, while the brain is still vulnerable from the first injury could lead to severe brain swelling. Secondly, there is concern that multiple concussions could eventually add up to permanent problems with thinking and memory. Finally, even if they are short-lived, concussion symptoms can interfere with learning and social interaction during a crucial period of development in a young person’s life. You don’t have to be ""knocked out"" in order to have a concussion. There are many other clues to look for that might indicate the brain is stunned including headache, confusion, memory trouble, nausea, poor balance, vision problems, and trouble concentrating. An athlete should never return to play or even exercise while experiencing any concussion symptoms. In fact, anyone suspected of having suffered a concussion should not play again that same day even if symptoms clear up quickly. Remember the adage ""when in doubt, sit them out"". Concussions are an important health i",exact_duplicate|near_duplicate|semantic_duplicate|same_template_different_content|related_but_both_valuable|false_positive|unclear
,shard_00025.parquet:4710,shard_00074.parquet:3201,1.0000003576278687,2526,2526,"Filed under Start Up by Adam Smith, Jr. | May 24, 2012 I heard that 99% of all the businesses in the U.S. are 'small' businesses. Is this true? And what's the definition of a small business anyway? Adam Smith, Jr. Dear Adam Smith, Jr., You heard right! According to a report prepared for Congress from the Census data in 2003, small businesses comprised 99.7% of all the businesses in the nation. For purposes of this report, the definition of 'small' was any business with fewer than 500 employees. There are many official size standards, but this is the one commonly used. Census data shows 5.8 million small firms with employees and 18.6 owner-operated firms with no employees. These small firms employed 58.6 million workers as compared to the 17,000 large firms which employed 56.5 million. So over half of all private-sector employees in 2003 worked for a small business and these firms paid 45 percent of all private payroll dollars for that year. About 53 percent were home-based and another 3 percent were franchises. A 2007 SBA-funded study indicated that between 1998 and 2004 small businesses produced 50 percent of the gross domestic product (GDP). The role of small firms in exports is","Filed under Start Up by Adam Smith, Jr. | May 24, 2012 I heard that 99% of all the businesses in the U.S. are 'small' businesses. Is this true? And what's the definition of a small business anyway? Adam Smith, Jr. Dear Adam Smith, Jr., You heard right! According to a report prepared for Congress from the Census data in 2003, small businesses comprised 99.7% of all the businesses in the nation. For purposes of this report, the definition of 'small' was any business with fewer than 500 employees. There are many official size standards, but this is the one commonly used. Census data shows 5.8 million small firms with employees and 18.6 owner-operated firms with no employees. These small firms employed 58.6 million workers as compared to the 17,000 large firms which employed 56.5 million. So over half of all private-sector employees in 2003 worked for a small business and these firms paid 45 percent of all private payroll dollars for that year. About 53 percent were home-based and another 3 percent were franchises. A 2007 SBA-funded study indicated that between 1998 and 2004 small businesses produced 50 percent of the gross domestic product (GDP). The role of small firms in exports is",exact_duplicate|near_duplicate|semantic_duplicate|same_template_different_content|related_but_both_valuable|false_positive|unclear
,shard_00020.parquet:51802,shard_00108.parquet:39521,0.999999463558197,3720,3720,"June 8, 2012 The World Health Organization (WHO) has devised a scheme to vaccinate people living in over 194 countries. They joined forces with the Decade of Vaccine Collaboration (DVC) and published their plan last month. The Global Vaccine Action Plan (GVAP) is pushing governments worldwide with the power of the UN to back them to coerce the increase of global vaccinations through strategic programs. The DVC is comprised of stakeholders from the global health community. The Bill and Melinda Gates Foundation (BMGF) have also partnered with the WHO and DVC to support GVAP. The BMGF released a statement on the GVAP saying that they are excited to be part of this “incredible opportunity” to continue their efforts to eradicate polio in “Nigeria, Pakistan, and Afghanistan” and fund “vaccination campaigns with the support of international partners. The details of GVAP include delivery of vaccines to DVC between 2011 – 2020 with aims to administer these immunizations to under developed nations like Africa and India. The initiative will attempt to exceed the UN’s Millennium Development Goal (MDG) that “immunization . . . should be recognized as a core component of the human right to healt","June 8, 2012 The World Health Organization (WHO) has devised a scheme to vaccinate people living in over 194 countries. They joined forces with the Decade of Vaccine Collaboration (DVC) and published their plan last month. The Global Vaccine Action Plan (GVAP) is pushing governments worldwide with the power of the UN to back them to coerce the increase of global vaccinations through strategic programs. The DVC is comprised of stakeholders from the global health community. The Bill and Melinda Gates Foundation (BMGF) have also partnered with the WHO and DVC to support GVAP. The BMGF released a statement on the GVAP saying that they are excited to be part of this “incredible opportunity” to continue their efforts to eradicate polio in “Nigeria, Pakistan, and Afghanistan” and fund “vaccination campaigns with the support of international partners. The details of GVAP include delivery of vaccines to DVC between 2011 – 2020 with aims to administer these immunizations to under developed nations like Africa and India. The initiative will attempt to exceed the UN’s Millennium Development Goal (MDG) that “immunization . . . should be recognized as a core component of the human right to healt",exact_duplicate|near_duplicate|semantic_duplicate|same_template_different_content|related_but_both_valuable|false_positive|unclear
,shard_00153.parquet:33735,shard_00090.parquet:26021,1.000000238418579,1248,1248,"Buffalo Becomes A Huge Part Of History We decided to go to Buffalo, New York to possibly meet our President at a meet and greet at the Pan-American Exposition. We arrive at 4 P.M. September 6, 1901 just as the doors are opening to meet the President. People are pouring into the building to greet President McKinley; its hot so many people were using handkerchiefs to wipe sweat off of them. In the crowd a man by the name of Leon Czolgosz was there to kill the President. Czolgosz had a 32. Caliber revolver hidden under a handkerchief. He slowly made his way up to the President to shake his hand, when he got there he lifted the gun and shot the President twice. Czolgosz was immediately jumped on by guards and others in line and was being horribly beaten for shooting the President. President McKinley was able to speak loud enough to say, ""Go easy on him boys."" President McKinley died a few days later from the wounds. This man killed him because he felt that it wasn't fair for one man such as the president to have so much power and another man have none. If McKinley would have let there be more security this may have not happened. But he showed everyone what real character is by being ab","Buffalo Becomes A Huge Part Of History We decided to go to Buffalo, New York to possibly meet our President at a meet and greet at the Pan-American Exposition. We arrive at 4 P.M. September 6, 1901 just as the doors are opening to meet the President. People are pouring into the building to greet President McKinley; its hot so many people were using handkerchiefs to wipe sweat off of them. In the crowd a man by the name of Leon Czolgosz was there to kill the President. Czolgosz had a 32. Caliber revolver hidden under a handkerchief. He slowly made his way up to the President to shake his hand, when he got there he lifted the gun and shot the President twice. Czolgosz was immediately jumped on by guards and others in line and was being horribly beaten for shooting the President. President McKinley was able to speak loud enough to say, ""Go easy on him boys."" President McKinley died a few days later from the wounds. This man killed him because he felt that it wasn't fair for one man such as the president to have so much power and another man have none. If McKinley would have let there be more security this may have not happened. But he showed everyone what real character is by being ab",exact_duplicate|near_duplicate|semantic_duplicate|same_template_different_content|related_but_both_valuable|false_positive|unclear
,shard_00025.parquet:52162,shard_00143.parquet:48368,1.0000001192092896,2837,2837,"“Good!” he cried. “That’s exactly what I’d like for my dinner. And if Farmer Green hadn’t tarred his corn before planting it I know exactly where I’d go.” Then he thought deeply for a few minutes. “I’ll go over to the corn-crib and see if I can’t find some corn on the ground!” he exclaimed a little later. While he was thinking he ate the sample of corn, without once noticing what he did. So Mr. Crow flew swiftly to the farm-yard. It happened that there was nobody about. And, luckily, Mr. Crow found enough corn scattered near the door of the corn-crib to furnish him with a good dinner. The next morning, as soon as it began to grow light (for Mr. Crow was an early riser), he felt in his left-hand pocket once more. And he pulled out an elderberry. “That won’t do!” he said. “It’s too early in the season for elderberries.” But he ate the sample—though he found it rather dry, for it was a last year’s berry. And then he fished a bird’s egg out of the same pocket. “My favorite breakfast!” he remarked. He ate the egg. And at once he started out to hunt for more. Some people say that he robbed the nests of several small birds before he had breakfast enough. Mr. Crow then proceeded to pass th","“Good!” he cried. “That’s exactly what I’d like for my dinner. And if Farmer Green hadn’t tarred his corn before planting it I know exactly where I’d go.” Then he thought deeply for a few minutes. “I’ll go over to the corn-crib and see if I can’t find some corn on the ground!” he exclaimed a little later. While he was thinking he ate the sample of corn, without once noticing what he did. So Mr. Crow flew swiftly to the farm-yard. It happened that there was nobody about. And, luckily, Mr. Crow found enough corn scattered near the door of the corn-crib to furnish him with a good dinner. The next morning, as soon as it began to grow light (for Mr. Crow was an early riser), he felt in his left-hand pocket once more. And he pulled out an elderberry. “That won’t do!” he said. “It’s too early in the season for elderberries.” But he ate the sample—though he found it rather dry, for it was a last year’s berry. And then he fished a bird’s egg out of the same pocket. “My favorite breakfast!” he remarked. He ate the egg. And at once he started out to hunt for more. Some people say that he robbed the nests of several small birds before he had breakfast enough. Mr. Crow then proceeded to pass th",exact_duplicate|near_duplicate|semantic_duplicate|same_template_different_content|related_but_both_valuable|false_positive|unclear
,shard_00168.parquet:37323,shard_00030.parquet:20984,0.995492160320282,2812,2811,"The history of air conditioner started in the early days with the need to preserve foods. Foods that are kept at room temperature spoil easily due to the growth of bacteria. At temperature below 4°C (40°F), the growth of bacteria is reduced rapidly. As a result of the development in food refrigeration, other applications that follows include air conditioning, humidity control and manufacturing processes. The discovery of the principles of the absorption type of refrigeration in 1824 showed that liquefied ammonia could chill air when it is allowed to evaporate. Ice was created using compressor technology in the year 1842 by a physician named John Gorrie. The commercially available of air conditioning applications started based on the need to cool air for industrial processes than for personal comfort. The first electrical air conditioning was invented by Willis Haviland Carrier in the year 1902. He was also known as the Father of Modern Air Conditioning. His invention was designed to improve the manufacturing process of a printing plant. By controlling the temperature and humidity of the plant, the processes were made more efficient as the paper size and the ink alignment were consi","The history of air conditioner started in the early days with the need to preserve foods. Foods that are kept at room temperature spoil easily due to the growth of bacteria. At temperature below 4°C (40°F), the growth of bacteria is reduced rapidly. As a result of the development in food refrigeration, other applications that follows include air conditioning, humidity control and manufacturing processes. The discovery of the principles of the absorption type of refrigeration in 1824 showed that liquefied ammonia could chill air when it is allowed to evaporate. Ice was created using compressor technology in the year 1842 by a physician named John Gorrie. The commercially available of air conditioning applications started based on the need to cool air for industrial processes than for personal comfort. The first electrical air conditioning was invented by Willis Haviland Carrier in the year 1902. He was also known as the Father of Modern Air Conditioning. His invention was designed to improve the manufacturing process of a printing plant. By controlling the temperature and humidity of the plant, the processes were made more efficient as the paper size and the ink alignment were consi",exact_duplicate|near_duplicate|semantic_duplicate|same_template_different_content|related_but_both_valuable|false_positive|unclear
,shard_00047.parquet:19849,shard_00091.parquet:1382,0.9794219732284546,3251,3552,"When was Jesus' real birthday? Why scholars disagree with Christmas birth date. Christians around the world celebrate Dec. 25 as the birth of Jesus. But as many gather to exchange gifts, sing carols and marvel at Nativity scenes and Christmas trees, the story behind Jesus' birthday is more complicated than some may think. Scholars of history and the Bible have tackled the issue in the past: When was Jesus actually born? Here are a couple of points to consider. What does the Bible say? The Gospel of Luke tells us that Jesus was born at a time when shepherds were watching their flocks at night. This clue tells us that Jesus' birthday was not in the winter, since shepherds only look after their sheep during the spring. If the birth of Jesus had happened during the winter, the sheep would have been corralled. The Gospel of Luke also notes that Jesus' parents came to Bethlehem to register in a Roman census (Luke 2:1-4). According to the United Church of God, taking a census would have been difficult in December because of harsh winter conditions. So when was Jesus born? Some Bible experts say that Jesus might have been born by the end of September, based on the conception and birth of J","Christians around the world celebrate Dec. 25 as the birth of Jesus. But as many gather to exchange gifts, sing carols and marvel at Nativity scenes and Christmas trees, the story behind Jesus' birthday is more complicated than some may think. Scholars of history and the Bible have tackled the issue in the past: When was Jesus actually born? Here are a couple of points to consider. What does the Bible say? The Gospel of Luke tells us that Jesus was born at a time when shepherds were watching their flocks at night. This clue tells us that Jesus' birthday was not in the winter, since shepherds only look after their sheep during the spring. If the birth of Jesus had happened during the winter, the sheep would have been corralled. The Gospel of Luke also notes that Jesus' parents came to Bethlehem to register in a Roman census (Luke 2:1-4). According to the United Church of God, taking a census would have been difficult in December because of harsh winter conditions. So when was Jesus born? Some Bible experts say that Jesus might have been born by the end of September, based on the conception and birth of John the Baptist. If we factor in the year in which Jesus was born, things become",exact_duplicate|near_duplicate|semantic_duplicate|same_template_different_content|related_but_both_valuable|false_positive|unclear
,shard_00154.parquet:10984,shard_00023.parquet:5426,0.9580768942832947,4826,4542,"IBM and Samsung Unveil Semiconductor Breakthrough That Defies Conventional Design – Vertical device architecture demonstrates the path to scaling beyond nanosheet – Aims to enable 85 percent energy reduction compared to scaled finFET transistors – Developed at the Albany Nanotech Complex in New York, home to a world-leading ecosystem of semiconductor research and prototyping IBM (NYSE: IBM) and Samsung Electronics jointly announced a breakthrough in semiconductor design utilizing a new vertical transistor architecture that demonstrates a path to scaling beyond nanosheet and has the potential to reduce energy usage by 85 percent compared to a scaled fin field-effect transistor (finFET)1. The global semiconductor shortage has highlighted the critical role of investment in chip research and development and the importance of chips in everything from computing, to appliances, to communication devices, transportation systems, and critical infrastructure. This collaborative approach to innovation makes the Albany Nanotech Complex a world-leading ecosystem for semiconductor research and creates a strong innovation pipeline, helping to address manufacturing demands and accelerate the growth","IBM and Samsung unveil supremely energy-efficient semiconductor design Image credit: IBM The companies claim their vertical device architecture could reduce a chip's energy usage to such an extent that smartphones might only need charging once a week. The global semiconductor shortage has highlighted the critical role of investment in chip research and development and the importance of chips in everything from computing, to appliances, communication devices, transportation systems and critical infrastructure. IBM and Samsung Electronics have jointly announced a breakthrough in semiconductor design using a new vertical transistor architecture that demonstrates a path to scaling beyond nanosheet and has the potential to reduce energy usage by 85 per cent compared to a scaled fin field-effect transistor (finFET). The new vertical transistor breakthrough could help the semiconductor industry continue its relentless journey to deliver significant improvements, including a potential device architecture that enables semiconductor device scaling to continue beyond nanosheet, smartphone batteries that could last a week or more without being charged, and energy-intensive processes, such as c",exact_duplicate|near_duplicate|semantic_duplicate|same_template_different_content|related_but_both_valuable|false_positive|unclear
,shard_00000.parquet:29547,shard_00120.parquet:38656,0.9999998807907104,5478,5478,"Table of Contents NO MORE days by days running behind your child when he/she rides a bike. NO MORE falls, NO MORE cries and NO MORE fear of crashing. Nowadays, learning to ride bicycle is not that harsh. So, how do we as parents accelerate the learning process without pushing our kids too much? How removing pedals and training wheels can help toddlers and preschoolers learn to ride easier? You may think there would be some dark arts here, right? In fact, with an ideal balance bike, most tots can be taught in less than an hour – about 30 minutes! Funny how a balance bike makes such a difference, isn’t it? Below are 4 steps to ensure your young riders can conquer a bicycle in 30 minutes: Step 1: GET THE BEST BALANCE BIKE If you’re not a believer of balance bikes, then you’ll find it hard to imagine that this “riding toy” helped my 2-year-old girl to switch to pedal bike quickly and easily. Starting on the right balance bike is the Strider Pro, she conquered the hardest part of riding a bike is balancing first. There have never been more choice and quality in kids’ balance bike that gives parents a greater variety of decisions best fitting their needs. How about your child’s needs exa","Table of Contents NO MORE days by days running behind your child when he/she rides a bike. NO MORE falls, NO MORE cries and NO MORE fear of crashing. Nowadays, learning to ride bicycle is not that harsh. So, how do we as parents accelerate the learning process without pushing our kids too much? How removing pedals and training wheels can help toddlers and preschoolers learn to ride easier? You may think there would be some dark arts here, right? In fact, with an ideal balance bike, most tots can be taught in less than an hour – about 30 minutes! Funny how a balance bike makes such a difference, isn’t it? Below are 4 steps to ensure your young riders can conquer a bicycle in 30 minutes: Step 1: GET THE BEST BALANCE BIKE If you’re not a believer of balance bikes, then you’ll find it hard to imagine that this “riding toy” helped my 2-year-old girl to switch to pedal bike quickly and easily. Starting on the right balance bike is the Strider Pro, she conquered the hardest part of riding a bike is balancing first. There have never been more choice and quality in kids’ balance bike that gives parents a greater variety of decisions best fitting their needs. How about your child’s needs exa",exact_duplicate|near_duplicate|semantic_duplicate|same_template_different_content|related_but_both_valuable|false_positive|unclear
,shard_00149.parquet:22848,shard_00122.parquet:25458,0.9934167265892029,17108,16185,"National Organization for Rare Disorders, Inc. It is possible that the main title of the report Agranulocytosis, Acquired is not the name you expected. Acquired agranulocytosis is a rare, drug-induced blood disorder that is characterized by a severe reduction in the number of white blood cells (granulocytes) in the circulating blood. The name granulocyte refers to grain-like bodies within the cell. Granulocytes include basophils, eosinophils, and neutrophils. Acquired agranulocytosis may be caused by a variety of drugs. However, among the drugs to which a patient may be sensitive are several used in the treatment of cancer (cancer chemotherapeutic agents) and others used as antipsychotic medications (e.g., clozapine). The symptoms of this disorder come about as the result of interference in the production of granulocytes in the bone marrow. People with acquired agranulocytosis are susceptible to a variety of bacterial infections, usually caused by otherwise benign bacteria found in the body. Not infrequently, painful ulcers also develop in mucous membranes that line the mouth and/or the gastrointestinal tract. The first symptoms of acquired agranulocytosis are usually those associa","Synonyms of Agranulocytosis, Acquired - Agranulocytic Angina - Granulocytopenia, Primary - Neutropenia, Malignant - No subdivisions found. Acquired agranulocytosis is a rare, drug-induced blood disorder that is characterized by a severe reduction in the number of white blood cells (granulocytes) in the circulating blood. The name granulocyte refers to grain-like bodies within the cell. Granulocytes include basophils, eosinophils, and neutrophils. Acquired agranulocytosis may be caused by a variety of drugs. However, among the drugs to which a patient may be sensitive are several used in the treatment of cancer (cancer chemotherapeutic agents) and others used as antipsychotic medications (e.g., clozapine). The symptoms of this disorder come about as the result of interference in the production of granulocytes in the bone marrow. People with acquired agranulocytosis are susceptible to a variety of bacterial infections, usually caused by otherwise benign bacteria found in the body. Not infrequently, painful ulcers also develop in mucous membranes that line the mouth and/or the gastrointestinal tract. The first symptoms of acquired agranulocytosis are usually those associated with a ba",exact_duplicate|near_duplicate|semantic_duplicate|same_template_different_content|related_but_both_valuable|false_positive|unclear
,shard_00132.parquet:37640,shard_00121.parquet:40195,1.0000001192092896,2066,2066,"In Level 3, the past tense - a form that is critical to effective retelling of events - is systematically introduced. The words at this level involve more advanced concepts, the stories are longer and extend over two books. Comprehension activities are introduced aimed at teaching children the vital skill of knowing how to summarize stories. |Level||New Words||New Words + Variants||Total New Words||New Books| Here is an example of teaching the word ""think"" through the Find and Fill format which teaches spelling. In teaching spelling, it's common to ask children to write the same word several times in a row. Unfortunately, this tends to be ineffective. It's important to get the child to focus in a more thoughtful manner. The Find and Fill format is designed for that purpose. For example, as you can see with the word think, the child first sees a model of the word. Here is an example of teaching the super sight word ""could"" through the Replace the Space format. Which gives children additional insight into the meaning and use of this special category of words. (Super sight words are a group of about 100 words - all of which are taught in the Reading Kingdom - which occupy 50%-60% of e","In Level 3, the past tense - a form that is critical to effective retelling of events - is systematically introduced. The words at this level involve more advanced concepts, the stories are longer and extend over two books. Comprehension activities are introduced aimed at teaching children the vital skill of knowing how to summarize stories. |Level||New Words||New Words + Variants||Total New Words||New Books| Here is an example of teaching the word ""think"" through the Find and Fill format which teaches spelling. In teaching spelling, it's common to ask children to write the same word several times in a row. Unfortunately, this tends to be ineffective. It's important to get the child to focus in a more thoughtful manner. The Find and Fill format is designed for that purpose. For example, as you can see with the word think, the child first sees a model of the word. Here is an example of teaching the super sight word ""could"" through the Replace the Space format. Which gives children additional insight into the meaning and use of this special category of words. (Super sight words are a group of about 100 words - all of which are taught in the Reading Kingdom - which occupy 50%-60% of e",exact_duplicate|near_duplicate|semantic_duplicate|same_template_different_content|related_but_both_valuable|false_positive|unclear
,shard_00106.parquet:26858,shard_00128.parquet:24769,0.9999993443489075,743,743,"Pan South African Language Board The Pan South African Language Board (PanSALB) was established in South Africa to promote multilingualism and language rights as well as to develop the official languages of South Africa. The body was established through an Act of parliament (59 of 1995, amended by Act 10 of 1999). The official languages of the Republic of South Africa are Northern Sotho, Sotho, Tswana, Swazi, Venda, Tsonga, Afrikaans, English, Ndebele, Xhosa and Zulu. In addition to these, PanSALB also strives to achieve equal status for Khoe, Nama, and the San languages as well as South African Sign Language. PanSALB structures include: Provincial Language Committees, the National Language Bodies and the National Lexicography Units.","Pan South African Language Board The Pan South African Language Board (PanSALB) was established in South Africa to promote multilingualism and language rights as well as to develop the official languages of South Africa. The body was established through an Act of parliament (59 of 1995, amended by Act 10 of 1999). The official languages of the Republic of South Africa are Northern Sotho, Sotho, Tswana, Swazi, Venda, Tsonga, Afrikaans, English, Ndebele, Xhosa and Zulu. In addition to these, PanSALB also strives to achieve equal status for Khoe, Nama, and the San languages as well as South African Sign Language. PanSALB structures include: Provincial Language Committees, the National Language Bodies and the National Lexicography Units.",exact_duplicate|near_duplicate|semantic_duplicate|same_template_different_content|related_but_both_valuable|false_positive|unclear
,shard_00002.parquet:32010,shard_00112.parquet:53731,1.0000004768371582,6440,6440,"the development of armed forces and their use as a tool of diplomacy; Military build up caused by a threat posed by neighbors, turned into an arms race as each nation tried to develop weapons more powerful than their neighbors The nations were scared to disrupt the balance of power between the alliances when a spark between the Allies and Central powers caused conflict; Triple Alliance and Triple Entente European nations wanted territory held by neighboring countries (Germany fought with France and Britain to be the best and have colonies) Attempts to unite all German-speaking peoples under one flag and attempts to unite all Slavic people were bound to conflict as the populations were scattered over the same territories; Led to competition and antagonizing because of devotion to a country; Ethnic groups hated being dominated and wanted to become independent; Russia and Austria-Hungary became rivals through fighting for Serbia archduke franz ferdinand Assassinated on a goodwill trip to Sarajevo, capital of Bosnia and Herzegovina; Heir to the Austro-Hungarian throne; Was a cause of the Great War the black hand Secret terrorist group that was responsible for planning the assassination","the development of armed forces and their use as a tool of diplomacy; Military build up caused by a threat posed by neighbors, turned into an arms race as each nation tried to develop weapons more powerful than their neighbors The nations were scared to disrupt the balance of power between the alliances when a spark between the Allies and Central powers caused conflict; Triple Alliance and Triple Entente European nations wanted territory held by neighboring countries (Germany fought with France and Britain to be the best and have colonies) Attempts to unite all German-speaking peoples under one flag and attempts to unite all Slavic people were bound to conflict as the populations were scattered over the same territories; Led to competition and antagonizing because of devotion to a country; Ethnic groups hated being dominated and wanted to become independent; Russia and Austria-Hungary became rivals through fighting for Serbia archduke franz ferdinand Assassinated on a goodwill trip to Sarajevo, capital of Bosnia and Herzegovina; Heir to the Austro-Hungarian throne; Was a cause of the Great War the black hand Secret terrorist group that was responsible for planning the assassination",exact_duplicate|near_duplicate|semantic_duplicate|same_template_different_content|related_but_both_valuable|false_positive|unclear
,shard_00148.parquet:6751,shard_00048.parquet:3827,1.0000005960464478,5406,5406,"An estimated 240,000 people are living under siege in Syria, according to U.N. figures – putting them in communities without steady access to food, water or electricity. The Syrian government has been accused of deliberately cutting off those vital resources in rebel-held areas, in a strategy that’s been called “starvation or submission” – deprivation as a weapon of war. In response, several community groups have begun to grow food inside their war-torn towns to stave off starvation. Urban farming has emerged as a coping strategy, to fill in the gaps between sporadic food deliveries. Syria has had a tradition of urban farming for over 60 years. But the continuous violence, a lack of access to water and supplies, and varied levels of knowledge in farming techniques has made it hard to practice. That’s where Ansar Hevi decided to step in, working with a program to support Syria’s urban farmers. Hevi, a German-Iraqi woman who has spent time in Syria, works with the 15th Garden, a farmers’ solidarity network supporting Syrians looking to grow their own food. “There are many groups in Syria doing this type of farming,” Hevi told Syria Deeply. “They had to watch YouTube videos on how to","An estimated 240,000 people are living under siege in Syria, according to U.N. figures – putting them in communities without steady access to food, water or electricity. The Syrian government has been accused of deliberately cutting off those vital resources in rebel-held areas, in a strategy that’s been called “starvation or submission” – deprivation as a weapon of war. In response, several community groups have begun to grow food inside their war-torn towns to stave off starvation. Urban farming has emerged as a coping strategy, to fill in the gaps between sporadic food deliveries. Syria has had a tradition of urban farming for over 60 years. But the continuous violence, a lack of access to water and supplies, and varied levels of knowledge in farming techniques has made it hard to practice. That’s where Ansar Hevi decided to step in, working with a program to support Syria’s urban farmers. Hevi, a German-Iraqi woman who has spent time in Syria, works with the 15th Garden, a farmers’ solidarity network supporting Syrians looking to grow their own food. “There are many groups in Syria doing this type of farming,” Hevi told Syria Deeply. “They had to watch YouTube videos on how to",exact_duplicate|near_duplicate|semantic_duplicate|same_template_different_content|related_but_both_valuable|false_positive|unclear
,shard_00094.parquet:7840,shard_00031.parquet:53630,0.9969244599342346,5802,5654,"Sick of tinsel, carols and talk of virgin birth? In New Zealand, Australia and many other countries, it’s hard to escape Christmas in December. But even if you don’t believe in Christ or a God, religion can still be a powerful force. Research shows that even nonreligious people may hold unconscious beliefs linked to religion that can affect their psychology. By many measures, religion in Australia, New Zealand and the USA is declining – but Christianity still shapes the culture and politics of these societies, from the holidays celebrated to values officially endorsed. It’s not that surprising that religious symbols and traditions remain in secularised societies. What is surprising is how religious beliefs may remain in and affect the minds of secular people. Subconscious responses to God A study in Finland explored how religious and non-religious people responded to the idea of God. The researchers used electrodes to measure how much sweat people produced while reading statements like “I dare God to make my parents drown” or “I dare God to make me die of cancer”. Unexpectedly, when nonbelievers read the statements, they produced as much sweat as believers — suggesting they were eq","Sick of tinsel, carols and talk of virgin birth? In New Zealand, Australia and many other countries, it’s hard to escape Christmas in December. But even if you don’t believe in Christ or a God, religion can still be a powerful force. Research shows that even nonreligious people may hold unconscious beliefs linked to religion that can affect their psychology. By many measures, religion in Australia, New Zealand and the USA is declining – but Christianity still shapes the culture and politics of these societies, from the holidays celebrated to values officially endorsed. It’s not that surprising that religious symbols and traditions remain in secularised societies. What is surprising is how religious beliefs may remain in and affect the minds of secular people. Subconscious responses to God A study in Finland explored how religious and non-religious people responded to the idea of God. The researchers used electrodes to measure how much sweat people produced while reading statements like “I dare God to make my parents drown” or “I dare God to make me die of cancer”. Unexpectedly, when nonbelievers read the statements, they produced as much sweat as believers – suggesting they were eq",exact_duplicate|near_duplicate|semantic_duplicate|same_template_different_content|related_but_both_valuable|false_positive|unclear
,shard_00037.parquet:31229,shard_00066.parquet:46390,0.9303777813911438,2643,2645,"Hydration in winter The drinking of water in winter is a real challenge. In the summer, we tend to replace excreted fluids more frequently since we feel a greater need to drink because of perspiration and at the same time we also cool our body down with the consumed liquid. In the winter, this is not the case, and we frequently find ourselves in a situation when we barely consume a whole glass of water throughout the day. At the same time, we wonder why the skin on our hands is so cracked... The situation is made even worse by the low air humidity outside and inside since we excrete a lot of water through breathing as well. By the way: did you know that you would not be able to live with an air humidity of 0%? You simply could not breathe... In the winter, we usually change our diet – due to the lower temperatures our needs for food rise and we simply eat more, whereas the food is also stronger. Food that we need to warm the body up can be transformed into energy only if we are sufficiently hydrated. Therefore water is one of the key regulators of our body’s temperature and good health. However, it is not only important for the regulation of our body temperature but also for the pr","Hidratação no Inverno The drinking of water in winter is a real challenge. In the summer, we tend to replace excreted fluids more frequently since we feel a greater need to drink because of perspiration and at the same time we also cool our body down with the consumed liquid. In the winter, this is not the case, and we frequently find ourselves in a situation when we barely consume a whole glass of water throughout the day. At the same time, we wonder why the skin on our hands is so cracked... The situation is made even worse by the low air humidity outside and inside since we excrete a lot of water through breathing as well. By the way: did you know that you would not be able to live with an air humidity of 0%? You simply could not breathe... In the winter, we usually change our diet – due to the lower temperatures our needs for food rise and we simply eat more, whereas the food is also stronger. Food that we need to warm the body up can be transformed into energy only if we are sufficiently hydrated. Therefore water is one of the key regulators of our body’s temperature and good health. However, it is not only important for the regulation of our body temperature but also for the",exact_duplicate|near_duplicate|semantic_duplicate|same_template_different_content|related_but_both_valuable|false_positive|unclear
,shard_00035.parquet:87,shard_00056.parquet:19107,0.9999999403953552,2082,2082,"European wasps are approximately 20mm in length, their nests look like grey cardboard and are usually about the size of a football. The wasps can build their nests underground and in trees as well as under, or in the walls of, houses. The only way to control European wasps is to destroy their nests. This should only be done by a licensed pest controller as the wasps can become extremely aggressive when attacked. European wasp nests typically contain several thousand wasps that can sting repeatedly. Bees are slightly smaller than wasps and are less aggressive, usually only stinging in self-defence. They travel in swarms and often stay in an area only 1 or 2 days before moving on. Bee swarms can't be removed until they begin to build a hive. Report a beehive or wasp nest If you have a beehive or European wasp nest on your property, it's your responsibility to contact a licensed pest controller to remove it. The Victorian Apiarists' Association also has a Bee Removal Hotline on 1902 241 059 (charges apply). If you notice a beehive or wasp nest on a neighbouring property, we recommend you first talk to the owner of the property and direct them to this page for information. This is usua","European wasps are approximately 20mm in length, their nests look like grey cardboard and are usually about the size of a football. The wasps can build their nests underground and in trees as well as under, or in the walls of, houses. The only way to control European wasps is to destroy their nests. This should only be done by a licensed pest controller as the wasps can become extremely aggressive when attacked. European wasp nests typically contain several thousand wasps that can sting repeatedly. Bees are slightly smaller than wasps and are less aggressive, usually only stinging in self-defence. They travel in swarms and often stay in an area only 1 or 2 days before moving on. Bee swarms can't be removed until they begin to build a hive. Report a beehive or wasp nest If you have a beehive or European wasp nest on your property, it's your responsibility to contact a licensed pest controller to remove it. The Victorian Apiarists' Association also has a Bee Removal Hotline on 1902 241 059 (charges apply). If you notice a beehive or wasp nest on a neighbouring property, we recommend you first talk to the owner of the property and direct them to this page for information. This is usua",exact_duplicate|near_duplicate|semantic_duplicate|same_template_different_content|related_but_both_valuable|false_positive|unclear
,shard_00028.parquet:29359,shard_00161.parquet:16343,0.9887698292732239,3039,2767,"Oxygen is a gas that the cells in your body need to work properly. The air we breathe normally contains 21% oxygen. We can receive up to 100% oxygen. WHY IS OXYGEN USED? Babies with heart or lung problems may need to breathe increased amounts of oxygen to get normal levels of oxygen in their blood. HOW IS OXYGEN DELIVERED? There are several different ways to deliver oxygen to a baby. Which method is used depends on how much oxygen is needed and whether the baby needs a breathing machine. An oxygen hood is used for babies who can breathe on their own but still need extra oxygen. A hood is a plastic dome or box with warm, moist oxygen inside. The hood is placed over the baby's head. A thin, soft, plastic tube called a nasal cannula may be used instead. This tube has soft prongs that gently fit into the baby’s nose. Oxygen flows through the tube. The baby must be able to breathe without assistance to use this type of oxygen therapy. Another method is a nasal CPAP system. CPAP stands for continuous positive airway pressure. It is used for babies who need more help breathing than they can get from an oxygen hood or nasal cannula, but they do not need a machine to completely breathe for","Oxygen is a gas that the cells in your body need to work properly. The air we breathe normally has 21% oxygen. A maximum of 100% oxygen can be given. WHY IS OXYGEN USED? Babies with heart or lung problems may need increased amounts of oxygen. HOW IS OXYGEN DELIVERED? There are several different ways to deliver oxygen to a baby. It depends on how much oxygen is needed and whether your baby requires a breathing machine. An oxygen hood is used for babies who can breathe on their own but still need extra oxygen. A hood is a plastic dome or box with warm, moist oxygen inside. The hood is placed over the baby's head. A thin, soft, plastic tube called a nasal cannula may be used instead. This tube has soft prongs that gently fit into your baby’s nose. Oxygen flows through the tube. The baby must be able to breathe without assistance in order to use this type of oxygen therapy. Another alternative is a nasal CPAP system. CPAP stands for continuous positive airway pressure. A CPAP machine delivers oxygen through tubes with soft nasal prongs, but the air is under higher pressure, which helps the lungs better expand (inflate). Finally, a breathing machine or ventilator may be needed to delive",exact_duplicate|near_duplicate|semantic_duplicate|same_template_different_content|related_but_both_valuable|false_positive|unclear
,shard_00005.parquet:46916,shard_00126.parquet:41875,1.0,2603,2603,"The acai berry comes from the Euterpe oleracea palm tree that is native to the Amazon rainforest in Brazil. The tree grows to 100 feet in height, or taller. It has become popular among health enthusiasts for its proven antioxidant property; in 2006, the Journal of Agricultural and Food Chemistry announced that the acai berry has the highest concentration of antioxidants of any plant food. However, before consuming acai berry, keep in mind a few warnings. When acai berries are dried or pressed into juice and then bottled, some of their antioxidants become lost. To benefit from the maximum amount of antioxidants, it is best to eat fresh berries or juice expressed from them. However, the palm trees that produce acai berries do not grow in many places outside of Brazil, so it can be difficult to obtain fresh berries in the United States. Some of the commercially available acai berry products contain other fruit juices, vitamins and nutrients. These ingredients can come with warnings of their own, so it is wise to look at the label of any acai berry product you are thinking of purchasing and make sure you understand any side effects or contraindications those ingredients might cause. In","The acai berry comes from the Euterpe oleracea palm tree that is native to the Amazon rainforest in Brazil. The tree grows to 100 feet in height, or taller. It has become popular among health enthusiasts for its proven antioxidant property; in 2006, the Journal of Agricultural and Food Chemistry announced that the acai berry has the highest concentration of antioxidants of any plant food. However, before consuming acai berry, keep in mind a few warnings. When acai berries are dried or pressed into juice and then bottled, some of their antioxidants become lost. To benefit from the maximum amount of antioxidants, it is best to eat fresh berries or juice expressed from them. However, the palm trees that produce acai berries do not grow in many places outside of Brazil, so it can be difficult to obtain fresh berries in the United States. Some of the commercially available acai berry products contain other fruit juices, vitamins and nutrients. These ingredients can come with warnings of their own, so it is wise to look at the label of any acai berry product you are thinking of purchasing and make sure you understand any side effects or contraindications those ingredients might cause. In",exact_duplicate|near_duplicate|semantic_duplicate|same_template_different_content|related_but_both_valuable|false_positive|unclear
,shard_00077.parquet:36558,shard_00157.parquet:22585,0.9999999403953552,5860,5860,"Intestinal microbiota is one of three holistic gears to ensuring the intestinal health of production animals like poultry and swine. The intestinal health of production animals are critical to obtaining their optimum genetic potential because the healthier the intestine, the better the ability to digest food and absorb nutrients. In order to fully realise the fundamental role intestinal microbiota plays within the greater picture of intestinal health management, we first need to understand exactly what intestinal microbiota is and how it can be developed and maintained. All animals live in harmony with a large population of microorganisms that reside on their skin, inside the reproductive, respiratory and gastric intestinal tracts. Each of these environments are referred to as a microbiome and their microorganisms are called microbiota. The largest microbiome can be found in the intestine. The number of microorganisms living in the intestine of animals out numbers the cells in the animal’s body by 10 to 1 comprising of more than 900 different species of bacteria. Different parts of the intestinal tract are hosts to different species and diversity of bacteria. The highest diversity","Intestinal microbiota is one of three holistic gears to ensuring the intestinal health of production animals like poultry and swine. The intestinal health of production animals are critical to obtaining their optimum genetic potential because the healthier the intestine, the better the ability to digest food and absorb nutrients. In order to fully realise the fundamental role intestinal microbiota plays within the greater picture of intestinal health management, we first need to understand exactly what intestinal microbiota is and how it can be developed and maintained. All animals live in harmony with a large population of microorganisms that reside on their skin, inside the reproductive, respiratory and gastric intestinal tracts. Each of these environments are referred to as a microbiome and their microorganisms are called microbiota. The largest microbiome can be found in the intestine. The number of microorganisms living in the intestine of animals out numbers the cells in the animal’s body by 10 to 1 comprising of more than 900 different species of bacteria. Different parts of the intestinal tract are hosts to different species and diversity of bacteria. The highest diversity",exact_duplicate|near_duplicate|semantic_duplicate|same_template_different_content|related_but_both_valuable|false_positive|unclear
,shard_00089.parquet:32023,shard_00028.parquet:50694,0.9999999403953552,1388,1388,"In 2004, Human Rights Watch produced a report on the Israeli mass destruction of houses and infrastructure on the southwest edge of the occupied Gaza Strip, along the border with Egypt. From 2000 to 2004 the Israeli Defense Force (IDF) destroyed over 2,500 houses in this area, with 2/3 of those houses located in Rafah, a densely populated refugee camp and city adjacent to the Egyptian border.As part of the preparation for this report satellite imagery was used to analyze damage done by the Israeli forces and to chronicle the destruction. Specifically, the imagery supplemented field research and interviews conducted by Human Rights Watch during July of 2004. The imagery used includes eight satellite photographs from the IKONOS satellite. Satellite images were provided by Imaging North America, Space Imaging Eurasia, Space Imaging Middle East, and Digital Globe. Eye in the Sky: Monitoring Human Rights Abuses Using Geospatial…. Lars Bromley A Population-Based Assessment of Human Rights Abuses Committed Against Ethnic…. Vincent Iacopino, MD, PhD; Martina W. Frank, MPH; Heidi M…. Towards a Human Rights Observing System. Lars Bromley Data and Tools Gridded Population of the World, v3. Ce","In 2004, Human Rights Watch produced a report on the Israeli mass destruction of houses and infrastructure on the southwest edge of the occupied Gaza Strip, along the border with Egypt. From 2000 to 2004 the Israeli Defense Force (IDF) destroyed over 2,500 houses in this area, with 2/3 of those houses located in Rafah, a densely populated refugee camp and city adjacent to the Egyptian border.As part of the preparation for this report satellite imagery was used to analyze damage done by the Israeli forces and to chronicle the destruction. Specifically, the imagery supplemented field research and interviews conducted by Human Rights Watch during July of 2004. The imagery used includes eight satellite photographs from the IKONOS satellite. Satellite images were provided by Imaging North America, Space Imaging Eurasia, Space Imaging Middle East, and Digital Globe. Eye in the Sky: Monitoring Human Rights Abuses Using Geospatial…. Lars Bromley A Population-Based Assessment of Human Rights Abuses Committed Against Ethnic…. Vincent Iacopino, MD, PhD; Martina W. Frank, MPH; Heidi M…. Towards a Human Rights Observing System. Lars Bromley Data and Tools Gridded Population of the World, v3. Ce",exact_duplicate|near_duplicate|semantic_duplicate|same_template_different_content|related_but_both_valuable|false_positive|unclear
,shard_00096.parquet:51505,shard_00135.parquet:36523,1.0000001192092896,3236,3236,"Pianos are widely used musical instruments especially in western countries like USA, Germany, UK, and France. They are great accompaniments for performance and can also be used for training and rehearsals. It has its origins from stringed instruments that have been around since the middle ages. A piano has five major parts: -The frame: This is made of cast iron or any relevant metal that is durable and strong enough. -The soundboard which reinforces the tone by means of vibration. -The strings which are made of steel wire. The material for making the string wires should be light, inextensibles, durable and not prone to rust. -Action or mechanism for propelling the hammers against the strings. -The pedals which act as levers and are pressed by the feet. Modern pianos are classified into two major categories: 1) Upright pianos (Vertical pianos) 2) Grand pianos Due to recent developments in the electronics technology there are also digital pianos which are smaller and much cheaper than the above pianos. The grand piano has strings which are arranged horizontally. They are large and are mainly used in concerts. As the name suggests this type of piano has strings which are arranged vert","Pianos are widely used musical instruments especially in western countries like USA, Germany, UK, and France. They are great accompaniments for performance and can also be used for training and rehearsals. It has its origins from stringed instruments that have been around since the middle ages. A piano has five major parts: -The frame: This is made of cast iron or any relevant metal that is durable and strong enough. -The soundboard which reinforces the tone by means of vibration. -The strings which are made of steel wire. The material for making the string wires should be light, inextensibles, durable and not prone to rust. -Action or mechanism for propelling the hammers against the strings. -The pedals which act as levers and are pressed by the feet. Modern pianos are classified into two major categories: 1) Upright pianos (Vertical pianos) 2) Grand pianos Due to recent developments in the electronics technology there are also digital pianos which are smaller and much cheaper than the above pianos. The grand piano has strings which are arranged horizontally. They are large and are mainly used in concerts. As the name suggests this type of piano has strings which are arranged vert",exact_duplicate|near_duplicate|semantic_duplicate|same_template_different_content|related_but_both_valuable|false_positive|unclear
,shard_00022.parquet:47099,shard_00056.parquet:332,1.0000003576278687,2291,2291,"The year was 1968. Don Draper ruled Madison Avenue, and stewardesses (that’s what they were called then) ruled the skies…that is, as long as they did not work for United Airlines and were not married. A fight for their equal rights started in 1968, and was won 18 long years later, on October 6, 1986. Until November 7, 1968, United Airlines required its female stewardesses to remain unmarried as a condition of employment. No similar restriction was placed on male stewards (called cabin flight attendants). The dichotomy was exposed when United Airlines hired 48 male native Hawaiians on its Honolulu routes to provide “local color” (United’s words, not The Edge’s). The male Hawaiians were permitted to marry. United Airlines’ attempt at justifying this policy was, at best, awkward: it argued that male business travelers were lured to flying by single stewardesses. According to the United States Supreme Court case, United Airlines v. McDonald, the “no marriage” rule resulted in the termination of a “large number” of stewardesses. One of the first to bring a challenge was Mary Sprogis, who brought an Equal Employment Opportunity Commission (EEOC) challenge in August of 1966. The EEOC issu","The year was 1968. Don Draper ruled Madison Avenue, and stewardesses (that’s what they were called then) ruled the skies…that is, as long as they did not work for United Airlines and were not married. A fight for their equal rights started in 1968, and was won 18 long years later, on October 6, 1986. Until November 7, 1968, United Airlines required its female stewardesses to remain unmarried as a condition of employment. No similar restriction was placed on male stewards (called cabin flight attendants). The dichotomy was exposed when United Airlines hired 48 male native Hawaiians on its Honolulu routes to provide “local color” (United’s words, not The Edge’s). The male Hawaiians were permitted to marry. United Airlines’ attempt at justifying this policy was, at best, awkward: it argued that male business travelers were lured to flying by single stewardesses. According to the United States Supreme Court case, United Airlines v. McDonald, the “no marriage” rule resulted in the termination of a “large number” of stewardesses. One of the first to bring a challenge was Mary Sprogis, who brought an Equal Employment Opportunity Commission (EEOC) challenge in August of 1966. The EEOC issu",exact_duplicate|near_duplicate|semantic_duplicate|same_template_different_content|related_but_both_valuable|false_positive|unclear
,shard_00140.parquet:15207,shard_00055.parquet:46803,0.99233078956604,6321,6220,"|With between 10,000 to 30,000 tourists each day, Vatican may have to limit visitors to Sistine Chapel| In this April 16, 2005 file photo, tables and chairs line the Sistine Chapel at the Vatican in preparation for the conclave. Five centuries after Michelangelo's ceiling frescoes were inaugurated at the Sistine Chapel, at least 10,000 people visit the site each day, raising concerns about temperature, dust and humidity affecting the famed art. But a Vatican Museums official said in the Vatican newspaper Wednesday, Oct. 31, 2012 that there are no plans to try to limit tourists' access. AP Photo/Pier Paolo Cito, File. By: Jean-Louis de la Vaissaire VATICAN CITY (AFP).- As the Sistine Chapel celebrates its 500th anniversary, the Vatican said Wednesday it may have to limit the huge numbers of visitors because pollution is damaging Michelangelo's frescoes, one of the artistic wonders of the world. The scenes, including the moment in which God reaches out and gives life to Adam with the touch of his finger, are being damaged by the breath, sweat and heat of the 10,000 to 30,000 tourists who walk through the chapel every day. The Vatican had an air-conditioning system fitted during resto","|With between 10,000 to 30,000 tourists each day, Vatican may have to limit visitors to Sistine Chapel| In this April 16, 2005 file photo, tables and chairs line the Sistine Chapel at the Vatican in preparation for the conclave. Five centuries after Michelangelo's ceiling frescoes were inaugurated at the Sistine Chapel, at least 10,000 people visit the site each day, raising concerns about temperature, dust and humidity affecting the famed art. But a Vatican Museums official said in the Vatican newspaper Wednesday, Oct. 31, 2012 that there are no plans to try to limit tourists' access. AP Photo/Pier Paolo Cito, File. By: Jean-Louis de la Vaissaire VATICAN CITY (AFP).- As the Sistine Chapel celebrates its 500th anniversary, the Vatican said Wednesday it may have to limit the huge numbers of visitors because pollution is damaging Michelangelo's frescoes, one of the artistic wonders of the world. The scenes, including the moment in which God reaches out and gives life to Adam with the touch of his finger, are being damaged by the breath, sweat and heat of the 10,000 to 30,000 tourists who walk through the chapel every day. The Vatican had an air-conditioning system fitted during resto",exact_duplicate|near_duplicate|semantic_duplicate|same_template_different_content|related_but_both_valuable|false_positive|unclear
,shard_00113.parquet:40231,shard_00132.parquet:15010,0.9821199178695679,4672,5898,"A comparatively new form of a medication for alcohol and opioid dependence that's injected once a month instead of taken orally once a day appears to be significantly more effective than some other medications – because more patients actually continue the prescribed regimen. The findings, published in the Journal of Substance Abuse Treatment by researchers from Oregon State University and other institutions, offer support for a wider use of medications that may help reduce or prevent substance abuse and related hospital admissions. The cost savings could offset the cost of the medication, researchers said. In the past, there has been fairly low use of medications to treat alcohol and opioid dependence. Several treatment options are available, with differing mechanisms of action, and they generally work to reduce the pleasurable feelings associated with drug and alcohol use, thereby discouraging the use of them. The medication in the study that was found to be more effective than some past approaches was extended-release Naltrexone, which is administered once a month by injection in a medical setting. The research was supported by Alkermes, Inc., the manufacturer of that medication.","A comparatively new form of a medication for alcohol and opioid dependence that’s injected once a month instead of taken orally once a day appears to be significantly more effective than some other medications - because more patients actually continue the prescribed regimen. The findings, published in the Journal of Substance Abuse Treatment by researchers from Oregon State University and other institutions, offer support for a wider use of medications that may help reduce or prevent substance abuse and related hospital admissions. The cost savings could offset the cost of the medication, researchers said. In the past, there has been fairly low use of medications to treat alcohol and opioid dependence. Several treatment options are available, with differing mechanisms of action, and they generally work to reduce the pleasurable feelings associated with drug and alcohol use, thereby discouraging the use of them. The medication in the study that was found to be more effective than some past approaches was extended-release Naltrexone, which is administered once a month by injection in a medical setting. The research was supported by Alkermes, Inc., the manufacturer of that medication.",exact_duplicate|near_duplicate|semantic_duplicate|same_template_different_content|related_but_both_valuable|false_positive|unclear
,shard_00086.parquet:35953,shard_00019.parquet:4127,0.9960060119628906,2666,2697,"Sponges erode coral reef under acidification scenarios Ocean warming and acidification are leading to an increase in the rate of sponge biomass and bioerosion. Combined German-Australian research, recently presented at the Ninth World Sponge Conference in Fremantle, used past, present and future climate scenarios to explore how changes are occurring. The Australian Institute of Marine Science's Dr Christine Schönberg, based at UWA's Oceans Institute, planned and shared fieldwork and experiments with German bioerosion expert Dr Max Wisshak. ""For the past we had measured records; it was cooler and less acidic in the seas,"" Dr Schönberg says. ""For the future, we use models based on scientific evidence estimating what it may be like in 100 years. ""Adjusting temperature is easy—you insulate a volume of water and either cool or heat it and keep an eye on the temperature. ""With acidity, it's far more challenging. To mimic what's going on in the environment through climate change, induced by human activities, you don't simply add acid to the water. ""You have to dissolve carbon dioxide in it, which creates carbonic acid, which causes a drop in pH and thus 'ocean acidification'."" Values for","Sponges erode coral reef under acidification scenarios Ocean warming and acidification are leading to an increase in the rate of sponge biomass and bioerosion. Combined German-Australian research, recently presented at the Ninth World Sponge Conference in Fremantle, used past, present and future climate scenarios to explore how changes are occurring. The Australian Institute of Marine Science's Dr Christine Schönberg, based at UWA's Oceans Institute, planned and shared fieldwork and experiments with German bioerosion expert Dr Max Wisshak. ""For the past we had measured records; it was cooler and less acidic in the seas,"" Dr Schönberg says. ""For the future, we use models based on scientific evidence estimating what it may be like in 100 years. ""Adjusting temperature is easy—you insulate a volume of water and either cool or heat it and keep an eye on the temperature. ""With acidity, it's far more challenging. To mimic what's going on in the environment through climate change, induced by human activities, you don't simply add acid to the water. ""You have to dissolve carbon dioxide in it, which creates carbonic acid, which causes a drop in pH and thus 'ocean acidification'."" Values for",exact_duplicate|near_duplicate|semantic_duplicate|same_template_different_content|related_but_both_valuable|false_positive|unclear
,shard_00116.parquet:5356,shard_00092.parquet:45515,0.9458951354026794,3590,3379,"History of the Landolt Astronomical Observatory Dedication, March 30, 2006 The presentation of the keys-to-the-observatory to Dr. Landolt were made by Chancellor Sean O'Keefe and Professor Joel Tohline. The observatory on top of Nicholson Hall was first opened in 1939. The telescope is a refracting telescope with the lens having a diameter of 11.5-inches. The maker of the lens and the telescope was Alvan Clark & Sons. Clark was the premier maker of refracting telescopes and indeed is universally acknowledged to be the world's all time best maker of refractor telescopes. LSU is lucky and proud to have such a classy instrument. Long-focus refractors give a high-quality high-magnification view that is perfect for looking at the Moon and planets. Wonderful amounts of detail can be seen on the planets, including Mars' volcanoes and polar caps and morning-fogs as well Jupiter's Great Red Spot and fine divisions in Saturn's rings. For the Moon, we can see large and small craters, huge impact basins and low volcanic domes, with the views being wonderful and makes one think of flying low over the surface of the Moon. The 11.5"" Clark telescope is also good for looking at double stars and bri","The observatory on top of Nicholson Hall was first opened in 1939. The telescope is a refracting telescope with the lens having a diameter of 11.5-inches. The maker of the lens and the telescope was Alvan Clark & Sons. Clark was the premier maker of refracting telescopes and indeed is universally acknowledged to be the world's all time best maker of refractor telescopes. LSU is lucky and proud to have such a classy instrument. Long-focus refractors give a high-quality high-magnification view that is perfect for looking at the Moon and planets. Wonderful amounts of detail can be seen on the planets, including Mars' volcanoes and polar caps and morning-fogs as well Jupiter's Great Red Spot and fine divisions in Saturn's rings. For the Moon, we can see large and small craters, huge impact basins and low volcanic domes, with the views being wonderful and makes one think of flying low over the surface of the Moon. The 11.5"" Clark telescope is also good for looking at double stars and bright nebulae around the sky. From the late 1940's to the 1970's, the telescope was used for taking many astronomical photographs for various purposes including scientific studies. However, for scientific",exact_duplicate|near_duplicate|semantic_duplicate|same_template_different_content|related_but_both_valuable|false_positive|unclear
,shard_00115.parquet:32701,shard_00163.parquet:40918,0.9999996423721313,1408,1408,"Separatism is a term used to describe a belief hed by a specific group of people, that is, the desire to remain separated from different groups of people. The reason, as well as the degree of the desired separateness, may vary significantly from group to group. Forms of Separatism This is a belief held by most conservative christians of many denominations and is especially common in Fundamentalist Christianity. They believe that Christians should remain separate from other religious groups, and intermarriage with non-christians is avoided. See also: Separate Development There are many different forms of cultural separatism, however all aims towards the same goal: preserving a certain ethnic/cultural group's culture. These groups desire separateness from other ethnic groups and races. In some cases cultural separatism is merely a form of Christian Separatism, like the Calvinist Boers and paleoconservatives. Very similar to cultural separatism, although here the emphises falls on race and not culture. While cultural separatists desire their ethnicity to be protected against all other cultures, regardless of race, racial separatists seek to preserve a the purity of a specific race, wh","Separatism is a term used to describe a belief hed by a specific group of people, that is, the desire to remain separated from different groups of people. The reason, as well as the degree of the desired separateness, may vary significantly from group to group. Forms of Separatism This is a belief held by most conservative christians of many denominations and is especially common in Fundamentalist Christianity. They believe that Christians should remain separate from other religious groups, and intermarriage with non-christians is avoided. See also: Separate Development There are many different forms of cultural separatism, however all aims towards the same goal: preserving a certain ethnic/cultural group's culture. These groups desire separateness from other ethnic groups and races. In some cases cultural separatism is merely a form of Christian Separatism, like the Calvinist Boers and paleoconservatives. Very similar to cultural separatism, although here the emphises falls on race and not culture. While cultural separatists desire their ethnicity to be protected against all other cultures, regardless of race, racial separatists seek to preserve a the purity of a specific race, wh",exact_duplicate|near_duplicate|semantic_duplicate|same_template_different_content|related_but_both_valuable|false_positive|unclear
,shard_00025.parquet:24233,shard_00086.parquet:47976,0.9999999403953552,1503,1503,"Concept & Content The concept of Counselling & Vocational Guidance refers to expert (science based) assistance and support with the aim to help individuals: Ultimately, the individuals will be able to make the correct choices with respect to their future occupation/vocation and thus be (re)included into active life. - explore, analyse and develop the factors constituting their self-concept (interests, personal qualities and characteristics, values, skills, etc.), - explore, evaluate, process and classify information and alternative education and vocation pathways with respect both to their needs and choices and to labour market requirements, - integrate information about education and vocation/career with information derived from self-observation so that they develop to decision-making capabilities both with respect to their orientation in education and choices in occupation(s) befitting their particular psychosocial make up, - create and implement their own education and vocation plans. Counselling & Vocational Guidance activities target individuals who are: - about to make a choice with respect to their education and vocation, - in search of new fields of study/training, - alread","Concept & Content The concept of Counselling & Vocational Guidance refers to expert (science based) assistance and support with the aim to help individuals: Ultimately, the individuals will be able to make the correct choices with respect to their future occupation/vocation and thus be (re)included into active life. - explore, analyse and develop the factors constituting their self-concept (interests, personal qualities and characteristics, values, skills, etc.), - explore, evaluate, process and classify information and alternative education and vocation pathways with respect both to their needs and choices and to labour market requirements, - integrate information about education and vocation/career with information derived from self-observation so that they develop to decision-making capabilities both with respect to their orientation in education and choices in occupation(s) befitting their particular psychosocial make up, - create and implement their own education and vocation plans. Counselling & Vocational Guidance activities target individuals who are: - about to make a choice with respect to their education and vocation, - in search of new fields of study/training, - alread",exact_duplicate|near_duplicate|semantic_duplicate|same_template_different_content|related_but_both_valuable|false_positive|unclear
,shard_00070.parquet:39092,shard_00151.parquet:19053,0.9999998211860657,6532,6532,"The National Agricultural Statistics Service (NASS) Agricultural Chemical Use Program is the U.S. Department of Agriculture’s official source of statistics about on-farm pesticide use and pest management practices. In fall 2011, NASS collected data about pesticide use and pest management practices on 23 fruit crops planted for the 2011 crop year. The survey was conducted in 12 states; results are based on 4,075 responses. For each commodity, the states surveyed account for the majority of U.S. acres of the crop. Respondents applied a total of 331 unique pesticide active ingredients to the surveyed crops in 2011, up 10 percent from 2009. The 331 active ingredients are categorized into four pesticide classes: insecticides (96), herbicides (80), fungicides (70), and other chemicals (85). This report highlights results for apples, blueberries, and peaches, which are each produced in at least six geographically diverse states. The seven states in which apple growers were surveyed represent 82 percent of the U.S. apple acreage. The six blueberry states surveyed make up 82 percent of the nation’s blueberry acreage, and the seven peach states account for 81 percent of U.S. peach acres. The","The National Agricultural Statistics Service (NASS) Agricultural Chemical Use Program is the U.S. Department of Agriculture’s official source of statistics about on-farm pesticide use and pest management practices. In fall 2011, NASS collected data about pesticide use and pest management practices on 23 fruit crops planted for the 2011 crop year. The survey was conducted in 12 states; results are based on 4,075 responses. For each commodity, the states surveyed account for the majority of U.S. acres of the crop. Respondents applied a total of 331 unique pesticide active ingredients to the surveyed crops in 2011, up 10 percent from 2009. The 331 active ingredients are categorized into four pesticide classes: insecticides (96), herbicides (80), fungicides (70), and other chemicals (85). This report highlights results for apples, blueberries, and peaches, which are each produced in at least six geographically diverse states. The seven states in which apple growers were surveyed represent 82 percent of the U.S. apple acreage. The six blueberry states surveyed make up 82 percent of the nation’s blueberry acreage, and the seven peach states account for 81 percent of U.S. peach acres. The",exact_duplicate|near_duplicate|semantic_duplicate|same_template_different_content|related_but_both_valuable|false_positive|unclear
,shard_00030.parquet:46725,shard_00053.parquet:15647,1.0000001192092896,3131,3131,"- Dutch scientists create the smallest vehicle in the world - Nano car is the first to be powered by electricity - Car traveled a distance of six nano meters - Scientists hope nanomotors will power nanorobots of the future A tiny nano-sized car which can propel itself forward in response to electrical pulses has been created by scientists in the Netherlands. The electric-powered vehicle, which is the size of a single molecule, has a chassis and four paddle-shaped wheels and is roughly one-billionth the size of a traditional hatchback car. Its maiden journey wasn't exactly epic -- six nanometers -- and its fuel-efficiency wasn't world-beating either, needing a jolt of 500 millivolts every half revolution of its wheels. But it's an important milestone in nanotech research (the science of manipulating matter at molecular scale), say scientists, because it demonstrates that single molecules can absorb external electrical energy and turn this into targeted motion. ""To build the nanotechnology of the future like nanorobots, machines and transporters you need something to fuel it. So there is a great incentive to build motors at the nanoscale,"" said Ben Feringa, professor of organic chemi","- Dutch scientists create the smallest vehicle in the world - Nano car is the first to be powered by electricity - Car traveled a distance of six nano meters - Scientists hope nanomotors will power nanorobots of the future A tiny nano-sized car which can propel itself forward in response to electrical pulses has been created by scientists in the Netherlands. The electric-powered vehicle, which is the size of a single molecule, has a chassis and four paddle-shaped wheels and is roughly one-billionth the size of a traditional hatchback car. Its maiden journey wasn't exactly epic -- six nanometers -- and its fuel-efficiency wasn't world-beating either, needing a jolt of 500 millivolts every half revolution of its wheels. But it's an important milestone in nanotech research (the science of manipulating matter at molecular scale), say scientists, because it demonstrates that single molecules can absorb external electrical energy and turn this into targeted motion. ""To build the nanotechnology of the future like nanorobots, machines and transporters you need something to fuel it. So there is a great incentive to build motors at the nanoscale,"" said Ben Feringa, professor of organic chemi",exact_duplicate|near_duplicate|semantic_duplicate|same_template_different_content|related_but_both_valuable|false_positive|unclear
,shard_00096.parquet:28119,shard_00009.parquet:14697,0.9999997615814209,1849,1849,"A gentleman did just that, and brought in a sample of some weird growths that were growing on an oak tree. The growths were oak galls. Galls are abnormal plant growths caused by various organisms. Insect and mite galls are caused by chemicals produced by certain wasps, mites, aphids, psyllids, adelgids or flies. Other types of galls are sometimes caused by nematodes, fungi, bacteria or viruses. Galls of different sorts can take on wildly different and bizarre appearances. Usually, galls caused by arthropods do not cause too much of a problem for the plants on which they occur. If the galls become very numerous, especially on very young plants, they might compete too much for plant nutrients or interfere with photosynthesis. Some of the galls stimulated by other types of organisms are more serious, and at times we do try to get them identified. I didn’t have to identify the exact cause of this gentleman’s oak galls. Galls of many sorts are common on oak trees. Treatment is seldom suggested because these galls very seldom do damage to the tree and because treatment would be difficult. Oak trees get big, and treatments would have to coincide with the causal organism's activity before","A gentleman did just that, and brought in a sample of some weird growths that were growing on an oak tree. The growths were oak galls. Galls are abnormal plant growths caused by various organisms. Insect and mite galls are caused by chemicals produced by certain wasps, mites, aphids, psyllids, adelgids or flies. Other types of galls are sometimes caused by nematodes, fungi, bacteria or viruses. Galls of different sorts can take on wildly different and bizarre appearances. Usually, galls caused by arthropods do not cause too much of a problem for the plants on which they occur. If the galls become very numerous, especially on very young plants, they might compete too much for plant nutrients or interfere with photosynthesis. Some of the galls stimulated by other types of organisms are more serious, and at times we do try to get them identified. I didn’t have to identify the exact cause of this gentleman’s oak galls. Galls of many sorts are common on oak trees. Treatment is seldom suggested because these galls very seldom do damage to the tree and because treatment would be difficult. Oak trees get big, and treatments would have to coincide with the causal organism's activity before",exact_duplicate|near_duplicate|semantic_duplicate|same_template_different_content|related_but_both_valuable|false_positive|unclear
,shard_00027.parquet:20433,shard_00130.parquet:11753,1.0000007152557373,5333,5333,"Poverty stricken country faces yet another disaster From Grolier Online The New Book of Knowledge Haiti is a small, densely populated nation in the West Indies. It occupies the western third of the island of Hispaniola. It shares the island with the Dominican Republic, a country very different in culture and heritage. Haiti is the second oldest independent country in the Western Hemisphere, after the United States. It proclaimed its independence from France in 1804. It is the only modern nation created by a slave revolt. Ancestry, Language, and Religion More than 90 percent of Haitians are descended from black Africans. They were originally brought to the island as slaves. The rest of the population consists mainly of mulattoes, or persons of mixed black and European (mainly French) ancestry. French and Creole are the official languages. Creole, the common language of nearly all the people, is a French dialect. It is mixed with African expressions and some Spanish, Indian, and English words. Most Haitians are Roman Catholics. Voodoo, a folk religion from Africa, is also widely practiced. Way of Life The African influence is very strong in the rural areas, where about 70 percent of","Poverty stricken country faces yet another disaster From Grolier Online The New Book of Knowledge Haiti is a small, densely populated nation in the West Indies. It occupies the western third of the island of Hispaniola. It shares the island with the Dominican Republic, a country very different in culture and heritage. Haiti is the second oldest independent country in the Western Hemisphere, after the United States. It proclaimed its independence from France in 1804. It is the only modern nation created by a slave revolt. Ancestry, Language, and Religion More than 90 percent of Haitians are descended from black Africans. They were originally brought to the island as slaves. The rest of the population consists mainly of mulattoes, or persons of mixed black and European (mainly French) ancestry. French and Creole are the official languages. Creole, the common language of nearly all the people, is a French dialect. It is mixed with African expressions and some Spanish, Indian, and English words. Most Haitians are Roman Catholics. Voodoo, a folk religion from Africa, is also widely practiced. Way of Life The African influence is very strong in the rural areas, where about 70 percent of",exact_duplicate|near_duplicate|semantic_duplicate|same_template_different_content|related_but_both_valuable|false_positive|unclear
,shard_00090.parquet:37885,shard_00057.parquet:41795,0.9446225762367249,2372,1315,"According to an ancient and still popular view -- sometimes known as 'eudaimonism' -- a person's well-being, or quality of life, is ultimately determined by his or her level of happiness. According to this view, the happier a person is, the better off he is. The doctrine is controversial in part because the nature of happiness is controversial. In What Is This Thing Called Happiness? Fred Feldman presents a study of the nature and value of happiness. Part One contains critical discussions of the main philosophical and psychological theories of happiness. Feldman presents arguments designed to show that each of these theories is problematic. Part Two contains his presentation and defense of his own theory of happiness, which is a form of attitudinal hedonism. On this view, a person's level of happiness may be identified with the extent to which he or she takes pleasure in things. Feldman shows that if we understand happiness as he proposes, it becomes reasonable to suppose that a person's well-being is determined by his or her level of happiness. This view has important implications not only for moral philosophy, but also for the emerging field of hedonic psychology. Part Three cont","According to an ancient and still popular view — sometimes known as ‘eudaimonism’ — a person’s well-being, or quality of life, is ultimately determined by his or her level of happiness. According to this view, the happier a person is, the better off he is. The doctrine is controversial in part because the nature of happiness is controversial. In What Is This Thing Called Happiness? Fred Feldman presents a study of the nature and value of happiness. Part One contains critical discussions of the main philosophical and psychological theories of happiness. Feldman presents arguments designed to show that each of these theories is problematic. Part Two contains his presentation and defense of his own theory of happiness, which is a form of attitudinal hedonism. On this view, a person’s level of happiness may be identified with the extent to which he or she takes pleasure in things. Feldman shows that if we understand happiness as he proposes, it becomes reasonable to suppose that a person’s well-being is determined by his or her level of happiness. This view has important implications not only for moral philosophy, but also for the emerging field of hedonic psychology. Part Three contai",exact_duplicate|near_duplicate|semantic_duplicate|same_template_different_content|related_but_both_valuable|false_positive|unclear
,shard_00059.parquet:4520,shard_00115.parquet:48881,0.9999992251396179,20346,20346,"The concept of 'Good Nutrition' and 'Healthy Eating' are terms that have only recently become infused into households as evidence mounts to link today's prominent chronic diseases and food intake. However, research is mostly inconclusive, with disputes arising over required macronutrient ratios, organic/GM crops, processed foods and the validity and practicality of 'diets'. What this treehouse will attempt to do, is to investigate the patterns of human nutrition over the course of the evolutionary timeline to see if prehistoric eating patterns and today's chronic diseases have anything in common. This will be done by not only using evolutionary biology, but also anthropology and the nutritional sciences. This treehouse is not meant to discredit modern nutritional science or modern medicine, as they still have their necessary applications today, but rather to address the issues of health and nutrition on a more historical perspective. - Australopithecus africanus - The genus Homo - Homo sapiens in the Modern Age First, we'll look at the nutrition habits of non-human primates, moving from least-related to the most-related non-human primates to humans. Perhaps it may give us a glimpse","The concept of 'Good Nutrition' and 'Healthy Eating' are terms that have only recently become infused into households as evidence mounts to link today's prominent chronic diseases and food intake. However, research is mostly inconclusive, with disputes arising over required macronutrient ratios, organic/GM crops, processed foods and the validity and practicality of 'diets'. What this treehouse will attempt to do, is to investigate the patterns of human nutrition over the course of the evolutionary timeline to see if prehistoric eating patterns and today's chronic diseases have anything in common. This will be done by not only using evolutionary biology, but also anthropology and the nutritional sciences. This treehouse is not meant to discredit modern nutritional science or modern medicine, as they still have their necessary applications today, but rather to address the issues of health and nutrition on a more historical perspective. - Australopithecus africanus - The genus Homo - Homo sapiens in the Modern Age First, we'll look at the nutrition habits of non-human primates, moving from least-related to the most-related non-human primates to humans. Perhaps it may give us a glimpse",exact_duplicate|near_duplicate|semantic_duplicate|same_template_different_content|related_but_both_valuable|false_positive|unclear
,shard_00088.parquet:106,shard_00051.parquet:6694,1.0000004768371582,2746,2746,"Motherwort (Leonurus cardiaca) is an herbaceous, short-lived perennial plant in the Lamiaceae or mint family. It is a fairly robust plant that can grow up to 5 feet tall, making it another good candidate for winter observation. Though most of the leaves will have withered away, the whorled calyxes persist, making this a fun and interesting plant to ID at this time of year. It is also easy to observe, even from a distance, the opposite branching pattern that is typical of the mint family. This specimen has one pair of shrivelled leaves remaining, allowing us to view the opposite leaf pattern. Look closely and see that there are two leaves per node on the stalk (as opposed to an alternate leaf pattern, where there is only one leaf per node). Also, notice the stem. It is square-shaped. This is another pattern of the mint family. In cross section it is easy to observe the four sides of the square stem. The stem of motherwort is hollow. Now let’s take a look at the calyxes. These are the only structures of the inflorescence, along with the occasional remaining seed, to persist in winter, the corollas (flower petals) having died back long ago. The calyx is the collective term for the sep","Motherwort (Leonurus cardiaca) is an herbaceous, short-lived perennial plant in the Lamiaceae or mint family. It is a fairly robust plant that can grow up to 5 feet tall, making it another good candidate for winter observation. Though most of the leaves will have withered away, the whorled calyxes persist, making this a fun and interesting plant to ID at this time of year. It is also easy to observe, even from a distance, the opposite branching pattern that is typical of the mint family. This specimen has one pair of shrivelled leaves remaining, allowing us to view the opposite leaf pattern. Look closely and see that there are two leaves per node on the stalk (as opposed to an alternate leaf pattern, where there is only one leaf per node). Also, notice the stem. It is square-shaped. This is another pattern of the mint family. In cross section it is easy to observe the four sides of the square stem. The stem of motherwort is hollow. Now let’s take a look at the calyxes. These are the only structures of the inflorescence, along with the occasional remaining seed, to persist in winter, the corollas (flower petals) having died back long ago. The calyx is the collective term for the sep",exact_duplicate|near_duplicate|semantic_duplicate|same_template_different_content|related_but_both_valuable|false_positive|unclear
,shard_00150.parquet:14857,shard_00159.parquet:19618,0.9999997019767761,14766,14766,"The term ""dualism"" can be used for any theory according to which two entities, properties or types of facts are given equal status—that is, neither is taken as completely reducible or explicable in terms of the other. In contemporary philosophy, it refers to a certain view in the philosophy of mind. According to this view, whose clearest proponent is Descartes, mental entities or properties are parts of the universe which are just as fundamental as physical entities or properties. Descartes accepted a form of dualism often called substance dualism, according to which the mind is a special sort of substance, one which could, in principle continue to exist even if all physical substances (e.g. particles) were destroyed. In the past century, substance dualism has enjoyed relatively little popularity, but property dualism has established a substantial following. According to property dualism, there may be no special mental entities that are capable of existing independently of all physical things, but some entities have certain mental properties (e.g. consciousness) that cannot be reduced to their physical properties (e.g. size and shape). This article will survey the major dualist pos","The term ""dualism"" can be used for any theory according to which two entities, properties or types of facts are given equal status—that is, neither is taken as completely reducible or explicable in terms of the other. In contemporary philosophy, it refers to a certain view in the philosophy of mind. According to this view, whose clearest proponent is Descartes, mental entities or properties are parts of the universe which are just as fundamental as physical entities or properties. Descartes accepted a form of dualism often called substance dualism, according to which the mind is a special sort of substance, one which could, in principle continue to exist even if all physical substances (e.g. particles) were destroyed. In the past century, substance dualism has enjoyed relatively little popularity, but property dualism has established a substantial following. According to property dualism, there may be no special mental entities that are capable of existing independently of all physical things, but some entities have certain mental properties (e.g. consciousness) that cannot be reduced to their physical properties (e.g. size and shape). This article will survey the major dualist pos",exact_duplicate|near_duplicate|semantic_duplicate|same_template_different_content|related_but_both_valuable|false_positive|unclear
,shard_00061.parquet:25523,shard_00062.parquet:30104,1.0000001192092896,3728,3728,"Pneumonia vs Chest Infection | Chest Infections vs Pneumonia Cause, Clinical Presentation, Investigation and Diagnosis, Management, and Complication Chest infection is a broad term that covers any kind of viral, bacterial, fungal or parasitical infections that occur anywhere in the respiratory system including both upper and lower respiratory tract. Pneumonia is just a one entity that belongs to the chest infections. Some people may mistake as these two terms referring to the same disease, but they are not. This article is to point out the differences between these two terms. If someone has pneumonia, he gets chest infection, but when someone has chest infection, it does not necessarily imply pneumonia; it could be something else. Pneumonia is an acute infection of the lung; it can occur as a primary disease in a healthy individual, due to highly virulence organism or more commonly as a complication, which affects many seriously ill hospitalized patients. It represents 5-12% of all lower respiratory tract infections and increased incidence is seen in very young and elderly population. Acute pneumonias are again broadly classified as air space pneumonia and interstitial pneumonia de","Pneumonia vs Chest Infection | Chest Infections vs Pneumonia Cause, Clinical Presentation, Investigation and Diagnosis, Management, and Complication Chest infection is a broad term that covers any kind of viral, bacterial, fungal or parasitical infections that occur anywhere in the respiratory system including both upper and lower respiratory tract. Pneumonia is just a one entity that belongs to the chest infections. Some people may mistake as these two terms referring to the same disease, but they are not. This article is to point out the differences between these two terms. If someone has pneumonia, he gets chest infection, but when someone has chest infection, it does not necessarily imply pneumonia; it could be something else. Pneumonia is an acute infection of the lung; it can occur as a primary disease in a healthy individual, due to highly virulence organism or more commonly as a complication, which affects many seriously ill hospitalized patients. It represents 5-12% of all lower respiratory tract infections and increased incidence is seen in very young and elderly population. Acute pneumonias are again broadly classified as air space pneumonia and interstitial pneumonia de",exact_duplicate|near_duplicate|semantic_duplicate|same_template_different_content|related_but_both_valuable|false_positive|unclear
,shard_00014.parquet:3324,shard_00038.parquet:21425,0.9999995231628418,3044,3044,"In 1953 Linus Pauling and Robert Corey published their structure of DNA, 3 strands twisted around each other. Shortly after that James Watson and Francis Crick published the correct structure of DNA, the one on which the biotechnology industry is built.That is the way science goes. Scientists make discoveries, publish their work, and others come along to either support or dispute those discoveries. Imagine if we had just rushed to judgment back then and gone no further? The technology that we appreciate today in science and medicine would have never been. But it is a rush to judgment that we are in grave danger of exposing ourselves to. And, our nation’s very energy security hangs in the balance. The issue at hand? The DesMoinesRegister.com spells it out, “Rules expected out of the Bush administration soon could shape the growth of the biofuels industry for years to come. Under the 2007 energy bill, new ethanol projects will have to meet standards for reducing greenhouse gas emissions, or else the fuel the plants produce won’t qualify for meeting the nation’s annual biofuels targets. It was left up to the Environmental Protection Agency to decide how the emissions of projects would","In 1953 Linus Pauling and Robert Corey published their structure of DNA, 3 strands twisted around each other. Shortly after that James Watson and Francis Crick published the correct structure of DNA, the one on which the biotechnology industry is built.That is the way science goes. Scientists make discoveries, publish their work, and others come along to either support or dispute those discoveries. Imagine if we had just rushed to judgment back then and gone no further? The technology that we appreciate today in science and medicine would have never been. But it is a rush to judgment that we are in grave danger of exposing ourselves to. And, our nation’s very energy security hangs in the balance. The issue at hand? The DesMoinesRegister.com spells it out, “Rules expected out of the Bush administration soon could shape the growth of the biofuels industry for years to come. Under the 2007 energy bill, new ethanol projects will have to meet standards for reducing greenhouse gas emissions, or else the fuel the plants produce won’t qualify for meeting the nation’s annual biofuels targets. It was left up to the Environmental Protection Agency to decide how the emissions of projects would",exact_duplicate|near_duplicate|semantic_duplicate|same_template_different_content|related_but_both_valuable|false_positive|unclear
,shard_00159.parquet:12521,shard_00013.parquet:9537,0.9869570732116699,9683,9872,"submitted by James Victor Prineas on 05.09.2017 His story and timely influence in Kytherian life On the 30th of July 2017 we attended an interesting presentation in the courtyard of Saint Theodoros by Yiannis Mavrommatis, educator-researcher from Pitsinades, titled: Saint Theodoros Protector of Kythera: His story and timely influence in Kytherian life. Enriching his narration with pictures of documents, buildings, icons, short videos and interviews, he spoke about: Two important manuscripts concerning the life of the Saint and Kythera; the church and most important renovations made throughout the centuries; and the historical building of the school. Then he spoke of the Bishopric that had its headquarters at the Saint, the old festivals, the forestry, the new Hospital and the Asclepieion. Finally, he noted the need for renovation of the church and landscaping of the surrounding fields. He put emphasis on educational visits to Saint Theodoros, and other historical monuments of the island by the schools in order to foster students’ understanding of the island’s important heritage, so that they will respect and look after them in the future. In the beginning Mr. Mavrommatis presented","submitted by James Victor Prineas on 05.09.2017 His story and timely influence in Kytherian life On the 30th of July 2017 we attended an interesting presentation in the courtyard of Saint Theodoros by Yiannis Mavrommatis, educator-researcher from Pitsinades, titled: Saint Theodoros Protector of Kythera: His story and timely influence in Kytherian life. Enriching his narration with pictures of documents, buildings, icons, short videos and interviews, he spoke about: Two important manuscripts concerning the life of the Saint and Kythera; the church and most important renovations made throughout the centuries; and the historical building of the school. Then he spoke of the Bishopric that had its headquarters at the Saint, the old festivals, the forestry, the new Hospital and the Asclepieion. Finally, he noted the need for renovation of the church and landscaping of the surrounding fields. He put emphasis on educational visits to Saint Theodoros, and other historical monuments of the island by the schools in order to foster students’ understanding of the island’s important heritage, so that they will respect and look after them in the future. In the beginning Mr. Mavrommatis presented",exact_duplicate|near_duplicate|semantic_duplicate|same_template_different_content|related_but_both_valuable|false_positive|unclear
,shard_00027.parquet:27179,shard_00033.parquet:36155,0.9999997615814209,1178,1178,"Today I’m working on a template for a vocabulary diagnostic. The one I’ve been using in my training is starting to feel a bit old, especially since the teaching I do around this has evolved into a slightly different thing. However, it’s given me the opportunity to use a really fantastic piece of online vocabulary software again. If you haven’t seen this, you should check it out. You paste in your text and the software sorts the vocabulary in your text into different word frequency levels. This is based on some of the work that Paul Nation and others have done with vocabulary in an ESOL context. However, I think it totally works in a literacy context as well. It’s not a very beautiful website to look at. However, it’s worth taking the time to have a play with it and see what it does. I’m going to dump the entire content of the two reference books we use into it – The Learning Progressions for Adult Literacy and Numeracy. I’m then going to use words from these texts in my model example of the vocabulary pre-test that I want to use in my course later in the week. If I get it finished in time, I’ll upload the results here, and possibly more of the process as well.","Today I’m working on a template for a vocabulary diagnostic. The one I’ve been using in my training is starting to feel a bit old, especially since the teaching I do around this has evolved into a slightly different thing. However, it’s given me the opportunity to use a really fantastic piece of online vocabulary software again. If you haven’t seen this, you should check it out. You paste in your text and the software sorts the vocabulary in your text into different word frequency levels. This is based on some of the work that Paul Nation and others have done with vocabulary in an ESOL context. However, I think it totally works in a literacy context as well. It’s not a very beautiful website to look at. However, it’s worth taking the time to have a play with it and see what it does. I’m going to dump the entire content of the two reference books we use into it – The Learning Progressions for Adult Literacy and Numeracy. I’m then going to use words from these texts in my model example of the vocabulary pre-test that I want to use in my course later in the week. If I get it finished in time, I’ll upload the results here, and possibly more of the process as well.",exact_duplicate|near_duplicate|semantic_duplicate|same_template_different_content|related_but_both_valuable|false_positive|unclear
,shard_00087.parquet:49083,shard_00058.parquet:6079,0.9903459548950195,5959,5708,"Scientists investigate the molecular basis of social evolution in Termites Scientists have now, for the first time, compared the molecular basis for the evolution of eusociality within termites and ants. They proved similar processes involved in the formation of these insect societies. Researchers from 11 research institutions in 6 countries participated in this study. One phenomenon that fascinated Charles Darwin and many other researchers since, is the emergence of huge, complex insect societies. Even more exciting is that the societies of termites and ants evolved independently from each other. Although unrelated, termites and ants are very similar: They both have a so-called “eusocial” way of living. This includes distinctive features such as the creation of reproductive castes (queens and workers) or a complex system of division of labour among workers. These castes also include morphologically quite different workers and soldiers. However, termites and ants are not closely related. While termites first emerged around 150 million years from within the cockroaches, ants and other eusocial Hymenoptera (e.g. bees and wasps) appeared 50 million years later on a very distant branch","Scientists investigate the molecular basis of social evolution in Termites One phenomenon that fascinated Charles Darwin and many other researchers since is the emergence of huge, complex insect societies. Even more fascinating is that the societies of termites and ants evolved independently from each other. Although unrelated, termites and ants are very similar: They both have a so-called “eusocial” way of living. This includes distinctive features such as the creation of reproductive castes (queens and workers) or a complex system of division of labour among workers. These castes also include morphologically very different workers and soldiers. However, termites and ants are not closely related. While termites first emerged around 150 million years ago from the cockroaches, ants and other eusocial Hymenoptera (e.g. bees and wasps) appeared 50 million years later on a very distant branch of the insect family tree. A researcher group headed by bioinformatician Prof Erich Bornberg-Bauer at the Institute for Evolution and Biodiversity at the University of Münster have now compared the molecular basis for the evolution of eusociality within both groups for the first time. The study ha",exact_duplicate|near_duplicate|semantic_duplicate|same_template_different_content|related_but_both_valuable|false_positive|unclear
