label,removed_doc_id,root_doc_id,similarity_score,removed_char_len,root_char_len,removed_preview,root_preview,allowed_labels
,shard_00092.parquet:900,shard_00164.parquet:14066,0.9999998211860657,3311,3311,"There is no doubt the topic of climate change can lead to heated debate. Throw in the notion that climate change and its impacts are a proximate cause of violent conflict and the conversation boils over. A potential 54% increase in the incidence of conflict in sub-Saharan Africa by 2030, based on global temperature rise of 2° Fahrenheit, foretells a future where the current downward trend in violent conflict could be completely reversed. But skepticism and debate on the topic of climate change and conflict abounds. With the most hard-talking IPCC climate change report released to date, we delved further into these issues, consulting a variety of academic articles, publications and colleagues to help frame the debate. We also interviewed Marshall Burke, professor at Stanford University as well as Margaret Arnold, Climate Change and Resilience Team Leader at the World Bank. We summarize the major issues; probe the link between conflict and climate change; and discuss what is currently being done as well as what more needs to be done to mitigate climate change impacts on conflict. Continue reading A Violently Hot Topic: Climate Change and Conflict Four compelling reasons to be hopeful","There is no doubt the topic of climate change can lead to heated debate. Throw in the notion that climate change and its impacts are a proximate cause of violent conflict and the conversation boils over. A potential 54% increase in the incidence of conflict in sub-Saharan Africa by 2030, based on global temperature rise of 2° Fahrenheit, foretells a future where the current downward trend in violent conflict could be completely reversed. But skepticism and debate on the topic of climate change and conflict abounds. With the most hard-talking IPCC climate change report released to date, we delved further into these issues, consulting a variety of academic articles, publications and colleagues to help frame the debate. We also interviewed Marshall Burke, professor at Stanford University as well as Margaret Arnold, Climate Change and Resilience Team Leader at the World Bank. We summarize the major issues; probe the link between conflict and climate change; and discuss what is currently being done as well as what more needs to be done to mitigate climate change impacts on conflict. Continue reading A Violently Hot Topic: Climate Change and Conflict Four compelling reasons to be hopeful",exact_duplicate|near_duplicate|semantic_duplicate|same_template_different_content|related_but_both_valuable|false_positive|unclear
,shard_00064.parquet:46850,shard_00015.parquet:47479,0.9999997615814209,5501,5501,"Last Updated: Jun 5, 2018 How can you tell when an employee, job applicant or coworker is telling a lie? Learn to spot deception by watching for these seven tell-tale clues that the person you’re talking to is lying. Spotting deception begins with observing a person’s baseline behavior under relaxed or generally stress-free conditions so that you can detect meaningful deviations. One of the strategies that experienced interviewers use is to ask a series of simple questions while observing how the person behaves when there is no reason to lie. Then, when the more difficult issues get addressed, the interviewer can stay alert for sudden changes in behavior that may indicate deception around key points. For the vast majority of the individuals you interview or work with, the act of lying triggers a heightened stress response. Blood pressure, heart rate and breathing rates all increase. To relieve stress and anxiety, liars may use pacifying gestures (rubbing their hands together, bouncing their heels, fidgeting with jewelry, etc.) But our first response to stress (before we ready ourselves to fight or flee) is to freeze. So also pay attention if your usually animated colleague suddenly","Last Updated: Jun 5, 2018 How can you tell when an employee, job applicant or coworker is telling a lie? Learn to spot deception by watching for these seven tell-tale clues that the person you’re talking to is lying. Spotting deception begins with observing a person’s baseline behavior under relaxed or generally stress-free conditions so that you can detect meaningful deviations. One of the strategies that experienced interviewers use is to ask a series of simple questions while observing how the person behaves when there is no reason to lie. Then, when the more difficult issues get addressed, the interviewer can stay alert for sudden changes in behavior that may indicate deception around key points. For the vast majority of the individuals you interview or work with, the act of lying triggers a heightened stress response. Blood pressure, heart rate and breathing rates all increase. To relieve stress and anxiety, liars may use pacifying gestures (rubbing their hands together, bouncing their heels, fidgeting with jewelry, etc.) But our first response to stress (before we ready ourselves to fight or flee) is to freeze. So also pay attention if your usually animated colleague suddenly",exact_duplicate|near_duplicate|semantic_duplicate|same_template_different_content|related_but_both_valuable|false_positive|unclear
,shard_00137.parquet:51826,shard_00037.parquet:9641,0.9077990055084229,2098,1063,"Once extinct in Switzerland, the ibex is back. Thousands of the surefooted creatures now live in the Swiss Alps. The Swiss loved their ibex to death – hunting them for their meat and horns, which people once believed had medicinal properties. Supposedly, horn powder could help conquer vertigo. The last Swiss ibex was shot in canton Valais in 1809, but Italy still had loads of them thanks to the royal hunting supply. Later, Swiss officials asked whether they could buy some Italian ibex, but King Victor Emmanuel II wasn’t selling. So in 1906, the Swiss authorities hired poachers to capture a number of Italian ibex kids and sneak them over the Swiss border. A successful breeding programme made it possible to start the Augstmatthorn colony in the Bernese Oberland. Later, Italian leader Benito Mussolini gave Switzerland additional animals. So-called bottlenecks have been a challenge for Alpine ibex. These occur when a population becomes very small – causing a loss of genetic diversity, which can then have a negative impact on a population’s well-being. “Most populations in the Alps are growing well, and there’s no immediate need to do anything about it. But some aren’t, so those are pop","Once extinct in Switzerland, the ibex is back. Thousands of the surefooted creatures now live in the Swiss Alps. The Swiss loved their ibex to death – hunting them for their meat and horns, which people once believed had medicinal properties. Supposedly, horn powder could help conquer vertigo. The last Swiss ibex was shot in canton Valais in 1809, but Italy still had loads of them thanks to the royal hunting supply. Later, Swiss officials asked whether they could buy some Italian ibex, but King Victor Emmanuel II wasn’t selling. So in 1906, the Swiss authorities hired poachers to capture a number of Italian ibex kids and sneak them over the Swiss border. A successful breeding programme made it possible to start the Augstmatthorn colony in the Bernese Oberland. Later, Italian leader Benito Mussolini gave Switzerland additional animals. So-called bottlenecks have been a challenge for Alpine ibex. These occur when a population becomes very small – causing a loss of genetic diversity, which can then have a negative impact on a population’s well-being.",exact_duplicate|near_duplicate|semantic_duplicate|same_template_different_content|related_but_both_valuable|false_positive|unclear
,shard_00038.parquet:53217,shard_00163.parquet:38785,1.0000005960464478,2363,2363,"Sketches of War History Transcribed by Larry Stevens - Battles and Campaigns in Arkansas - Brevet Lieutenant Colonel Andrew W. McCormick. - A Boy at Shiloh - Companion John A. Cockerill. - Three Memorable Days. A Letter From Chattanooga, November, 1863 - First Lieutenant Alfred Pirtle. - From Knoxville to Mobile Bay - Captain J. Gordon Taylor. - The Last Blood Shed in the Civil War - Captain Archibald H. Thompson. - McDowell's Explanation of the Failure of the First Corps to Join McClellan - Colonel Latham Anderson. - Major General Philip Kearny - Captain Albert C. Thompson. - The Boys in Blue at Missionary Ridge - Brevet Major Leonidas M. Jewett. - Stone River Sketches - First Lieutenant Alfred Pirtle. - Personal Recollections and Experiences of a Soldier During the War of the Rebellion - Brevet Major Frank J. Jones. - The Battle of Shiloh as a Private Saw it - Captain Robert H. Fleming. - The ""Underground Railroad"" and the ""Grapevine Telegraph"". An Escaping Prisoner's Experience - Brevet Colonel Theodore F. Allen. - The Battle of Hoover's Gap - Brevet Brigadier General John T. Wilder. - Field Notes of the Selma Campaign - First Lieutenant Charles D. Mitchell. - The Second Day at","Sketches of War History Transcribed by Larry Stevens - Battles and Campaigns in Arkansas - Brevet Lieutenant Colonel Andrew W. McCormick. - A Boy at Shiloh - Companion John A. Cockerill. - Three Memorable Days. A Letter From Chattanooga, November, 1863 - First Lieutenant Alfred Pirtle. - From Knoxville to Mobile Bay - Captain J. Gordon Taylor. - The Last Blood Shed in the Civil War - Captain Archibald H. Thompson. - McDowell's Explanation of the Failure of the First Corps to Join McClellan - Colonel Latham Anderson. - Major General Philip Kearny - Captain Albert C. Thompson. - The Boys in Blue at Missionary Ridge - Brevet Major Leonidas M. Jewett. - Stone River Sketches - First Lieutenant Alfred Pirtle. - Personal Recollections and Experiences of a Soldier During the War of the Rebellion - Brevet Major Frank J. Jones. - The Battle of Shiloh as a Private Saw it - Captain Robert H. Fleming. - The ""Underground Railroad"" and the ""Grapevine Telegraph"". An Escaping Prisoner's Experience - Brevet Colonel Theodore F. Allen. - The Battle of Hoover's Gap - Brevet Brigadier General John T. Wilder. - Field Notes of the Selma Campaign - First Lieutenant Charles D. Mitchell. - The Second Day at",exact_duplicate|near_duplicate|semantic_duplicate|same_template_different_content|related_but_both_valuable|false_positive|unclear
,shard_00024.parquet:28272,shard_00073.parquet:31063,0.96958988904953,4331,4250,"Microbiota and Microbiome as Objectives of the Old Herborn University Foundation The general objectives of the Old Herborn University Foundation are the promotion of science and research. One particular aim are microbiota and the microbiome. What are microbiota? Microbiota are composed of microorganisms. Microbes reside in and on multicellular organisms and form an ecological community named microbiota. These include bacteria, archaea, protists, fungi and viruses. The term microbiome describes the whole genome of microorganisms assembled in microbiota. In todays common usage, however, the perceptions of microbiota and microbiome became more or less synonymous. During evolution in millions of years, microbiota and host emerged as a functional unit representing a “superorganism” or holobiont, a concept most important for human beings. Consequently, the specific objective of the Foundation is the focus on research into host-microbiota interaction for the benefit of human health. Humans coexist with myriads of microbes in most parts of their body, like the skin, the mouth, the gastrointestinal tract, the vagina, and even the lung and other parts as the placenta, hitherto considered to","The general objectives of the Old Herborn University Foundation are the promotion of science and research. One particular aim are microbiota and the microbiome. What are microbiota? Microbiota are composed of microorganisms. Microbes reside in and on multicellular organisms and form an ecological community named microbiota. These include bacteria, archaea, protists, fungi and viruses. The term microbiome describes the whole genome of microorganisms assembled in microbiota. In todays common usage, however, the perceptions of microbiota and microbiome became more or less synonymous. During evolution in millions of years, microbiota and host emerged as a functional unit representing a “superorganism” or holobiont, a concept most important for human beings. Consequently, the specific objective of the Foundation is the focus on research into host-microbiota interaction for the benefit of human health. Humans coexist with myriads of microbes in most parts of their body, like the skin, the mouth, the gastrointestinal tract, the vagina, and even the lung and other parts as the placenta, hitherto considered to be sterile. Microbial cells outnumber human cells by a factor of ten to one hundr",exact_duplicate|near_duplicate|semantic_duplicate|same_template_different_content|related_but_both_valuable|false_positive|unclear
,shard_00117.parquet:23943,shard_00113.parquet:3309,0.9999997019767761,1542,1542,"In the middle of the Large Market Antwerp, Brabo, the statue of a man throwing a large hand, is standing. This statue dates from 1887 and was made by Jef Lambeaux. Note that the water is not falling into a bassin, no, the water simply hits the ground. This statue shows the legend related to the name 'Antwerp'. This is the story. There was a terrible giant (Druoon Antigoon) living next the the river Scheldt. Al ships had to pay high taxes to be allowed to pass with their ship. If they didn't, he hook off their hand. But, he didn't count on the brave Roman soldier Silvius Brabo, who killed the giant. After that, he hook off the hand of the giant, and threw this into the river Scheldt. Hence the name 'Antwerpen' or 'Hand Throwing'. Of course, this legend is not correct. Other possibilities are : - Antwerp means 'Aan de werpen', which means on the ditches of on the shipyard. - Roman coins were found indicating Ando Verpia. - When the Scheldt was still a free, fully natural river, and the Stone was built, they first had to build a hill. Such hill was called Aanworp. Whatever, the Antwerpians have something with hands. They are present in their scutcheon, and in a lot of nice food they m","In the middle of the Large Market Antwerp, Brabo, the statue of a man throwing a large hand, is standing. This statue dates from 1887 and was made by Jef Lambeaux. Note that the water is not falling into a bassin, no, the water simply hits the ground. This statue shows the legend related to the name 'Antwerp'. This is the story. There was a terrible giant (Druoon Antigoon) living next the the river Scheldt. Al ships had to pay high taxes to be allowed to pass with their ship. If they didn't, he hook off their hand. But, he didn't count on the brave Roman soldier Silvius Brabo, who killed the giant. After that, he hook off the hand of the giant, and threw this into the river Scheldt. Hence the name 'Antwerpen' or 'Hand Throwing'. Of course, this legend is not correct. Other possibilities are : - Antwerp means 'Aan de werpen', which means on the ditches of on the shipyard. - Roman coins were found indicating Ando Verpia. - When the Scheldt was still a free, fully natural river, and the Stone was built, they first had to build a hill. Such hill was called Aanworp. Whatever, the Antwerpians have something with hands. They are present in their scutcheon, and in a lot of nice food they m",exact_duplicate|near_duplicate|semantic_duplicate|same_template_different_content|related_but_both_valuable|false_positive|unclear
,shard_00104.parquet:29855,shard_00148.parquet:5395,0.9736470580101013,2799,2822,"Doing a lot of refactoring work myself and guiding a group coding bootcamp students through their final project I came across different steps one could take to make the code much cleaner and the app more readable and understandable. Oftentimes, especially in more complex applications, there is a need to check different conditions. As an example I would use a chess app my stundents were implementing as their final project. Here is the concrete example: Implement valid_move? method for the rook piece Thinking through the logic of this method we need to consider following aspects: - Check if we are actually moving the piece (new coordinates are not the same as current coordinates) - Check if the new coordinates are inside the chess board (1 to 8 or 0 to 7 depending on the implementation of the board) - Check if the rook is only moving vertically or horizontally At this point we don’t care so much whether there is another piece at the destination. Following the three requirements we would come up with the following implementation: I once heard that we should make our code readable and understandable for other developers. Other developers is also yourself in two weeks. Now looking at th","Refactor If Conditions Doing a lot of refactoring work myself and guiding a group coding bootcamp students through their final project I came across different steps one could take to make the code much cleaner and the app more readable and understandable. Oftentimes, especially in more complex applications, there is a need to check different conditions. As an example I would use a chess app my stundents were implementing as their final project. Here is the concrete example: Implement valid_move? method for the rook piece Thinking through the logic of this method we need to consider following aspects: - Check if we are actually moving the piece (new coordinates are not the same as current coordinates) - Check if the new coordinates are inside the chess board (1 to 8 or 0 to 7 depending on the implementation of the board) - Check if the rook is only moving vertically or horizontally At this point we don’t care so much whether there is another piece at the destination. Following the three requirements we would come up with the following implementation: I once heard that we should make our code readable and understandable for other developers. Other developers is also yourself in two w",exact_duplicate|near_duplicate|semantic_duplicate|same_template_different_content|related_but_both_valuable|false_positive|unclear
,shard_00030.parquet:44015,shard_00093.parquet:48816,0.9999995827674866,689,689,"Cognitive behavioural therapy (CBT) is based on the theory that how we think about a situation affects how we act and, in turn, our actions can affect how we think and feel. The therapist will attempt to show how anorexia is often associated with unhealthy and unrealistic thoughts and beliefs about food and diet. For example, these could be: - “Putting on weight is the single worst thing that can happen in my life.” - “Everyone I know secretly thinks I’m fat.” - “If I finish the whole meal, people I’m eating with, will think I’m greedy and worthless.” The therapist will encourage the adoption of healthier, more realistic ways of thinking that should lead to more positive behavior.","Cognitive behavioural therapy (CBT) is based on the theory that how we think about a situation affects how we act and, in turn, our actions can affect how we think and feel. The therapist will attempt to show how anorexia is often associated with unhealthy and unrealistic thoughts and beliefs about food and diet. For example, these could be: - “Putting on weight is the single worst thing that can happen in my life.” - “Everyone I know secretly thinks I’m fat.” - “If I finish the whole meal, people I’m eating with, will think I’m greedy and worthless.” The therapist will encourage the adoption of healthier, more realistic ways of thinking that should lead to more positive behavior.",exact_duplicate|near_duplicate|semantic_duplicate|same_template_different_content|related_but_both_valuable|false_positive|unclear
,shard_00037.parquet:29460,shard_00051.parquet:3662,0.9836979508399963,1560,1430,"Bath-built ships played role in D-Day invasion Ships built over 2-month period for Navy Several ships built at Bath Iron Works played roles in the D-Day invasion in Normandy, France, 70 years ago Friday. BIW said the USS Barton, USS Walke, USS Laffey, USS O'Brien and USS Meredith were all built in Bath, one right after the other from December 1943 to February 1944. Click to see historic photos of the ships Soon after delivery the Sumner-Class destroyers took part in the Normandy invasion. Shipyard officials said the ships stayed together for much of the war as Destroyer 119, and were known to be ""where the action is,"" according to the book Bath Iron Works -- First Hundred Years. According to the book, ""The ships spent the first hours of the invasion providing the defensive screen against German attacks on the invasion fleet with aircraft, submarines and E-boats."" The Meredith was providing support for troops on Utah Beach when a mine in shallow water ripped a 65-foot hole in the ship. The ship didn't sink, but 35 men were killed and 26 were wounded. Salvage efforts were underway when a German air attack dropped at 2,000-pound bomb within 800 yards of the Meredith, according to the","Several ships built at Bath Iron Works played roles in the D-Day invasion in Normandy, France, 70 years ago Friday. BIW said the USS Barton, USS Walke, USS Laffey, USS O'Brien and USS Meredith were all built in Bath, one right after the other from December 1943 to February 1944. Soon after delivery the Sumner-Class destroyers took part in the Normandy invasion. Shipyard officials said the ships stayed together for much of the war as Destroyer 119, and were known to be ""where the action is,"" according to the book Bath Iron Works -- First Hundred Years. According to the book, ""The ships spent the first hours of the invasion providing the defensive screen against German attacks on the invasion fleet with aircraft, submarines and E-boats."" The Meredith was providing support for troops on Utah Beach when a mine in shallow water ripped a 65-foot hole in the ship. The ship didn't sink, but 35 men were killed and 26 were wounded. Salvage efforts were underway when a German air attack dropped at 2,000-pound bomb within 800 yards of the Meredith, according to the book. The ship still did not sink, and it was a few days later when the Meredith broke apart. It had only been in active commissio",exact_duplicate|near_duplicate|semantic_duplicate|same_template_different_content|related_but_both_valuable|false_positive|unclear
,shard_00113.parquet:16817,shard_00074.parquet:16583,0.9999995231628418,978,978,"Ballet is classical dance form characterized by grace and precision of movement envolving elaborate formal gestures, steps, and poses. Students often begin ballet to develop grace, improve posture, or to overcome weakness, injury or illness. Ballet is a challenging discipline that develops coordination, mental acuity, and an ear for music. From an exercise standpoint, ballet’s many benefits include muscular strengthening, the building of cardiovascular stamina, and the potential to increase flexibility. Other benefits include postural awareness and better alignment. The discipline and practice required in ballet promotes organizational skills, concentration levels, commitment, memorization, and self-expression. Studying ballet challenges the mind and improves spatial and kinesthetic awareness. The constant application of putting steps together, turning, changing levels, reversing and retrograding has been proven to improve dyslexia and other learning disabilities.","Ballet is classical dance form characterized by grace and precision of movement envolving elaborate formal gestures, steps, and poses. Students often begin ballet to develop grace, improve posture, or to overcome weakness, injury or illness. Ballet is a challenging discipline that develops coordination, mental acuity, and an ear for music. From an exercise standpoint, ballet’s many benefits include muscular strengthening, the building of cardiovascular stamina, and the potential to increase flexibility. Other benefits include postural awareness and better alignment. The discipline and practice required in ballet promotes organizational skills, concentration levels, commitment, memorization, and self-expression. Studying ballet challenges the mind and improves spatial and kinesthetic awareness. The constant application of putting steps together, turning, changing levels, reversing and retrograding has been proven to improve dyslexia and other learning disabilities.",exact_duplicate|near_duplicate|semantic_duplicate|same_template_different_content|related_but_both_valuable|false_positive|unclear
,shard_00126.parquet:41101,shard_00126.parquet:49394,0.9999997615814209,4598,4598,"Vitamins & minerals – important substances for the body’s building blocks. Vitamins and minerals are among the type of nutrients that must be gotten through our diet if we want to avoid deficiency diseases. They are also a part of the body’s building blocks, but we do not need them in as significant quantities, for example, proteins, carbohydrates and fats. Most of the 13 vitamins the body needs are gotten naturally in small doses through our diet, similar to how we get minerals, also called trace elements. If our food, for various reasons, is not varied enough, this can cause deficiency diseases. Similarly to how our muscles become less active if they do not get enough protein, the body becomes less able to resist certain illnesses if it is suffering from a lack of vitamins or minerals. According to studies our bodies, both before and during exercising, don’t only need extra water but also important minerals so as to perform to their highest capacity. Through our regular healthy diet, we often get enough vitamins, but some vitamins are more difficult to understand than others. The human body cannot produce vitamin C, which is, among other things, necessary for our metabolism and c","Vitamins & minerals – important substances for the body’s building blocks. Vitamins and minerals are among the type of nutrients that must be gotten through our diet if we want to avoid deficiency diseases. They are also a part of the body’s building blocks, but we do not need them in as significant quantities, for example, proteins, carbohydrates and fats. Most of the 13 vitamins the body needs are gotten naturally in small doses through our diet, similar to how we get minerals, also called trace elements. If our food, for various reasons, is not varied enough, this can cause deficiency diseases. Similarly to how our muscles become less active if they do not get enough protein, the body becomes less able to resist certain illnesses if it is suffering from a lack of vitamins or minerals. According to studies our bodies, both before and during exercising, don’t only need extra water but also important minerals so as to perform to their highest capacity. Through our regular healthy diet, we often get enough vitamins, but some vitamins are more difficult to understand than others. The human body cannot produce vitamin C, which is, among other things, necessary for our metabolism and c",exact_duplicate|near_duplicate|semantic_duplicate|same_template_different_content|related_but_both_valuable|false_positive|unclear
,shard_00112.parquet:24156,shard_00054.parquet:26858,1.0000001192092896,5033,5033,"NEOs as stepping stones to Mars and main-belt asteroids Volume 68, Issues 5-6, March-April 2011, Pages 599-602 Special Issue: Aosta 2009 Symposium Gregory L. Matloff and Monika Wilga Physics Department, New York City College of Technology CUNY, 300 Jay Street, Brooklyn, NY 11201, USA Human interplanetary missions are constrained by the problem of astronaut exposure to galactic cosmic radiation. This paper surveys the existing on-line near-Earth object (NEO) data base in an effort to identify NEOs that cross both Earth's ad Mars’ orbits and could be used as cosmic ray shields by interplanetary voyagers. The search concentrated on low-inclination Mars-crossing NEOs that approach Earth, Mars, and main-belt asteroids in the 2020–2100 time frame. Both outbound and return transfers were searched for. Several candidates for Earth–Mars, Mars–Earth, and Earth–Vesta transfers have been found from the very incomplete August 2008 data base. Other aspects of this interplanetary transfer option are considered. Link: Acta Astronautica Selections from the National Geographic article on the above paper... Future astronauts could hitchhike their way to Mars—without the need for a Vogon Constructor F","NEOs as stepping stones to Mars and main-belt asteroids Volume 68, Issues 5-6, March-April 2011, Pages 599-602 Special Issue: Aosta 2009 Symposium Gregory L. Matloff and Monika Wilga Physics Department, New York City College of Technology CUNY, 300 Jay Street, Brooklyn, NY 11201, USA Human interplanetary missions are constrained by the problem of astronaut exposure to galactic cosmic radiation. This paper surveys the existing on-line near-Earth object (NEO) data base in an effort to identify NEOs that cross both Earth's ad Mars’ orbits and could be used as cosmic ray shields by interplanetary voyagers. The search concentrated on low-inclination Mars-crossing NEOs that approach Earth, Mars, and main-belt asteroids in the 2020–2100 time frame. Both outbound and return transfers were searched for. Several candidates for Earth–Mars, Mars–Earth, and Earth–Vesta transfers have been found from the very incomplete August 2008 data base. Other aspects of this interplanetary transfer option are considered. Link: Acta Astronautica Selections from the National Geographic article on the above paper... Future astronauts could hitchhike their way to Mars—without the need for a Vogon Constructor F",exact_duplicate|near_duplicate|semantic_duplicate|same_template_different_content|related_but_both_valuable|false_positive|unclear
,shard_00121.parquet:4575,shard_00082.parquet:52933,0.9999995827674866,11061,11061,"Lev Nikolaevich (Leo) Tolstoy (1828–1910). Russian novelist, reformer, and moral thinker Tolstoy was born at Yasnaya Polyana, the Tolstoy family estate a hundred miles south of Moscow, on August 28. He died on November 20 at a nearby railroad station, having fled in the night from an increasingly contentious marriage and a set of familial relationships that had been hardened in large part by Tolstoy's attempts to apply his radical moral beliefs to his own life. In the intervening eighty-two years Tolstoy became perhaps the most prominent novelist in an age and place of great authors as well as a vociferous critic of science and modernization. Tolstoy's international fame rests primarily on two novels, War and Peace (1865–1869) and Anna Karenina (1875–1877). His fictional works also include short masterpieces such as ""The Death of Ivan Ilyich"" (1886), ""The Kreutzer Sonata"" (1889), and ""Master and Man"" (1895). In addition he wrote autobiographical accounts of his childhood (Childhood, Boyhood, Youth[1852–1857]) and his experiences as a soldier in the Crimean War (Sevastopol Sketches ). With regard to issues of science, technology, and ethics Tolstoy's most relevant writings include a","Lev Nikolaevich (Leo) Tolstoy (1828–1910). Russian novelist, reformer, and moral thinker Tolstoy was born at Yasnaya Polyana, the Tolstoy family estate a hundred miles south of Moscow, on August 28. He died on November 20 at a nearby railroad station, having fled in the night from an increasingly contentious marriage and a set of familial relationships that had been hardened in large part by Tolstoy's attempts to apply his radical moral beliefs to his own life. In the intervening eighty-two years Tolstoy became perhaps the most prominent novelist in an age and place of great authors as well as a vociferous critic of science and modernization. Tolstoy's international fame rests primarily on two novels, War and Peace (1865–1869) and Anna Karenina (1875–1877). His fictional works also include short masterpieces such as ""The Death of Ivan Ilyich"" (1886), ""The Kreutzer Sonata"" (1889), and ""Master and Man"" (1895). In addition he wrote autobiographical accounts of his childhood (Childhood, Boyhood, Youth[1852–1857]) and his experiences as a soldier in the Crimean War (Sevastopol Sketches ). With regard to issues of science, technology, and ethics Tolstoy's most relevant writings include a",exact_duplicate|near_duplicate|semantic_duplicate|same_template_different_content|related_but_both_valuable|false_positive|unclear
,shard_00042.parquet:44782,shard_00081.parquet:34995,0.9454843401908875,5314,1911,"The holiday we celebrate now has its roots in Massachusetts Governor William Bradford's proclamation of the first Thanksgiving Day on November 29, 1623. He ordered a public ceremony to ""render thanksgiving to ye Almighty God for all His blessings."" However, that was not the first thanksgiving on our nation's soil. Long before, on September 8, 1565, Spanish explorers celebrated Mass in gratitude for their safe arrival at what is now St. Augustine, Florida. Another Mass of thanksgiving was celebrated by Spanish explorers in present-day Texas on April 30, 1598. The first official Thanksgiving ceremony in the American colonies was December 4, 1619, when English settlers arrived at the Berkeley Hundred settlement in Virginia. So Bradford was only following honorable suit. The infant nation continued the practice. Thomas Jefferson introduced a resolution in the Virginia Assembly in 1774 calling for a Day of Fasting and Prayer, as did Richard Henry Lee in 1777. The governor of New Hampshire, John Langdon, proclaimed official days of thanksgiving, fasting, and prayer in 1785 and 1786. Massachusetts Governor John Hancock issued A Proclamation for a Day of Thanksgiving on November 8, 1783, t","The impiety of many of our country's present leaders makes it easy to forget that the United States was once governed by devout men who acknowledged the one true God and their debt to Him in everything. These statesmen were courageously unafraid to give public thanks to God. It is refreshingly edifying to review the role our founders played in establishing Thanksgiving Day. The holiday we celebrate now has its roots in Massachusetts Governor William Bradford's proclamation of the first Thanksgiving Day on November 29, 1623. He ordered a public ceremony to ""render thanksgiving to ye Almighty God for all His blessings."" However, that was not the first thanksgiving on our nation's soil. Long before, on September 8, 1565, Spanish explorers celebrated Mass in gratitude for their safe arrival at what is now St. Augustine, Florida. Another Mass of thanksgiving was celebrated by Spanish explorers in present-day Texas on April 30, 1598. The first official Thanksgiving ceremony in the American colonies was December 4, 1619, when English settlers arrived at the Berkeley Hundred settlement in Virginia. So Bradford was only following honorable suit. The infant nation continued the practice. Tho",exact_duplicate|near_duplicate|semantic_duplicate|same_template_different_content|related_but_both_valuable|false_positive|unclear
,shard_00123.parquet:30505,shard_00027.parquet:47903,0.988365888595581,9375,10030,"Developing a bent grass control program How do you break the dominance of bent grass and get started on a control program? Initially soil fertility must be built up to create a suitable environment for productive species to thrive. Adjustments to grazing management can be made to improve the use of bent grass and increase the competition of desirable species over bent grass. Spray topping of bent grass may also enable farmers to start managing bent grass better. Increase soil fertility In typical sedimentary soils with an Olsen Phosphorus it may take 20kg of phosphorus per hectare per year. For 3 to 4 years before levels can be reduced to a maintenance rate (approx 1 kg/P/DSE or Dry Sheep Equivalent). If you are in a sub clover zone, you will need to raise Olsen P levels to at least 12ppm for sub clover to thrive and if you are aiming at establishing productive white clovers, an Olsen P level of 15ppm or more would be necessary. If soils are strongly acidic, then lime will also need to be added. Build up and maintain soil nitrogen levels before you sow improved perennial grasses, recognising that even in well managed pastures, clover dominance is cyclical. As nitrogen builds up, hi","Developing a Bent Grass Control Program Updated: September 2011 How do you break the dominance of bent grass and get started on a control program? Initially soil fertility must be built up to create a suitable environment for productive species to thrive. Adjustments to grazing management can be made to improve the utilisation of bent grass and increase the competition of desirable species over bent grass. Spray topping of bent grass may also enable farmers to start managing bent grass better. Increase Soil Fertility In typical sedimentary soils with an Olsen Phosphorus (Olsen P) level of 6 – 7, it may take 20 kg of phosphorus/ha/yr, for 3 to 4 years before levels can be reduced to a maintenance rate (i.e. approx 1 kg/P/DSE or Dry Sheep Equivalent). If you are in a sub clover zone, you will need to raise Olsen P levels to at least 12 ppm for sub clover to thrive and if you are aiming at establishing productive white clovers, an Olsen P level of 15 ppm or more would be necessary. If soils are strongly acidic, then lime will also need to be added. Build up and maintain soil nitrogen levels before you sow improved perennial grasses, recognising that even in well managed pastures, clov",exact_duplicate|near_duplicate|semantic_duplicate|same_template_different_content|related_but_both_valuable|false_positive|unclear
,shard_00168.parquet:16193,shard_00072.parquet:7097,0.9228307604789734,4891,1161,"An artist's rendering of the SMART-1 spacecraft orbiting the Moon. Scientists are plotting out a ""crash course"" in learning what happens when a European lunar probe slams into the Moon. The European Space Agency's (ESA) SMART-1 spacecraft--now circling the Moon--is headed for a planned early September impact with Earth's celestial neighbor. The ESA probe would plow into the lunar surface, giving it a glancing blow as it speeds in at nearly 5,000 miles per hour (2 kilometers per second). SMART-1 is Europe's first robotic lunar mission. The name SMART stands for Small Mission for Advanced Research in Technology The spacecraft was launched on September 27, 2003. Making use of its ion-propulsion engine to slowly nudge it outward from Earth, the probe powered its way into lunar orbit on November 15, 2004. Outfitted with miniaturized instruments, SMART-1's goal has been to gauge key chemical elements in the lunar surface, as well as look into the theory that the Moon was formed following the violent collision of a smaller planet with Earth long ago. ESA's lunar probe completes a loop around the Moon every five hours--but that's about to end later this year. Engineers and scientists are n","By Leonard DavidScientists are plotting out a “crash course” in learning what happens when a European lunar probe slams into the Moon. The European Space Agency’s (ESA) SMART-1 spacecraft—now circling the Moon—is headed for a planned early September impact with Earth’s celestial neighbor. The ESA probe would plow into the lunar surface, giving it a glancing blow as it speeds in at nearly 5,000 miles per hour (2 kilometers per second). SMART-1 is Europe’s first robotic lunar mission. The name SMART stands for Small Mission for Advanced Research in Technology The spacecraft was launched on September 27, 2003. Making use of its ion-propulsion engine to slowly nudge it outward from Earth, the probe powered its way into lunar orbit on November 15, 2004. Outfitted with miniaturized instruments, SMART-1’s goal has been to gauge key chemical elements in the lunar surface, as well as look into the theory that the Moon was formed following the violent collision of a smaller planet with Earth long ago. ESA’s lunar probe completes a loop around the Moon every five hours—but that’s about to end later this year. More . . . See Also: Cosmos 1 'Lost in Space'",exact_duplicate|near_duplicate|semantic_duplicate|same_template_different_content|related_but_both_valuable|false_positive|unclear
,shard_00103.parquet:31088,shard_00166.parquet:1304,0.9972213506698608,3883,3963,"The relationship between mycotoxins and joint pain isn’t fully understood, but it is known that joint pain from mold is one of many possible medical complications that can be caused by exposure to mold in the home. You’ve no doubt heard about the dangers of toxic mold in the home, but most molds are not really toxic. Some types of mold do produce toxic compounds, however, known as mycotoxins. It’s these compounds that can cause a myriad of medical problems, including joint pain. Molds produce microscopic spores as a way of reproducing, much like plants reproduce through seeds. When mold spores are produced, mycotoxins are sometimes produced, too. Different types of molds produce different mycotoxins, which cause different symptoms. Scientists have identified more than 200 different mycotoxins produced by molds commonly found indoors in the U.S., and some of these cause muscle and joint pain and inflammation, along with other symptoms, including respiratory problems. It’s hard to say how common joint pain caused by mold is, because not all doctors are well-informed about mycotoxins and joint pain, so they may misdiagnose the cause of pain in the joints. For instance, joint pain caus","The relationship between mycotoxins and joint pain isn’t fully understood, but it is known that joint pain from mold is one of many possible medical complications that can be caused by exposure to mold in the home. You’ve no doubt heard about the dangers of toxic mold in the home, but most molds are not really toxic. Some types of mold do produce toxic compounds, however, known as mycotoxins. It’s these compounds that can cause a myriad of medical problems, including joint pain. Molds produce microscopic spores as a way of reproducing, much like plants reproduce through seeds. When mold spores are produced, mycotoxins are sometimes produced, too. Different types of molds produce different mycotoxins, which cause different symptoms. Scientists have identified more than 200 different mycotoxins produced by molds commonly found indoors in the U.S., and some of these cause muscle and joint pain and inflammation, along with other symptoms, including respiratory problems. It’s hard to say how common joint pain caused by mold is, because not all doctors are well-informed about mycotoxins and joint pain, so they may misdiagnose the cause of pain in the joints. For instance, joint pain caus",exact_duplicate|near_duplicate|semantic_duplicate|same_template_different_content|related_but_both_valuable|false_positive|unclear
,shard_00117.parquet:49173,shard_00040.parquet:14465,0.918304443359375,4585,6830,"Herpesvirus infections are one of the common sexually transmitted infections among people of all ages. It has been found that one in every six persons in the age group 14 to 49 is prone to the disease. This infection is caused by the herpes simplex virus. There are two types of herpesvirus, HSV-1 mainly causes lesions and blisters around the mouth and HSV 2 mainly causes lesions in the genital areas. After the first infection the virus travels to the nerve tissue and remain dormant for some time. Reactivation of the virus occurs when the immune system of the body weakens. Causes of Genital Herpesvirus Infection The herpesvirus enters the body through small and even microscopic cuts or tears in the skin, mucous membranes and in tissues. The infected person can spread the disease to another person even when they do not have any signs or symptoms of the disease. Avoiding sexual intercourse with the person having blisters of herpes does not prevent the chances of infection. The frequency of outbreaks of herpesvirus infection will depend on the efficiency of an individual’s immune system. Transmission of Herpesvirus Herpes simplex virus is transmitted from one person to another through","What is Herpes? This is a kind of sexually transmitted infection caused by the herpes simplex virus. The virus is found in two strains – Herpes Simplex Type 1 and Herpes Simplex Type 2. Oral sex, vaginal sex or anal sex, are some of the major ways of transmitting the herpes simplex virus. It is of two types: a) HSV-1, Oral herpes causes cold sores and blisters around the mouth and face’s) HSV-2, It is responsible for genital herpes outbreak. HSV Singles: HSV is not so uncommon disease. A study says that half of the population has HSV-1 and one out of every six people of age 14-49 has HSV-2. The virus is characterized in three phases: initial infection, which is followed by the latency phase where the infection remains dormant and shows no symptoms. The last phase is where you’d experience recurrent outbreaks. Where does the herpes simplex virus reside in the body? This virus is known to be latent in nature. After the virus has found its way into the body, it gets into nerve roots and affects the sensory nerve Ganglia. The Ganglia are similar to junctions where nerves from different parts of the body converge. I have heard that genital herpes is very common. Is it true? According to",exact_duplicate|near_duplicate|semantic_duplicate|same_template_different_content|related_but_both_valuable|false_positive|unclear
,shard_00131.parquet:30443,shard_00044.parquet:40415,0.9932000637054443,498,490,"Medical Definition of Nitric oxide Nitric oxide: A compound that is toxic but which, paradoxically, plays a number of important roles in the body, including the following: The 1998 Nobel Prize in Medicine or Physiology was awarded to Robert F. Furchgott, Ferid Murad, and Louis J. Ignarro for their discoveries of the role of nitric oxide in cardiovascular physiology. Last Editorial Review: 1/25/2017 Back to MedTerms online medical dictionary A-Z List Need help identifying pills and medications?","Definition of Nitric oxide Nitric oxide: A compound that is toxic but which, paradoxically, plays a number of important roles in the body, including the following: The 1998 Nobel Prize in Medicine or Physiology was awarded to Robert F. Furchgott, Ferid Murad, and Louis J. Ignarro for their discoveries of the role of nitric oxide in cardiovascular physiology. Last Editorial Review: 6/14/2012 Back to MedTerms online medical dictionary A-Z List Need help identifying pills and medications?",exact_duplicate|near_duplicate|semantic_duplicate|same_template_different_content|related_but_both_valuable|false_positive|unclear
,shard_00159.parquet:35478,shard_00136.parquet:24777,0.9999991655349731,5293,5293,"Heat Exchanger Services Vancouver Heat Exchangers in an Aircraft There are various applications of Heat Exchangers. The core purpose is to aid in cooling is extensively used in aviation sector besides in refrigerators, car air conditioning etc. To save the consumption of fuel and for efficient cooling, one needs to keep the heat exchangers clean for smooth functioning. A heat exchanger is a piece of a machine built for resourceful heat transfer from one medium to another. The two most commonly use heat exchanged in aviation are the flat tube and the plate-fin heat exchangers. For a commercial aircraft carrying passengers on board, it is pre-requisite to have a pleasant cabin environment for a comfortable journey. This is where the heat exchangers located in the area at the transition between fuselage and wings come into play making the cooling possible. Heat exchangers enable thermal energy to be transferred from one medium to another without the two media that is water and gas coming into contact with each other. Application of Heat Exchanger Heat exchangers are commonly used to cool hydraulics, RAM air, auxiliary power units, gearboxes, and many other components that consist of a","Heat Exchanger Services Vancouver Heat Exchangers in an Aircraft There are various applications of Heat Exchangers. The core purpose is to aid in cooling is extensively used in aviation sector besides in refrigerators, car air conditioning etc. To save the consumption of fuel and for efficient cooling, one needs to keep the heat exchangers clean for smooth functioning. A heat exchanger is a piece of a machine built for resourceful heat transfer from one medium to another. The two most commonly use heat exchanged in aviation are the flat tube and the plate-fin heat exchangers. For a commercial aircraft carrying passengers on board, it is pre-requisite to have a pleasant cabin environment for a comfortable journey. This is where the heat exchangers located in the area at the transition between fuselage and wings come into play making the cooling possible. Heat exchangers enable thermal energy to be transferred from one medium to another without the two media that is water and gas coming into contact with each other. Application of Heat Exchanger Heat exchangers are commonly used to cool hydraulics, RAM air, auxiliary power units, gearboxes, and many other components that consist of a",exact_duplicate|near_duplicate|semantic_duplicate|same_template_different_content|related_but_both_valuable|false_positive|unclear
,shard_00109.parquet:36898,shard_00115.parquet:30485,0.9590884447097778,57248,77102,"- Category : Political - Type : PSP - Profile : 5/1 - Heretical / Investigator - Definition : Split - Small (10,20) - Incarnation Cross : LAX Alignment 2 John Adams (October 30 1735 – July 4, 1826) was the second president of the United States (1797–1801), having earlier served as the first vice president of the United States. An American Founding Father, Adams was a statesman, diplomat, and a leading advocate of American independence from Great Britain. Well educated, he was an Enlightenment political theorist who promoted republicanism, as well as a strong central government, and wrote prolifically about his often seminal ideas, both in published works and in letters to his wife and key adviser Abigail Adams, as well as to other Founding Fathers. Adams was a lifelong opponent of slavery, having never bought a slave. In 1770, he provided a principled, controversial, and successful legal defense to British soldiers, accused in the Boston Massacre because he believed in the right to counsel and the ""protect of innocence."" Adams came to prominence in the early stages of the American Revolution. A lawyer and public figure in Boston, as a delegate from Massachusetts to the Continental","By Nechemyah Levi John Adams (October 30, 1735 (O.S. October 19, 1735) – July 4, 1826) was the second president of the United States (1797–1801), having earlier served as the first vice president of the United States. An American Founding Father, he was a statesman, diplomat, and a leading advocate of American independence from Great Britain. Well educated, he was an Enlightenment political theorist who promoted republicanism and wrote prolifically about his often seminal ideas, both in published works and in letters to his wife and key adviser Abigail as well as to other Founding Fathers. Adams came to prominence in the early stages of the American Revolution. A lawyer and public figure in Boston, as a delegate from Massachusetts to the Continental Congress, he played a leading role in persuading Congress to declare independence. He assisted Thomas Jefferson in drafting the Declaration of Independence in 1776, and was its primary advocate in the Congress. Later, as a diplomat in Europe, he helped negotiate the eventual peace treaty with Great Britain, and was responsible for obtaining vital governmental loans from Amsterdam bankers. A political theorist and historian, Adams largel",exact_duplicate|near_duplicate|semantic_duplicate|same_template_different_content|related_but_both_valuable|false_positive|unclear
,shard_00006.parquet:17540,shard_00007.parquet:19404,0.9270554780960083,7731,5955,"Ruth Gates was a British coral reef biologist and marine conservationist who best remembered defending super coral breeding that could resist the effects of global warming and recover rapidly deteriorating cliffs around the world. Gates, who died of cancer at the age of 56, was director of the Hawaiian Institute of Marine Biology at Hawaiian University in Manoa. Her wife, Robin Burton-Gates, survives. Gates grew up in Kent and said it was the first time to become coral reefs through the colorful television films of marine explorer Jacques Cousteau. ""Although Cousteau came to the television, he revealed the oceans in a way that no one else could,"" she said New Yorker in 2016. By the age of eleven she said she knew she wanted to be a marine biologist. She also received a Doctorate in Marine Biology, published dozens of scientific papers, and in 2015 she became the first woman elected as President of the International Society for the Study of Cliffs. It also appeared in last year's Netflix documentary that won Emmy Chasing Coral and has become a frequent commentator in the media on reef protection as well as the impacts of climate change. ""Corals seem to be the most complex organisms","Ruth Gates, a renowned marine biologist who made it her life’s work to save the world’s fragile coral reefs from the deadening effects of warming water temperatures, died on October 25 in Kailua, Hawaii. She was 56. The Hawaii Institute of Marine Biology in Manoa, where Dr Gates was director, announced her death, at Castle Hospital. Robin Burton-Gates, her wife, said the cause was complications of surgery for diverticulitis. Dr Gates also had cancer that had spread to her brain, she said. Gates had wanted to be a marine biologist since she was a child, having been entranced by coral reefs when she saw them on the televised exploits of the underwater explorer Jacques Cousteau. “I have the utmost respect for corals,” she said in the Netflix documentary Chasing Coral, which was released in 2017 and won an Emmy. “They’re really sophisticated animals.” A precious natural resource, coral reefs are often called the rainforests of the ocean because they provide a nurturing habitat for critical sources of food for millions of people, in addition to serving as a major source of tourism dollars. But over the past few decades, at least a third of the world’s reefs, which are highly sensitive t",exact_duplicate|near_duplicate|semantic_duplicate|same_template_different_content|related_but_both_valuable|false_positive|unclear
,shard_00118.parquet:44579,shard_00168.parquet:36493,1.0,2656,2656,"A channel connecting multiple computers is network. It helps to share information thesis on networking is specially developed for students of electronics, computer science and communication. Students are more interested in basing their project on network security. Security of network plays a crucial role in its development. Confidential transmission of data is possible. Identification of unauthorized and authorized person is made before communicating data, security problems in networking appear in four different areas they are - Integrity of Service. - Non Repudiation. Integrity of Service:Data sender is analyzed and let knows that if it is the correct person or source of an end system is detected. Non Repudiation:It offers a safe data access with signature. Secrecy:It confidentially secures information from unauthorized users. Authentication:It checks the user before allowing access. Types of Network Attacks: - Active attacks -It occurs by modifying original data. Otherwise it creates false nodes. It has the opposite qualities of passive attacks. - Passive attacks. – Passive attackers try to obtain the transmitting information. It is divided into two kinds. Science of Cryptography","A channel connecting multiple computers is network. It helps to share information thesis on networking is specially developed for students of electronics, computer science and communication. Students are more interested in basing their project on network security. Security of network plays a crucial role in its development. Confidential transmission of data is possible. Identification of unauthorized and authorized person is made before communicating data, security problems in networking appear in four different areas they are - Integrity of Service. - Non Repudiation. Integrity of Service:Data sender is analyzed and let knows that if it is the correct person or source of an end system is detected. Non Repudiation:It offers a safe data access with signature. Secrecy:It confidentially secures information from unauthorized users. Authentication:It checks the user before allowing access. Types of Network Attacks: - Active attacks -It occurs by modifying original data. Otherwise it creates false nodes. It has the opposite qualities of passive attacks. - Passive attacks. – Passive attackers try to obtain the transmitting information. It is divided into two kinds. Science of Cryptography",exact_duplicate|near_duplicate|semantic_duplicate|same_template_different_content|related_but_both_valuable|false_positive|unclear
,shard_00064.parquet:506,shard_00005.parquet:28100,0.9999995231628418,4038,4038,"Mar 20, 2013 Is the famous gyre on Jupiter the result of atmospheric convection? The red spot in Jupiter’s atmosphere has persisted for more than 300 years, at least as long as there have been telescopes on Earth able to see it. The consensus opinion is that it is a cyclonic storm driven by rising heat from below. However, exactly how it was formed and why it has persisted for so long remain a mystery. The oval-shaped spot varies in size, from approximately 19,500 kilometers long to over 39,000 kilometers, with a maximum width of around 21,000 kilometers. In comparison, Earth is 12,800 kilometers in diameter. Wind speeds around its perimeter have been measured at 635 kilometers per hour, twice as fast as a terrestrial tornado. Planetary scientists are not sure what causes its red color. In fact, they are not sure why the gas giant planets exhibit unique overall color schemes. Optical instruments reveal that Neptune has a blue color, Uranus a green hue, Saturn a pale yellow aspect, and Jupiter a rusty red appearance. In March of 2010, the European Southern Observatory’s (ESO) Very Large Telescope detected variations in the temperature map of the spot. Observations revealed a warmer","Mar 20, 2013 Is the famous gyre on Jupiter the result of atmospheric convection? The red spot in Jupiter’s atmosphere has persisted for more than 300 years, at least as long as there have been telescopes on Earth able to see it. The consensus opinion is that it is a cyclonic storm driven by rising heat from below. However, exactly how it was formed and why it has persisted for so long remain a mystery. The oval-shaped spot varies in size, from approximately 19,500 kilometers long to over 39,000 kilometers, with a maximum width of around 21,000 kilometers. In comparison, Earth is 12,800 kilometers in diameter. Wind speeds around its perimeter have been measured at 635 kilometers per hour, twice as fast as a terrestrial tornado. Planetary scientists are not sure what causes its red color. In fact, they are not sure why the gas giant planets exhibit unique overall color schemes. Optical instruments reveal that Neptune has a blue color, Uranus a green hue, Saturn a pale yellow aspect, and Jupiter a rusty red appearance. In March of 2010, the European Southern Observatory’s (ESO) Very Large Telescope detected variations in the temperature map of the spot. Observations revealed a warmer",exact_duplicate|near_duplicate|semantic_duplicate|same_template_different_content|related_but_both_valuable|false_positive|unclear
,shard_00010.parquet:10440,shard_00012.parquet:25790,0.9999995231628418,406,406,"In this section... Building bridges in Year 5. Year 5 have been busily designing and making bridges in DT. This has involved measuring and cutting wood for the structural shapes for the bridge itself and gluing the pieces together. The children have been showing excellent teamwork, resilience, patience and determination to combine these skills together. Please enter some content for your blog post here.","In this section... Building bridges in Year 5. Year 5 have been busily designing and making bridges in DT. This has involved measuring and cutting wood for the structural shapes for the bridge itself and gluing the pieces together. The children have been showing excellent teamwork, resilience, patience and determination to combine these skills together. Please enter some content for your blog post here.",exact_duplicate|near_duplicate|semantic_duplicate|same_template_different_content|related_but_both_valuable|false_positive|unclear
,shard_00148.parquet:41488,shard_00110.parquet:12702,0.9238199591636658,1405,1373,"July 30, 2021 16:56 GMT The space exploration vehicle has reached an area of difficulty on Earth and the control from Earth will decide the future course through daily images taken by the rover. China’s Zhurong rover has reached a rock-covered area, impacted by craters and sand dunes, after exploring two other sand dunes on its journey through the Red Planet, according to the China National Space Administration (CNSA). The ground control will complete the visual positioning and route planning according to the daily images on the ground taken by the rover, reach Xinhua. This data will allow the rover to safely pass obstacles. Also, during his trip, Zhurong will operate the underground radar, meteorological instrument and surface magnetic field detector to conduct the investigation. Until July 30, the Chinese spacecraft had been on the surface of Mars for 75 days on the planet Mars and the orbiter It was In orbit for 372 days. Both work under normal conditions, and their subsystems are working properly. The probe with the first Chinese spacecraft on Mars amaretzo May 15 on the red planet. The Chinese rover was named Zhurong, after the god of fire in ancient Chinese mythology. Chinese","30 July 2021 16:56 GMT The space probe vehicle has reached an area that presents difficulties on the ground and determining the future path through daily images taken by the rover will be the control coming from Earth. According to the Chinese National Space Administration (CNSA), the Chinese rover Jurong has reached an area covered by rocks, impact craters and dunes after exploring the other two dunes during its journey through the red planet. Floor control completes visual positioning and route planning according to daily ground-based images taken by the rover, Reports Xinhua. This data will allow the rover to safely cross the barriers. In addition, Jurong will investigate ground radar, meteorological instrumentation and surface magnetic field detection during his voyage. As of this July 30, the Chinese rover had been working on the surface of Mars for 75 Mars days and in orbit Has been 372 days in orbit. Both operate under normal conditions, and their subsystems also function properly. Lander with the first Chinese rover on Mars amartizó May 15 on the Red Planet. In ancient Chinese mythology, the Chinese rover was named after the god of fire. Chinese President Xi Jinping congrat",exact_duplicate|near_duplicate|semantic_duplicate|same_template_different_content|related_but_both_valuable|false_positive|unclear
,shard_00080.parquet:15879,shard_00050.parquet:35555,0.9279817938804626,8754,4571,"If you have a passion for helping others communicate effectively, a career as a speech-language pathologist may be the perfect fit for you. In this comprehensive guide, you'll learn about the education and training required to become a speech-language pathologist and the skills and qualities needed to succeed in this rewarding profession. The Role of a Speech-Language Pathologist Speech-language therapists, also known as speech therapists, are healthcare professionals who diagnose and treat individuals with communication disorders. These disorders can include speech, language, voice, fluency, and swallowing difficulties. Speech therapists work in various settings, such as hospitals, schools, clinics, rehabilitation centers, and private practices. The first step for a speech therapist is to assess the individual's current communication abilities. They use various tests and evaluations to identify any areas of difficulty or impairment. Based on the results of these assessments, the speech therapist will develop an individualized treatment plan tailored to the patient’s specific needs. This may include exercises to improve articulation or vocabulary-building techniques for those with","Learn How to Become a Speech Therapist Discover speech-language therapy and pathology training and careers. Speech-language pathologists, often referred to as a speech therapist, evaluate and treat children and adults with speech and language problems. They help children and adolescents with language disorders to understand and give directions, convey ideas and improve language skills that lead to better academic performance. And they evaluate and treat people with swallowing disorders that may result from various types of causes, including the following: - Hearing loss - Stroke or brain injury - Accidents and injuries - Cerebral palsy or other afflictions, such as a cleft palate Speech Therapist Job Description Speech-language pathologists can work alone, or with rehab teams to co-treat patients with other healthcare professionals, such as physical therapists and occupational therapists. Typical speech-language pathologist duties may include the following: - Working with children to improve their language skills and their academic performance - Treating people who have experienced a stroke or brain trauma to help them regain language, speech and swallowing ability - Assisting indi",exact_duplicate|near_duplicate|semantic_duplicate|same_template_different_content|related_but_both_valuable|false_positive|unclear
,shard_00067.parquet:22211,shard_00007.parquet:40788,0.9272137880325317,5692,3561,"Hydrogen Sulfide (H2S) Hydrogen sulfide is a colorless, flammable, extremely hazardous gas with a ""rotten egg"" smell. Some common names for the gas include sewer gas, stink damp, swamp gas and manure gas. It occurs naturally in crude petroleum, natural gas, and hot springs. In addition, hydrogen sulfide is produced by bacterial breakdown of organic materials and human and animal wastes (e.g., sewage). Industrial activities that can produce the gas include petroleum/natural gas drilling and refining, wastewater treatment, coke ovens, tanneries, and kraft paper mills. Hydrogen sulfide can also exist as a liquid compressed gas. Hazardous properties of H2S gas Hydrogen sulfide is heavier than air and may travel along the ground. It collects in low-lying and enclosed, poorly-ventilated areas such as basements, manholes, sewer lines, underground telephone vaults and manure pits. For work within confined spaces, use appropriate procedures for identifying hazards, monitoring and entering confined spaces. The primary route of exposure is inhalation and the gas is rapidly absorbed by the lungs. Absorption through the skin is minimal. People can smell the ""rotten egg"" odor of hydrogen sulfide","- Safety and Health Topics - Hydrogen Sulfide Hydrogen sulfide (also known as H2S, sewer gas, swamp gas, stink damp, and sour damp) is a colorless gas known for its pungent ""rotten egg"" odor at low concentrations. It is extremely flammable and highly toxic. Hydrogen sulfide is used or produced in a number of industries, such as - Oil and gas refining - Pulp and paper processing - Rayon manufacturing Hydrogen sulfide also occurs naturally in sewers, manure pits, well water, oil and gas wells, and volcanoes. Because it is heavier than air, hydrogen sulfide can collect in low-lying and enclosed spaces, such as manholes, sewers, and underground telephone vaults. Its presence makes work in confined spaces potentially very dangerous. The health effects of hydrogen sulfide depend on how much H2S a worker breathes and for how long. However, many effects are seen even at low concentrations. Effects range from mild, headaches or eye irritation, to very serious, unconsciousness and death. Hydrogen sulfide exposure addressed in specific OSHA standards for General Industry, Shipyard Employment and Construction. Provides information on the safety and health effects of hydrogen sulfide. Hydrogen",exact_duplicate|near_duplicate|semantic_duplicate|same_template_different_content|related_but_both_valuable|false_positive|unclear
,shard_00145.parquet:7870,shard_00140.parquet:2668,0.9072989225387573,13389,8596,"Class 6 Science Chapter 4 Sorting Materials Into Groups Extra Questions CBSE Class 6 Science Chapter 4 Sorting Materials Into Groups Extra Questions and Answers is available here. Students can learn and download the PDF of these questions for free. These extra questions and answers are prepared by our expert teachers as per the latest NCERT textbook and guidelines. Learning these extra questions will help you to score excellent marks in the final exams. Sorting Materials Into Groups Class 6 Science Extra Questions and Answers Very Short Answer Questions Very Short Answer Type Questions -II 1. Why do we need to group materials? Give one reason. Answer: We often group materials for our convenience. It helps to describe their properties. 2. Suggest two bases on which we can group objects. (i) Material used in making the object, e.g. wood or metal/plastic. (ii) Material of the object is soft or hard, or substance is soluble or insoluble in water. 3. Is a substance which can be compressed soft or hard? 4. Select a lustrous material out of the following substances: 5. Which material is generally used for making pens? Wood, aluminium, plastic, cotton Answer: Plastic or metal. 6. Is oil so","NCERT Solutions for Class 6 Science Chapter 4 Sorting Materials Into Groups Topics and Sub Topics in Class 6 Science Chapter 4 Sorting Materials Into Groups: |Section Name||Topic Name| |4||Sorting materials into groups| |4.1||Objects around us| |4.2||Properties of materials| Q. 1. Name five objects which can be made from wood. Q.2. Select those objects from the following which shine: Glass bowl, plastic toy, steel spoon, cotton shirt Ans. Glass bowl and steel spoon are shining objects. Q.3. Match the objects given below with the materials from which they could be made. Remember, an object could be made from more than one material and a given material could be used for making many objects. Q. 4. State whether the statements given below are ‘true’ or ‘false’. (i) Stone is transparent, while glass is opaque. (ii) A notebook has lustre while eraser does not (iii) Chalk dissolves in water. (iv) A piece of wood floats on water. (v) Sugar does not dissolve in water. (vi) Oil mixes with water. (vii) Sand settles down in water. (viii) Vinegar dissolves in water. Q. 5. Given below are the names of some objects and materials: Water, basket ball, orange, sugar, globe, apple and earthen pitcher",exact_duplicate|near_duplicate|semantic_duplicate|same_template_different_content|related_but_both_valuable|false_positive|unclear
,shard_00115.parquet:51262,shard_00003.parquet:38074,0.9050679802894592,21348,9687,"Refer to the graphic. Which command will configure a static route on Router A to direct traffic from LAN A that is destined for LAN C? > RouterA(config)# ip route 192.168.4.0 255.255.255.0 192.168.5.2 > RouterA(config)# ip route 192.168.4.0 255.255.255.0 192.168.3.2 > RouterA(config)# ip route 192.168.5.0 255.255.255.0 192.168.3.2 > RouterA(config)# ip route 192.168.3.0 255.255.255.0 192.168.3.1 > RouterA(config)# ip route 192.168.3.2 255.255.255.0 192.168.4.0 > A hacker attempts to reach confidential information that is stored on a server inside the corporate network. A network security solution inspects the entire packet, determines that it is a threat, and blocks the packet from entering the inside network. Which security measure protected the network? > an IDS > an IPS > a host-based firewall > Anti-X software > How does TCP ensure the reliable transfer of data? > If data segments are not received from the source, the destination requests that the segments be resent. > If an acknowledgment of the transmitted segments is not received from the destination in a predetermined amount of the time, the source resends the data. > TCP uses the SYN-ACK portion of the three-way handshake","1. Refer to the exhibit. Based on the output shown, to which IP network should the workstations in the Support department belong? 2. Refer to the exhibit. A network administrator is doing proactive network maintenance. The administrator pings 192.168.1.100 and compares the results to the baseline data. Based on the comparison of the two pings, what is one possibility? There is an ACL applied, making the destination host unreachable. There is a malfunctioning NIC on the destination host. The sending host is unable to access the network. There are congestion problems on the network. 3. Refer to the exhibit. Given the output generated by the debug ppp negotiation command, which statement is true? The line protocol of the local router is now up. The username ""Goleta"" is configured locally. The command ppp authentication pap is configured on both routers. The local router requested to terminate the session. 4. What is important to consider while configuring the subinterfaces of a router when implementing inter-VLAN routing? The subinterface numbers must match the VLAN ID number. The physical interface must have an IP address configured. The IP address of each subinterface must be the de",exact_duplicate|near_duplicate|semantic_duplicate|same_template_different_content|related_but_both_valuable|false_positive|unclear
,shard_00028.parquet:18441,shard_00168.parquet:53706,0.9296368360519409,2743,2157,"Small but powerful: Fermilab develops magnets for the future High Luminosity LHCAugust 29th, 2012 by Anaïs Schaeffer in Physics / General Physics Members of the CERN-Fermilab team wind the magnet coil. From left to right: M. Whitson, A. Zlobin, B. Auchmann, M. Karppinen, F. Nobrega and J. Alvarez. A. Zlobin (Fermilab) and M. Karppinen (CERN) are the technical heads of the 11 T Collaboration. Magnet size is crucial to an accelerator as it determines the final circumference and power. This spring, Fermilab unveiled a 10.4 Tesla magnet that is shorter than the 8 Tesla magnets currently installed in the LHC. These new magnets will be a valuable asset to the HL-LHC, the next step of the LHC machine. The HL-LHC (High Luminosity LHC) represents the future of CERN's flagship accelerator. From around 2020, this major upgrade will allow a substantial increase in the rate of collisions compared to today. The project poses various technical challenges, some of which appear to be close to being resolved. The success of the HL-LHC hinges on two essential conditions: the installation of more powerful magnets to guide the beams, and the addition of extra collimators to mitigate the increase in rad","Magnet size is crucial to an accelerator as it determines the final circumference and power. This spring, Fermilab unveiled a 10.4 Tesla magnet that is shorter than the 8 Tesla magnets currently installed in the Large Hadron Collider. The High Luminosity LHC (HL-LHC) represents the future of CERN's flagship accelerator. From around 2020, this major upgrade will allow a substantial increase in the rate of collisions compared to today. The project poses various technical challenges, some of which appear to be close to being resolved. The success of the HL-LHC hinges on two essential conditions: the installation of more powerful magnets to guide the beams, and the addition of extra collimators to mitigate the increase in radiation. However, one of the key questions is how to insert additional collimators in a 27-kilometre ring already full to bursting point. The answer is to replace the current magnets by shorter but more powerful magnets, which is what Fermilab's engineers have been working on in collaboration with CERN. ""The idea originated from a proposal made by Lucio Rossi, the head of CERN's Magnets, Superconductors and Cryostats group, in 2010,"" says Giorgio Apollinari, head of",exact_duplicate|near_duplicate|semantic_duplicate|same_template_different_content|related_but_both_valuable|false_positive|unclear
,shard_00081.parquet:40492,shard_00123.parquet:37773,0.9107255339622498,4134,4638,"Researchers have succeeded in combining the power of quantum computing with the security of quantum cryptography and have shown that perfectly secure cloud computing can be achieved using the principles of quantum mechanics. They have performed an experimental demonstration of quantum computation in which the input, the data processing, and the output remain unknown to the quantum computer. The international team of scientists will publish the results of the experiment, carried out at the Vienna Center for Quantum Science and Technology (VCQ) at the University of Vienna and the Institute for Quantum Optics and Quantum Information (IQOQI), in the forthcoming issue of Science. Quantum computers are expected to play an important role in future information processing since they can outperform classical computers at many tasks. Considering the challenges inherent in building quantum devices, it is conceivable that future quantum computing capabilities will exist only in a few specialized facilities around the world - much like today's supercomputers. Users would then interact with those specialized facilities in order to outsource their quantum computations. The scenario follows the cur","Computer data processing and storage are increasingly done in the 'cloud', connecting clients over a network to a remote and powerful server. A challenge is to ensure that clients' data stays private. Researchers have now shown that perfectly secure cloud computing can be achieved with quantum computers, which exploit the counterintuitive world of quantum mechanics. The research, conducted by an international collaboration including CQT's Joseph Fitzsimons (pictured right) is published today in Science. The team built a quantum computer that performed computations for a client while remaining 'blind' to the data input, data processing and data output. This experiment was performed in Vienna, Austria, and implemented a scheme that Joe, formerly also of University College Dublin in Ireland, and his collaborators Anne Broadbent at the Institute for Quantum Computing, University of Waterloo, Canada and Elham Kashefi at the University of Edinburgh, UK, first described in a 2009 paper (arXiv:0807.4154). Science highlights the result with an independent Perspective article by CQT Principal Investigator Vlatko Vedral, who is jointly affiliated with CQT, NUS and the University of Oxford. ""B",exact_duplicate|near_duplicate|semantic_duplicate|same_template_different_content|related_but_both_valuable|false_positive|unclear
,shard_00009.parquet:32452,shard_00009.parquet:46998,1.0000004768371582,2951,2951,"(Just for the record, the jewelry pictured above are not heirlooms; they are fakes. They just look pretty!) Today I'm going to explain how seeds became heirlooms. Years ago, farmers would grow crops from seed, take the best vegetables from the harvest, and use the seeds the next year to grow more crops. Year to year, the seeds would be passed down from the very best of the harvest. They were valuable because the vegetables would grow and adapt to the farmer's soil and climate, thus making even better vegetables with a higher yield. Very valuable, indeed. Then, progress happened. People started experimenting with seeds. Chemists. Companies. And they would sell these seeds that would yield more, grow larger, and/or were more disease resistant. These became the standard. Unfortunately, a few things came to pass with this practice: 1) A lot of variety was lost. Because these seeds had higher yields and better disease resistance, that's what farmers grew. Only now, instead of going to the grocery store and finding 5 types of corn, they offer only 1. Instead of 45 types of tomatoes, they offer 5. Instead of 10 types of lettuce, they perhaps offer 3. 2) Nutrients were lost. We eat to nour","(Just for the record, the jewelry pictured above are not heirlooms; they are fakes. They just look pretty!) Today I'm going to explain how seeds became heirlooms. Years ago, farmers would grow crops from seed, take the best vegetables from the harvest, and use the seeds the next year to grow more crops. Year to year, the seeds would be passed down from the very best of the harvest. They were valuable because the vegetables would grow and adapt to the farmer's soil and climate, thus making even better vegetables with a higher yield. Very valuable, indeed. Then, progress happened. People started experimenting with seeds. Chemists. Companies. And they would sell these seeds that would yield more, grow larger, and/or were more disease resistant. These became the standard. Unfortunately, a few things came to pass with this practice: 1) A lot of variety was lost. Because these seeds had higher yields and better disease resistance, that's what farmers grew. Only now, instead of going to the grocery store and finding 5 types of corn, they offer only 1. Instead of 45 types of tomatoes, they offer 5. Instead of 10 types of lettuce, they perhaps offer 3. 2) Nutrients were lost. We eat to nour",exact_duplicate|near_duplicate|semantic_duplicate|same_template_different_content|related_but_both_valuable|false_positive|unclear
,shard_00117.parquet:51597,shard_00149.parquet:41750,1.000000238418579,2777,2777,"Kids & Family - Last Updated on Tuesday, 05 July 2016 01:23 (BPT) - Summertime and outdoor fun go hand-in-hand. But even with blue skies and sunshine, most of us spend about 90 percent of our time indoors, even during the summer, according to the US Environmental Protection Agency (EPA). |Promote a healthier lifestyle at home| With school out, families are spending more time with each other. This is the perfect opportunity to kick-start new healthy habits by taking steps that will help improve your family's overall wellbeing. Breathing cleaner air in your home is one of the many ways to help improve the health of your family. Experts agree, the air inside your home might not be the best for you and your family. Research shows that the air inside our homes can be up to 5 times more polluted than the air outside. Rallie McAllister, MD, MPH, a family physician in Lexington, Kentucky, and coauthor of The Mommy MD Guide to the Toddler Years, encourages awareness, conversation, and education about health and wellness of children - and of entire families. ""Between the heat of summer and the dramatic weather changes, I see a lot of families suffer from allergies, skin irritations and summe","Kids & Family - Last Updated on Tuesday, 05 July 2016 01:23 (BPT) - Summertime and outdoor fun go hand-in-hand. But even with blue skies and sunshine, most of us spend about 90 percent of our time indoors, even during the summer, according to the US Environmental Protection Agency (EPA). |Promote a healthier lifestyle at home| With school out, families are spending more time with each other. This is the perfect opportunity to kick-start new healthy habits by taking steps that will help improve your family's overall wellbeing. Breathing cleaner air in your home is one of the many ways to help improve the health of your family. Experts agree, the air inside your home might not be the best for you and your family. Research shows that the air inside our homes can be up to 5 times more polluted than the air outside. Rallie McAllister, MD, MPH, a family physician in Lexington, Kentucky, and coauthor of The Mommy MD Guide to the Toddler Years, encourages awareness, conversation, and education about health and wellness of children - and of entire families. ""Between the heat of summer and the dramatic weather changes, I see a lot of families suffer from allergies, skin irritations and summe",exact_duplicate|near_duplicate|semantic_duplicate|same_template_different_content|related_but_both_valuable|false_positive|unclear
,shard_00153.parquet:11042,shard_00118.parquet:2396,0.9998589754104614,1773,1773,"Publication: Research - peer-review › Journal article – Annual report year: 2009 Preconditioning of stainless steel with aqueous cod muscle extract significantly impedes subsequent bacterial adhesion most likely due to repelling effects of fish tropomyosin. The purpose of this study was to determine if other food conditioning films decrease or enhance bacterial adhesion to stainless steel. Attachment of Pseudomonas fluorescens AH2 to stainless steel coated with water-soluble coatings of animal origin was significantly reduced as compared with noncoated stainless steel or stainless steel coated with laboratory substrate or extracts of plant origin. Coating with animal extracts also decreases adhesion of other food-relevant bacteria. The manipulation of adhesion was not attributable to growth inhibitory effects. Chemical analysis revealed that the stainless steels were covered by homogenous layers of adsorbed proteins. The presence of tropomyocin was indicated by appearance of proteins with similar molecular weight based in sodium dodecyl sulfate-polyacrylamide gel electrophoresis, in several extracts that reduced adhesion but also extracts not containing this protein reduced bacteri","Publication: Research - peer-review › Journal article – Annual report year: 2009 Preconditioning of stainless steel with aqueous cod muscle extract significantly impedes subsequent bacterial adhesion most likely due to repelling effects of fish tropomyosin. The purpose of this study was to determine if other food conditioning films decrease or enhance bacterial adhesion to stainless steel. Attachment of Pseudomonas fluorescens AH2 to stainless steel coated with water-soluble coatings of animal origin was significantly reduced as compared with noncoated stainless steel or stainless steel coated with laboratory substrate or extracts of plant origin. Coating with animal extracts also decreases adhesion of other food-relevant bacteria. The manipulation of adhesion was not attributable to growth inhibitory effects. Chemical analysis revealed that the stainless steels were covered by homogenous layers of adsorbed proteins. The presence of tropomyocin was indicated by appearance of proteins with similar molecular weight based in sodium dodecyl sulfate-polyacrylamide gel electrophoresis, in several extracts that reduced adhesion but also extracts not containing this protein reduced bacteri",exact_duplicate|near_duplicate|semantic_duplicate|same_template_different_content|related_but_both_valuable|false_positive|unclear
,shard_00139.parquet:1199,shard_00013.parquet:8317,0.9564832448959351,13583,9189,"The reproductive system or genital system is a system of sex organs within an organism which work together for the purpose of sexual reproduction. Many non-living substances such as fluids, hormones, and pheromones are also important accessories to the reproductive system. Unlike most organ systems, the sexes of differentiated species often have significant differences. These differences allow for a combination of genetic material between two individuals, which allows for the possibility of greater genetic fitness of the offspring. In mammals, the major organs of the reproductive system include the external genitalia (penis and vulva) as well as a number of internal organs including the gamete producing gonads (testicles and ovaries). Diseases of the human reproductive system are very common and widespread, particularly communicable sexually transmitted diseases. Most other vertebrate animals have generally similar reproductive systems consisting of gonads, ducts, and openings. However, there is a great diversity of physical adaptations as well as reproductive strategies in every group of vertebrates. Vertebrate animals all share key elements of their reproductive systems. They all","The reproductive system is a system of organs within an organism which work together for the purpose of reproduction. Many non-living substances such as fluids, hormones, and pheromones are also important accessories to the reproductive system. Unlike most organ systems, the sexes of differentiated species often have significant differences. These differences allow for a combination of genetic material between two individuals, which allows for the possibility of greater genetic fitness of the offspring. The major organs of the human reproductive system include the external genitalia (penis and vulva) as well as a number of internal organs including the gamete producing gonads (testicles and ovaries). Diseases of the human reproductive system are very common and widespread, particularly communicable sexually transmitted diseases. Most other vertebrate animals have generally similar reproductive systems consisting of gonads, ducts, and openings. However, there is a great diversity of physical adaptations as well as reproductive strategies in every group of vertebrates. Humans have a high level of sexual differentiation. In addition to differences in nearly every reproductive organ, n",exact_duplicate|near_duplicate|semantic_duplicate|same_template_different_content|related_but_both_valuable|false_positive|unclear
,shard_00020.parquet:28067,shard_00030.parquet:32253,0.9999999403953552,1349,1349,"Why surgery, and why now? From a childbirth to a cancer diagnosis, surgery is often the best solution for a patient's recovery - and sometimes the only chance they have at survival. Nearly five billion people worldwide do not have access to safe surgery, based on how quickly, affordably, and safely they receive care when needed. The access gap disproportionately affects low-and middle-income countries. To close the gap, we need to overcome challenges that spread across the entire spectrum of care. Mind the gap(s)! Low-income regions depend on less than two operating theaters per 100,000 people, while high-income regions have 14 on average. One in three hospitals in sub-Saharan Africa does not have reliable water and electricity. Between 50% and 80% of the equipment in low-resource hospitals is out of service at any given time. A recent study in Ethiopia showed that equipment repairs can take between two weeks to a year. Low-income regions rely on only two surgeons for every 100,000 people, while in the US the number of surgeons is nine. The situation with anesthesiologists is nearly identical: less than five per 100,000 people across 23 LMICs, compared to 11 in the US. Less than ha","Why surgery, and why now? From a childbirth to a cancer diagnosis, surgery is often the best solution for a patient's recovery - and sometimes the only chance they have at survival. Nearly five billion people worldwide do not have access to safe surgery, based on how quickly, affordably, and safely they receive care when needed. The access gap disproportionately affects low-and middle-income countries. To close the gap, we need to overcome challenges that spread across the entire spectrum of care. Mind the gap(s)! Low-income regions depend on less than two operating theaters per 100,000 people, while high-income regions have 14 on average. One in three hospitals in sub-Saharan Africa does not have reliable water and electricity. Between 50% and 80% of the equipment in low-resource hospitals is out of service at any given time. A recent study in Ethiopia showed that equipment repairs can take between two weeks to a year. Low-income regions rely on only two surgeons for every 100,000 people, while in the US the number of surgeons is nine. The situation with anesthesiologists is nearly identical: less than five per 100,000 people across 23 LMICs, compared to 11 in the US. Less than ha",exact_duplicate|near_duplicate|semantic_duplicate|same_template_different_content|related_but_both_valuable|false_positive|unclear
,shard_00070.parquet:42645,shard_00107.parquet:51392,1.0,2584,2584,"At present, the electric vehicle industry is the most potential market in the new energy field, and the major R & D manufacturers of electric vehicles are conducting technical public relations on electric vehicles. In the electric vehicle frame, the battery box has a certain influence on the vehicle’s weight and safety. Battery is the core component of electric vehicle. The function of battery box loader is very high for design, weight and other indicators. Carbon fiber reinforced polymer is the best material for making battery box because of its light weight, high strength, creep resistance and low thermal expansion coefficient. Next, we introduce the design of battery case. The whole design of the new generation of electric vehicles is more precise, and the operating environment of the automobile components is very high. In the design of the car battery box, the design structure, the ability of high temperature resistance, the chemical reaction, the mechanical performance and the weight of the car should be considered. In view of the large volume weight of the car battery, the weight bearing capacity is the first priority to consider. Secondly, the battery box is located in the l","At present, the electric vehicle industry is the most potential market in the new energy field, and the major R & D manufacturers of electric vehicles are conducting technical public relations on electric vehicles. In the electric vehicle frame, the battery box has a certain influence on the vehicle’s weight and safety. Battery is the core component of electric vehicle. The function of battery box loader is very high for design, weight and other indicators. Carbon fiber reinforced polymer is the best material for making battery box because of its light weight, high strength, creep resistance and low thermal expansion coefficient. Next, we introduce the design of battery case. The whole design of the new generation of electric vehicles is more precise, and the operating environment of the automobile components is very high. In the design of the car battery box, the design structure, the ability of high temperature resistance, the chemical reaction, the mechanical performance and the weight of the car should be considered. In view of the large volume weight of the car battery, the weight bearing capacity is the first priority to consider. Secondly, the battery box is located in the l",exact_duplicate|near_duplicate|semantic_duplicate|same_template_different_content|related_but_both_valuable|false_positive|unclear
,shard_00160.parquet:5927,shard_00159.parquet:22170,0.9042441844940186,1535,1503,"What is it? Disodium phosphate is the sodium salt derived from phosphate rock in the earth. What does it do? In mouthwash disodium phosphate acts as a buffering agent that helps maintain the pH or acidity of the product. When disodium phosphate is combined with fluoride and phosphoric acid to form an acidulated phosphate fluoride solution as outlined in the FDA’s Anticaries monograph, that solution promotes remineralization and helps prevent enamel dissolution. How is it made? Disodium phosphate is made by combining phosphoric acid, derived from phosphate rock, with soda ash. This material is then crystallized and purified for use in our products. What are the alternatives? For anticaries mouthwash products, with acidulated phosphate fluoride solution, disodium phosphate and phosphoric acid are required in conjunction with Sodium Fluoride per the Anticaries Drug Products for Over-the-Counter Human Use, Final Monograph.1 Tom’s offers both fluoride and fluoride free mouthwash options. Is this the right option for me? Disodium Phosphate is Generally Recognized as Safe (GRAS) by the FDA to be used as a food substance for human consumption.2 Tom's of Maine recognizes that no two people","What is it? Sodium phosphate is the sodium salt derived from phosphate rock in the earth. What does it do? In mouthwash sodium phosphate acts as a buffering agent that helps maintain the pH or acidity of the product. When Sodium Phosphate combines with Fluoride and phosphoric acid, Acidulated Phosphate Fluoride (AFP) solution forms. AFP promotes remineralization and prevent enamel dissolution. How is it made? Sodium phosphate is derived from purified, finely ground phosphate rock that is reacted with sulfuric acid to yield phosphoric acid. The Phosphoric acid is then purified and reacted with Sodium Hydroxide to form Sodium Phosphate. What are the alternatives? For anticaries mouthwash products, with acidulated phosphate fluoride solution, sodium phosphate and phosphoric acid are required in conjunction with Sodium Fluoride per the Anticaries Drug Products for Over-the-Counter Human Use, Final Monograph. Tom’s offers both fluoride and fluoride free mouthwash options. Is this the right option for me? Sodium phosphate is Generally Recognized as Safe (GRAS) by the FDA to be used as a food substance for human consumption1. Tom’s of Maine recognizes that no two people are alike, and eve",exact_duplicate|near_duplicate|semantic_duplicate|same_template_different_content|related_but_both_valuable|false_positive|unclear
,shard_00014.parquet:52893,shard_00141.parquet:24460,0.915458619594574,2300,2642,"Allergies occur when the body’s immune system overreacts or is triggered by a specific substance or allergen. Many allergies are caused by mold and pollen, but some children may be allergic to pet dander, dust mites, some types of detergents and personal care products, insect bites or even certain foods. Allergic reactions can range from mild to severe and may include sneezing, coughing, runny nose or congestion, watery or itchy eyes, rashes and hives, and even a serious reaction that can interfere with breathing or swallowing, even increasing the risks for seizures or death. Asthma is a chronic respiratory disease that causes airway inflammation and an overproduction of mucus, both of which can make it more difficult to breathe normally. Asthma symptoms can become much worse when triggered by a substance, changes in temperature or strenuous physical activity. As the airways become irritated and inflamed, they constrict, making breathing more difficult and causing wheezing or hissing noises when breathing. Children who have asthma are also more likely to develop other types of respiratory illnesses, including pneumonia or flu. Asthma is usually diagnosed by listening to the lungs f","Millions of children suffer from asthma and allergies, dealing with respiratory problems and other effects that can interfere with daily living. At Optimal Health Care Center, Dr. Martha E. Rivera offers advanced testing and treatments for asthma and allergies, helping children in Los Angeles, CA, relieve symptoms and lead healthier lives. Allergies occur when the body’s immune system overreacts or is triggered by a specific substance or allergen. Many allergies are caused by mold and pollen, but some children may be allergic to pet dander, dust mites, some types of detergents and personal care products, insect bites or even certain foods. Allergic reactions can range from mild to severe and may include sneezing, coughing, runny nose or congestion, watery or itchy eyes, rashes and hives, and even a serious reaction that can interfere with breathing or swallowing, even increasing the risks for seizures or death. Asthma is a chronic respiratory disease that causes airway inflammation and an overproduction of mucus, both of which can make it more difficult to breathe normally. Asthma symptoms can become much worse when triggered by a substance, changes in temperature or strenuous phys",exact_duplicate|near_duplicate|semantic_duplicate|same_template_different_content|related_but_both_valuable|false_positive|unclear
,shard_00059.parquet:34808,shard_00066.parquet:19482,1.0000001192092896,1043,1043,"Why 12 Gates? The “Twelve Gates” have their origin in folklore, mythology and scripture. In the Book of Revelations (Revelation 21:12), there is reference to the twelve gates, each of which represents a different passageway to heaven. Additionally, in folklore and mythology, it is commonly believed that there exists twelve gates, or entrances, to the underworld. These gates are associated with specific physical locations throughout the world that are located within areas of unusual geological or electromagnetic activity (or of mythical significance) and in which a number of unexplained and mysterious events – such as time-warping and disappearances – have been reported. Thus, the Twelve Gates represent portals leading to an unknown, different world. Similarly, 12 Gates Brewing Company provides those who experience its beer with a gateway to a completely different world or dimension of craft beer that transcends anything that they’ve experienced before, leaving them satisfied and happy and not wanting to return to ordinary beer.","Why 12 Gates? The “Twelve Gates” have their origin in folklore, mythology and scripture. In the Book of Revelations (Revelation 21:12), there is reference to the twelve gates, each of which represents a different passageway to heaven. Additionally, in folklore and mythology, it is commonly believed that there exists twelve gates, or entrances, to the underworld. These gates are associated with specific physical locations throughout the world that are located within areas of unusual geological or electromagnetic activity (or of mythical significance) and in which a number of unexplained and mysterious events – such as time-warping and disappearances – have been reported. Thus, the Twelve Gates represent portals leading to an unknown, different world. Similarly, 12 Gates Brewing Company provides those who experience its beer with a gateway to a completely different world or dimension of craft beer that transcends anything that they’ve experienced before, leaving them satisfied and happy and not wanting to return to ordinary beer.",exact_duplicate|near_duplicate|semantic_duplicate|same_template_different_content|related_but_both_valuable|false_positive|unclear
,shard_00142.parquet:25605,shard_00159.parquet:42298,0.9996628165245056,7193,7193,"Originally thought of as behavior exhibited by the spouses of individuals struggling with alcohol misuse, codependency is now understood to be highly prevalent throughout society. Anyone from a dysfunctional family or relationship environment, including one with no apparent issues of substance use, can experience the mental, emotional and behavioral health effects of codependency. The origins of issues of codependency can often be traced back to childhood. Signs and symptoms Mental Health America (MHA) describes codependency as “a learned behavior that can be passed down from one generation to another” and “people with codependency often form or maintain relationships that are one-sided, emotionally destructive and/or abusive.” MHA says that individuals struggling with codependency “view themselves as victims and are attracted to that same weakness in love and friendship relationships.” Here is a helpful list of signs that may help you determine if codependency is affecting your mental health and wellbeing: - Low self-esteem – Constant comparison as a result of hiding feelings of guilt and shame - Accommodating others – Sacrificing your own needs too often and rarely saying “no” -","Originally thought of as behavior exhibited by the spouses of individuals struggling with alcohol misuse, codependency is now understood to be highly prevalent throughout society. Anyone from a dysfunctional family or relationship environment, including one with no apparent issues of substance use, can experience the mental, emotional and behavioral health effects of codependency. The origins of issues of codependency can often be traced back to childhood. Signs and symptoms Mental Health America (MHA) describes codependency as “a learned behavior that can be passed down from one generation to another” and “people with codependency often form or maintain relationships that are one-sided, emotionally destructive and/or abusive.” MHA says that individuals struggling with codependency “view themselves as victims and are attracted to that same weakness in love and friendship relationships.” Here is a helpful list of signs that may help you determine if codependency is affecting your mental health and wellbeing: - Low self-esteem – Constant comparison as a result of hiding feelings of guilt and shame - Accommodating others – Sacrificing your own needs too often and rarely saying “no” -",exact_duplicate|near_duplicate|semantic_duplicate|same_template_different_content|related_but_both_valuable|false_positive|unclear
,shard_00143.parquet:579,shard_00004.parquet:39565,0.9287595152854919,6079,1478,"For some athletes, mental training is an untouched avenue to improve sports performance. Many athletes do not understand mental training and may be skeptical about its value. Learn how parents can help kids embrace mental training. Even if you as a parent understand the importance of mental toughness in your young athletes, your kids might resist it. If kids do not “buy in” to mental training, they will not reap the benefits it provides. In this article, we teach sports parents and coaches how to encourage their kids to have a strong mental game and the mindsets prevent athletes from embracing mental training. Some parents say that a big problem is the lack of coaches really explaining what mental toughness is–and how to achieve it. Another parent asks, “How do I get my child to even consider working on her mental game? She feels it is too much pressure.” Many athletes don’t realize that resources are available to improve their mental game. When under performing or in a slump, most athletes are quick to change other aspects of their performance, such as coaching, equipment, or strategy before realizing that the challenges they face deal with the mental game. We encourage parents an","For some athletes, mental training is an untouched avenue to improve sports performance. Many athletes do not understand mental training and may be skeptical about its value.Even if you as a parent understand the importance of mental toughness in your young athletes, your kids might resist it. If kids do not “buy in” to mental training, they will not reap the benefits it provides. We teach sports parents and coaches how to encourage their kids to have a strong mental game. Many athletes don’t realize that resources are available to improve their mental game. When under performing or in a slump, most athletes are quick to change other aspects of their performance, such as coaching, equipment, or strategy before realizing that the challenges they face deal with the mental game. We encourage parents and coaches to be proactive and teach kids mental game skills early instead of waiting for kids to develop performance issues and mental game barriers. How can parents educate their kids about mental game skills? First, start by giving examples of other young athletes who have strong mental game skills. A young basketball player might keep shooting even though he made mistakes early in the",exact_duplicate|near_duplicate|semantic_duplicate|same_template_different_content|related_but_both_valuable|false_positive|unclear
,shard_00030.parquet:9054,shard_00014.parquet:41920,0.969612181186676,13842,14689,"Apollo & Python, Athenian black-figure lekythos C6th B.C., Musée du Louvre EKHIDNA (or Echidna) was a monstrous she-dragon (drakaina) with the head and breast of a woman. She probably represented or presided over the corruptions of the earth : rot, slime, fetid waters, illness and disease. She was often equated with Python (the rotting one), a dragon born of the fetid slime left behind by the great Deluge. Others call her the Tartarean lamprey, and assigned her to the dark, swampy pit of Tartaros beneath the earth. Hesiod, makes her a daughter of monstrous sea-gods, and presumably associates her with rotting sea-scum and fetid salt-marshes. In all cases, she was described as the consort of Typhoeus, a monstrous storm-daemon who challenged Zeus in heaven. Together they spawned a host of terrible monsters to plague the earth. Other closely related she-dragons included the Argive Ekhidna and Poine, the Tartarean Kampe, and the Phokian Sybaris. In the image (right), Ekhidna is equated with Python. Apollo seated on the omphalos stone slays her with his arrows : in the motif of healing god (Paian) destroying plague-bringing demon. |[1.1] PHORKYS & KETO (Hesiod Theogony 2.95) [1.2] TARTAR","Poisonous Viper (ekhidna) EKHIDNA (Echidna) was a monstrous she-dragon (drakaina) with the head and breast of a woman and the tail of a coiling serpent. She probably represented the corruptions of the earth--rot, slime, fetid waters, illness and disease. Ekhidna was sometimes equated with Python ""the Rotting One"", a dragon born of the fetid slime left behind by the great Deluge. Others name her the Tartarean lamprey, and place in her to the dark, swampy pit of Tartaros beneath the earth. Hesiod, makes her a daughter of monstrous sea-gods, and presumably associates her with rotting sea-scum and fetid salt-marshes. Ekhidna was the consort of Typhoeus--a monstrous, multi-headed storm-giant who challenged Zeus to the throne of heaven. Together they spawned a host of terrible monsters to plague the earth including the Khimaira (Chimera), Kerberos (Cerberus), the Hydra, Sphinx and the Drakon Hesperios (Hesperian Dragon). In the image right Ekhidna is equated with Python and Apollon, seated on the omphalos stone, slays her with his arrows--the motif perhaps represents the healing god (Paian) destroying the daemon bringer of plague. FAMILY OF ECHIDNA [1.1] ORTHOS, KERBEROS, HYDRA, KHIMAIRA",exact_duplicate|near_duplicate|semantic_duplicate|same_template_different_content|related_but_both_valuable|false_positive|unclear
,shard_00037.parquet:44327,shard_00159.parquet:39090,0.9996406435966492,4772,4785,"In the late hours of Labor Day, 2006, on Interstate 64 near Sand Springs, Okla., Thomas Kirby Jr. lost control of his vehicle, crossed the median and slammed head-on into another vehicle carrying four. The impact triggered a fiery and fatal explosion, killing Mr. Kirby, 47, and his passenger Lisa Adams, 38. Sarah Foster, 19; Steven Dillion, 18; Isaac King, 20; and Aaron Davis, 20, were also killed in the crash. Mr. Kirby was later found to have been under the influence of a practically lethal amount of alcohol and methamphetamine at the time of the crash. This is only one of thousands of tragic stories that remind us of the continual, senseless devastation of impaired driving. But it is one that affected me in a most personal way. Sarah, my cousin, role model and best friend, was killed before her 20th birthday. In 2009 alone, 10,839 people in the United States were killed because of impaired driving. It's often hard to get around the statistics. The tragedy of it is that each of these deaths was entirely preventable. Everyone seems to have opinions on enforcement efforts that will better prevent impaired driving in the United States: sobriety checkpoints, ignition interlocks, acti","In the late hours of Labor Day, 2006, on Interstate 64 near Sand Springs, Okla., Thomas Kirby Jr. lost control of his vehicle, crossed the median and slammed head-on into another vehicle carrying four. The impact triggered a fiery and fatal explosion, killing Mr. Kirby, 47, and his passenger Lisa Adams, 38. Sarah Foster, 19; Steven Dillion, 18; Isaac King, 20; and Aaron Davis, 20, were also killed in the crash. Mr. Kirby was later found to have been under the influence of a practically lethal amount of alcohol and methamphetamine at the time of the crash. This is only one of thousands of tragic stories that remind us of the continual, senseless devastation of impaired driving. But it is one that affected me in a most personal way. Sarah, my cousin, role model and best friend, was killed before her 20th birthday. In 2009 alone, 10,839 people in the United States were killed because of impaired driving. It's often hard to get around the statistics. The tragedy of it is that each of these deaths was entirely preventable. Everyone seems to have opinions on enforcement efforts that will better prevent impaired driving in the United States: sobriety checkpoints, ignition interlocks, acti",exact_duplicate|near_duplicate|semantic_duplicate|same_template_different_content|related_but_both_valuable|false_positive|unclear
,shard_00058.parquet:48497,shard_00053.parquet:9953,1.0000003576278687,4102,4102,"China has replaced United States as the maker of the world's fastest supercomputer. A Chinese research center unveiled the Tianhe-1A at a national conference on high-performance computers in China.Tianhe, meaning Milky Way, was designed by the National University of Defense Technology (NUDT) in China, usurped the Cray XT5 Jaguar system as the world's fastest supercomputer. The latest supercomputer, which is the result of two years of work by 200 scientists, is housed at National Supercomputer Center in Tianjin and is already fully operational. Made at a cost of over $88 million, It has set a new performance record of 2.507 petaflops, or quatrillion calculations per second, making it the fastest system in the world today. Ordinarily the computer runs at 563.1 teraflops, or trillion calculations per second. In practical terms, the computer will run at about 1.2 petaflops. As of June 2010, the 500 fastest supercomputers in the world combine for 32.4 petaflops of computing power. NUDT president Zhang Yulin said the 155-ton system, with 103 refrigerator-like cabinets lined up on an area of about 1,000 square meters, is expected to process seismic data for oil exploration, conduct bio-me","China has replaced United States as the maker of the world's fastest supercomputer. A Chinese research center unveiled the Tianhe-1A at a national conference on high-performance computers in China.Tianhe, meaning Milky Way, was designed by the National University of Defense Technology (NUDT) in China, usurped the Cray XT5 Jaguar system as the world's fastest supercomputer. The latest supercomputer, which is the result of two years of work by 200 scientists, is housed at National Supercomputer Center in Tianjin and is already fully operational. Made at a cost of over $88 million, It has set a new performance record of 2.507 petaflops, or quatrillion calculations per second, making it the fastest system in the world today. Ordinarily the computer runs at 563.1 teraflops, or trillion calculations per second. In practical terms, the computer will run at about 1.2 petaflops. As of June 2010, the 500 fastest supercomputers in the world combine for 32.4 petaflops of computing power. NUDT president Zhang Yulin said the 155-ton system, with 103 refrigerator-like cabinets lined up on an area of about 1,000 square meters, is expected to process seismic data for oil exploration, conduct bio-me",exact_duplicate|near_duplicate|semantic_duplicate|same_template_different_content|related_but_both_valuable|false_positive|unclear
,shard_00045.parquet:11885,shard_00012.parquet:50952,0.9133412837982178,6366,5625,"Keratoconus is a progressive disease of the eye in which the cornea becomes thin and begins to bulge into a conical shape. Since this results in irregular refraction of light rays entering the eye, resulting in blurred, distorted vision and a high astigmatic error (high cylindrical power of glasses). Keratoconus usually affects both eyes, but can be asymmetric. It often presents during teenage, or early twenties. What are the symptoms? As the shape of the cornea becomes irregular, it causes a progressive blurring of vision and distortion of objects. It may be corrected with cylindrical lenses in the early stages and continues to progress over time. Patients often notice a sudden and rapid increase in the power of their glasses, especially in the cylindrical correction. In more advanced stages, this decrease of vision can no longer be corrected with spectacles alone. Patients often also complain of glare and sensitivity to light. In case of a complication called hydrops, patients experience acute pain, a decrease in vision accompanied by excessive tearing and redness of eyes. What is the treatment? The treatment for Keratoconus is dependent on the stage and severity of your conditio","Keratoconus is a progressive eye disease in which the normally round cornea thins and begins to bulge into a cone-like shape. This cone shape deflects light as it enters the eye on its way to the light-sensitive retina, causing distorted vision. Keratoconus can occur in one or both eyes. Keratoconus is relatively rare. Most studies indicate it occurs in 0.15% to 0.6% of the general U.S. population. Onset of the disease usually occurs in people in their teens or early twenties. Keratoconus can be difficult to detect, because it usually develops slowly. However, in some cases, it may proceed rapidly. As the cornea becomes more irregular in shape, it causes a progressive increase in nearsightedness and irregular astigmatism, creating problems with distorted and blurred vision. Glare and light sensitivity also may be noticed. Keratoconic patients often have prescription changes every time they visit their eye care practitioner. It’s not unusual to have a delayed diagnosis of keratoconus, if the practitioner is unfamiliar with the early-stage symptoms of the disease. Research suggests the weakening of the corneal tissue that leads to keratoconus may be due to an imbalance of enzymes wit",exact_duplicate|near_duplicate|semantic_duplicate|same_template_different_content|related_but_both_valuable|false_positive|unclear
,shard_00089.parquet:48130,shard_00003.parquet:44320,0.9251394867897034,6849,4759,"Black-tailed Godwit (Limosa limosa) The black-tailed godwit is a large wader with long bill (7.5 to 12 cm long), neck and legs. During the breeding season, the bill has a yellowish or orange-pink base and dark tip; the base is pink in winter. The legs are dark grey, brown or black. The sexes are similar, but in breeding plumage, they can be separated by the male’s brighter, more extensive orange breast, neck and head. In winter, adult black-tailed godwits have a uniform brown-grey breast and upperparts (in contrast to the bar-tailed godwit‘s streaked back). Juveniles have a pale orange wash to the neck and breast. In flight, its bold black and white wingbar and white rump can be seen readily. When on the ground it can be difficult to separate from the similar Bar-tailed Godwit, but the black-tailed godwit’s longer, straighter bill and longer legs are diagnostic. Black-tailed godwits are similar in body size and shape to bar-taileds, but stand taller. The most common call is a strident weeka weeka weeka. A study of black-tailed godwits in the Netherlands found a mortality rate of 37.6% in the first year of life, 32% in the second year, and 36.9% thereafter This species was first des","Black-tailed godwit description Genus Limosa (1) The black-tailed godwit is a rare, large and elegant wading bird with a very long straight bill (3). In flight it displays a broad white bar on the wings, a white rump and a black tail. The feet are held out behind the tail, with the long bill projecting forwards, this gives the bird an elongated appearance when flying (2). During summer, adult males develop a brighter orange-reddish colouration on the breast than the female. In winter both sexes have greyish plumage. Juveniles have a buff covered head and breast (2). Two subspecies occur in the British Isles; the ‘nominate’ race Limosa limosa limosa, which breeds in the rest of Europe, and the Icelandic race Limosa Limosa islandia. The Icelandic subspecies has a shorter bill and shorter legs than the European birds and develops deeper red breast plumage during summer (2). This species produces a characteristic weeka-weeka-weeka call (3). FrenchBarge à queue noire.SizeWingspan: 63-74cm (2)Length: 37-42 cm (2)Weight290-350 g (3) Black-tailed godwit biology Whilst feeding, this sociable bird forms dense flocks and may occasionally mix with redshanks (Tringa totanus) (6). They wade in w",exact_duplicate|near_duplicate|semantic_duplicate|same_template_different_content|related_but_both_valuable|false_positive|unclear
,shard_00075.parquet:50130,shard_00101.parquet:40846,0.9118846654891968,4109,1762,"What is metabolic syndrome? Metabolic syndrome is a condition that includes the presence of a cluster of risk factors specific for cardiovascular disease. Metabolic syndrome significantly raises the risk of developing diabetes, heart disease, and/or stroke. Most people who have metabolic syndrome have insulin resistance. The body makes insulin to move glucose (sugar) into cells for use as energy. Obesity, commonly found in persons with metabolic syndrome, makes it more difficult for cells to respond to insulin. If the body cannot make enough insulin to override the resistance, the blood sugar level increases and diabetes can result. Metabolic syndrome may be a beginning of the development of type 2 diabetes. The cluster of conditions and risk factors related to metabolic syndrome was first named in 1988. Dr. Gerald Reaven proposed that insulin resistance was central to the cause of type 2 diabetes, high blood pressure, and cardiovascular artery disease. Reaven called this cluster of abnormalities ""Syndrome X."" Since that time, Syndrome X has come to be known by various names, including metabolic syndrome, dysmetabolic syndrome, and insulin resistance syndrome. Syndrome X is now wid","Metabolic syndrome, which affects about 50 million Americans, is a cluster of metabolic risk factors that increases a person's risk of coronary artery disease and other related conditions such as stroke, peripheral vascular disease, and type 2 diabetes. Other associated factors include physical inactivity, aging, hormonal imbalance and genetic predisposition. - Abdominal obesity (excessive fat tissue in and around the abdomen) - Blood fat disorders—high triglycerides, low HDL cholesterol and high LDL cholesterol—that foster plaque buildup in artery walls - High blood pressure - Insulin resistance or glucose intolerance (the body can’t properly use insulin or blood sugar) - Prothrombotic state (e.g., high fibrinogen or plasminogen activator inhibitor–1 in the blood) - Proinflammatory state (e.g., elevated C-reactive protein in the blood) The dominant underlying risk factors for metabolic syndrome appear to be abdominal obesity and insulin resistance. Insulin resistance is a generalized metabolic disorder in which the body can’t use insulin efficiently. This is why metabolic syndrome is also called insulin resistance syndrome. Diagnosing Metabolic Syndrome The American Heart Associat",exact_duplicate|near_duplicate|semantic_duplicate|same_template_different_content|related_but_both_valuable|false_positive|unclear
,shard_00035.parquet:30606,shard_00117.parquet:13753,0.905715823173523,8010,10703,"What is Multiple Sclerosis? Today's date is a good time to get started on a path to determine whether or not your symptoms are caused by MS and by learning all you can about how to live with Multiple Sclerosis Disease. The peak age of onset of Multiple Sclerosis Disease is between ages 20 and 40, although it may develop in children and has also been identified in individuals over 60 years of age. Multiple Sclerosis Disease (MS) typically consists of muscle symptoms such as a problem with balance or loss of balance, muscle spasms, numbness or unusual sensations in any body area, problems moving arms or legs, coordination of arms and legs, problems walking, problems with overall coordination and making small movements, a feeling of clumsiness, tremors in arms or legs, unusual weakness or weak feelings in arms or legs. An unpredictable disease of the central nervous system, multiple sclerosis (MS) can range from relatively benign to somewhat disabling to devastating, as communication between the brain and other parts of the body is disrupted. Many investigators believe MS to be an autoimmune disease -- one in which the body, through its immune system, launches a defensive attack again","Last Updated: April 4, 2013 Multiple sclerosis (MS) is a nervous system disease that affects the brain and spinal chord by damaging the myelin sheath-material that surrounds and protects nerve cells-thereby blocking messages between the brain and the body and causing a range of symptoms. It's one of the most difficult diseases to treat and diagnose, and a leading reason a person may decide to move to a long-term care An estimated 400,000 Americans have multiple sclerosis, according to information published by the National Multiple Sclerosis Society in 2004. Although only 5-10 percent of this population requires chronic nursing home care, they comprise a significant and growing number of persons seeking The average age of diagnosis of multiple sclerosis is 28, although the patient will likely have been suffering from the disease for some time before that diagnosis; in general, most people experience their first MS symptom between the ages of 20 and 40. It's a disease that also affects more women than men. Multiple sclerosis symptoms range from relatively benign to somewhat disabling to debilitating. They include: - Visual disturbances - Trouble with coordination and balance - Sensat",exact_duplicate|near_duplicate|semantic_duplicate|same_template_different_content|related_but_both_valuable|false_positive|unclear
,shard_00055.parquet:25390,shard_00066.parquet:16285,1.0000001192092896,13133,13133,"We live in a world where 3-D and computer graphics are an integral part of science, medicine, communication, and entertainment. Today’s chemists create 3-D models of complex molecules, using them to discover properties impossible 25 years ago. Oncologists use 3-D imagery to precisely target tumors for radiation therapy. Architects have access to software that projects plans in three dimensions, allowing homebuyers to virtually walk through and see their dream homes before a building permit is even issued. In movie theaters, the visual distinction between real and computer-generated images has vanished. Virtual actors, animals, and machines interact seamlessly with real life counterparts, and 3-D projection is commonplace. An entire new industry has emerged to create immersive virtual environments for both gaming and training. And our world is on the cusp of being transformed by the ability to create 360-degree virtual reality environments using devices as ubiquitous as our smart phones. In 2014, Facebook announced it would pay $2 billion to purchase the startup virtual reality company Oculus VR. One month later, Oculus Chief Scientist Michael Abrash visited UNC to speak to faculty","We live in a world where 3-D and computer graphics are an integral part of science, medicine, communication, and entertainment. Today’s chemists create 3-D models of complex molecules, using them to discover properties impossible 25 years ago. Oncologists use 3-D imagery to precisely target tumors for radiation therapy. Architects have access to software that projects plans in three dimensions, allowing homebuyers to virtually walk through and see their dream homes before a building permit is even issued. In movie theaters, the visual distinction between real and computer-generated images has vanished. Virtual actors, animals, and machines interact seamlessly with real life counterparts, and 3-D projection is commonplace. An entire new industry has emerged to create immersive virtual environments for both gaming and training. And our world is on the cusp of being transformed by the ability to create 360-degree virtual reality environments using devices as ubiquitous as our smart phones. In 2014, Facebook announced it would pay $2 billion to purchase the startup virtual reality company Oculus VR. One month later, Oculus Chief Scientist Michael Abrash visited UNC to speak to faculty",exact_duplicate|near_duplicate|semantic_duplicate|same_template_different_content|related_but_both_valuable|false_positive|unclear
,shard_00037.parquet:22773,shard_00079.parquet:40804,0.9999999403953552,720,720,"The collection is devoid of objects created by Aboriginal people before the modern era – other than the ‘Scar Tree’ in Fitzroy Gardens – but it does include 19th-century material relating to Aboriginal people. An example is the John Batman monument at Queen Victoria Market. This refers to mid-1830s Melbourne as ‘land then unoccupied’, making it important for its attempt to deliberately write Aboriginal people out of the city’s history. But the collection has shifted radically. Over the last two decades a conscious effort has been made to represent Aboriginal people, mostly through contemporary art. The result is a significant and growing collection of work by urban Aboriginal and Torres Strait Islander artists.","The collection is devoid of objects created by Aboriginal people before the modern era – other than the ‘Scar Tree’ in Fitzroy Gardens – but it does include 19th-century material relating to Aboriginal people. An example is the John Batman monument at Queen Victoria Market. This refers to mid-1830s Melbourne as ‘land then unoccupied’, making it important for its attempt to deliberately write Aboriginal people out of the city’s history. But the collection has shifted radically. Over the last two decades a conscious effort has been made to represent Aboriginal people, mostly through contemporary art. The result is a significant and growing collection of work by urban Aboriginal and Torres Strait Islander artists.",exact_duplicate|near_duplicate|semantic_duplicate|same_template_different_content|related_but_both_valuable|false_positive|unclear
,shard_00095.parquet:38028,shard_00066.parquet:34125,0.9101601243019104,4248,6173,"Around 40 light-years away, seven Earth-sized planets have been spotted orbiting closely around a small, ultra-cool star. It’s one of the largest solar systems that’s ever been discovered outside of our own, and it’s a particularly enticing find in the ongoing search for extraterrestrial life. Six of the planets in the system may have the right temperatures for liquid water to exist on their surfaces, and astronomers are confident they’ll be able to get a more in-depth look at these seven worlds with future space telescopes. A PARTICULARLY ENTICING FIND IN THE ONGOING SEARCH FOR EXTRATERRESTRIAL LIFE The solar system, detailed today in a study in Nature, isn’t a completely new find. In fact, the discovery of this system was announced last year by the same researchers. But at the time, they thought they had only found three planets around the star, named TRAPPIST-1. When the researchers took a closer look at the system with more precise telescopes, including NASA’s Spitzer Space Telescope, they found more planets nearby. “We got plenty of new data, and we went from three to four to five planets,” Michaël Gillon, a research associate for the Belgian Funds for Scientific Research and","Astronomers have made a huge discovery in the search for life beyond our Solar System, describing a whopping seven Earth-sized worlds in orbit around a nearby star. At least three of them may be habitable – and we could find out if they are inhabited within a decade. The system is around a star called TRAPPIST-1, a small ultra-cool dwarf star 40 light-years away that’s about 8 percent the mass of our Sun and 11 percent its radius, similar in size to Jupiter. Last year, it was revealed that three potentially rocky worlds orbited this star, and now this new study has found four more. A paper describing the incredible findings, led by Michaël Gillon of the University of Liège in Belgium, was published today in Nature. The discovery was made using NASA’s Spitzer Space Telescope and a variety of ground-based telescopes, including TRAPPIST-South in Chile, to observe the transits of the planets relative to us as they passed across their star. “The star is so small and cold that the planets are temperate, which means that they could have some liquid water and maybe life by extension on the surface,” Gillon said in a press briefing. A video summary of the findings is above. In order of thei",exact_duplicate|near_duplicate|semantic_duplicate|same_template_different_content|related_but_both_valuable|false_positive|unclear
,shard_00160.parquet:1172,shard_00127.parquet:26807,0.9999997615814209,1357,1357,"“Character” means a man’s nature or identity insofar as this is shaped by the moral values he accepts and automatizes. By “moral values” I mean values which are volitionally chosen, and which are fundamental, i.e., shape the whole course of a man’s action, not merely a specialized, delimited area of his life . . . . So a man’s character is, in effect, his moral essence—his self-made identity as expressed in the principles he lives by. We have only two sources of information about the character of the people around us: we judge them by what they do and by what they say (particularly the first). As man is a being of self-made wealth, so he is a being of self-made soul. Just as man’s physical survival depends on his own effort, so does his psychological survival. Man faces two corollary, interdependent fields of action in which a constant exercise of choice and a constant creative process are demanded of him: the world around him and his own soul (by “soul,” I mean his consciousness). Just as he has to produce the material values he needs to sustain his life, so he has to acquire the values of character that enable him to sustain it and that make his life worth living. He is born with","“Character” means a man’s nature or identity insofar as this is shaped by the moral values he accepts and automatizes. By “moral values” I mean values which are volitionally chosen, and which are fundamental, i.e., shape the whole course of a man’s action, not merely a specialized, delimited area of his life . . . . So a man’s character is, in effect, his moral essence—his self-made identity as expressed in the principles he lives by. We have only two sources of information about the character of the people around us: we judge them by what they do and by what they say (particularly the first). As man is a being of self-made wealth, so he is a being of self-made soul. Just as man’s physical survival depends on his own effort, so does his psychological survival. Man faces two corollary, interdependent fields of action in which a constant exercise of choice and a constant creative process are demanded of him: the world around him and his own soul (by “soul,” I mean his consciousness). Just as he has to produce the material values he needs to sustain his life, so he has to acquire the values of character that enable him to sustain it and that make his life worth living. He is born with",exact_duplicate|near_duplicate|semantic_duplicate|same_template_different_content|related_but_both_valuable|false_positive|unclear
,shard_00113.parquet:27077,shard_00055.parquet:1243,0.9843178391456604,1793,1761,"Oceans seen soaking up less CO2 LONDON (Reuters) - The world's oceans appear to be soaking up less carbon dioxide, new environmental research has shown, a development that could speed up global warming. A 10-year study by researchers from the University of East Anglia has shown that the uptake of CO2 by the North Atlantic ocean halved between the mid-1990s and 2002-2005. ""Such large changes are a tremendous surprise,"" said Dr Ute Schuster, who will publish the findings with professor Andrew Watson in the Journal of Geophysical Research next month. ""We expected that the uptake would change only slowly because of the ocean's great mass."" There is also evidence of a slowdown in the uptake of CO2 by the Southern ocean, although it is not as great or as sudden as in the North Atlantic. The scientists based their findings on data collected by merchant ships fitted out with equipment to automatically measure the levels of carbon dioxide in the water. One ship that sailed between Britain and the West Indies made more than 90,000 measurements in recent years. The oceans are one of two major carbon ""sinks"" for CO2 emissions, the other being the land biosphere, which together absorb about hal","LONDON (Reuters) - The world's oceans appear to be soaking up less carbon dioxide, new environmental research has shown, a development that could speed up global warming. A 10-year study by researchers from the University of East Anglia has shown that the uptake of CO2 by the North Atlantic ocean halved between the mid-1990s and 2002-2005. ""Such large changes are a tremendous surprise,"" said Dr Ute Schuster, who will publish the findings with professor Andrew Watson in the Journal of Geophysical Research next month. ""We expected that the uptake would change only slowly because of the ocean's great mass."" There is also evidence of a slowdown in the uptake of CO2 by the Southern ocean, although it is not as great or as sudden as in the North Atlantic. The scientists based their findings on data collected by merchant ships fitted out with equipment to automatically measure the levels of carbon dioxide in the water. One ship that sailed between Britain and the West Indies made more than 90,000 measurements in recent years. The oceans are one of two major carbon ""sinks"" for CO2 emissions, the other being the land biosphere, which together absorb about half of all CO2 emitted into the at",exact_duplicate|near_duplicate|semantic_duplicate|same_template_different_content|related_but_both_valuable|false_positive|unclear
,shard_00126.parquet:44785,shard_00010.parquet:19400,0.9701700210571289,2101,2432,"Comparison of Immune Response to Booster Vaccines in Blood Transplant Patients and Healthy Volunteers This study will compare the immune system response to booster vaccines for tetanus/diphtheria and hepatitis B in healthy volunteers with that of patients who have had a blood transplant. (A blood transplant is an infusion of donated stem cells-i.e., cells that mature into white blood cells, red blood cells and platelets). The study will also look at how age of the blood cell donor and recipient, the type of blood transplant, the amount of certain types of white cells in donor blood, and other variables may influence the vaccine response among the transplant patients. This study includes normal volunteers and patients who have had a blood transplant. Healthy volunteers between the ages of 18 and 60 who have previously been vaccinated with the hepatitis B or tetanus/diphtheria vaccine and have not had hepatitis B may be eligible for this study. Patients enrolled in a blood cell transplant study at NIH who are between 5 and 60 years old, have been vaccinated against tetanus/diphtheria, and have not had hepatitis B may be eligible. Candidates will be screened with a medical history and","Comparison of Immune Response to Booster Vaccines in Blood Transplant Patients and Healthy Volunteers This study will compare the immune system response to booster vaccines for tetanus/diphtheria and hepatitis B in healthy volunteers with that of patients who have had a blood transplant. (A blood transplant is an infusion of donated stem cells-i.e., cells that mature into white blood cells, red blood cells and platelets). The study will also look at how age of the blood cell donor and recipient, the type of blood transplant, the amount of certain types of white cells in donor blood, and other variables may influence the vaccine response among the transplant patients. This study includes normal volunteers and patients who have had a blood transplant. Healthy volunteers between the ages of 18 and 60 who have previously been vaccinated with the hepatitis B or tetanus/diphtheria vaccine and have not had hepatitis B may be eligible for this study. Patients enrolled in a blood cell transplant study at NIH who are between 5 and 60 years old, have been vaccinated against tetanus/diphtheria, and have not had hepatitis B may be eligible. Candidates will be screened with a medical history and",exact_duplicate|near_duplicate|semantic_duplicate|same_template_different_content|related_but_both_valuable|false_positive|unclear
,shard_00075.parquet:12742,shard_00049.parquet:2054,0.9999997615814209,3607,3607,"If your ancestors lived in France 150 years ago, their lives have inevitably been impacted by the Franco-Prussian war of 1870-71. It was a short war – it lasted less than a year – but it had many consequences in France and Germany. Military mobilization in 1870 The war started 150 years ago, on the 19th of July 1870. All the young men who were doing their military service at the time were mobilized. The fighting started only a few days later in the North-Eastern part of France: mostly in Alsace and Lorraine. After a few weeks of war, the French government mobilized additional soldiers: all the men under 35 who had already completed their military service and the single men under 40 who were in the National Guard. However, most of the fighting ended up in French defeats. The most famous is the defeat of Sedan, resulting in the surrender, capture and abdication of the French Emperor Napoleon III. This event resulted in the creation of the Third Republic of France. Civilian life during the war However, the war wasn’t over. The fighting went on, and approached Paris. The Siege of Paris started on the 19th of September 1870. At the same time, the fighting continued in many regions, and","If your ancestors lived in France 150 years ago, their lives have inevitably been impacted by the Franco-Prussian war of 1870-71. It was a short war – it lasted less than a year – but it had many consequences in France and Germany. Military mobilization in 1870 The war started 150 years ago, on the 19th of July 1870. All the young men who were doing their military service at the time were mobilized. The fighting started only a few days later in the North-Eastern part of France: mostly in Alsace and Lorraine. After a few weeks of war, the French government mobilized additional soldiers: all the men under 35 who had already completed their military service and the single men under 40 who were in the National Guard. However, most of the fighting ended up in French defeats. The most famous is the defeat of Sedan, resulting in the surrender, capture and abdication of the French Emperor Napoleon III. This event resulted in the creation of the Third Republic of France. Civilian life during the war However, the war wasn’t over. The fighting went on, and approached Paris. The Siege of Paris started on the 19th of September 1870. At the same time, the fighting continued in many regions, and",exact_duplicate|near_duplicate|semantic_duplicate|same_template_different_content|related_but_both_valuable|false_positive|unclear
,shard_00058.parquet:36661,shard_00101.parquet:12831,1.0,1490,1490,"Get advice and guidance on flooding in Barnsley. Floods can happen anywhere at any time, caused by rising ground water levels, burst water drains or hillside run-off from sudden rain storms. This means that even if you live miles away from a river, there is still a chance flooding could affect you. You can download our leaflet which gives you useful information on how to prepare for and clean up after a flood. If you live in the Barnsley area, the most common sources of flooding that may affect you are from: - Surface water If you own a riverside property and/or have a watercourse running through your land, you have a responsibility for the maintenance of embankments and making sure the passage of water moves freely through that land. This is known as Riparian Ownership. An important part of the flood resilience work we do is community engagement and we continue to work with all communities in our borough that are at the highest risk of flooding. Following the devastating floods in 2007, we held a flood fair which included an exhibition by manufacturers of flood defence equipment, this gave residents the chance to see all flood defences available to them first hand. You can find th","Get advice and guidance on flooding in Barnsley. Floods can happen anywhere at any time, caused by rising ground water levels, burst water drains or hillside run-off from sudden rain storms. This means that even if you live miles away from a river, there is still a chance flooding could affect you. You can download our leaflet which gives you useful information on how to prepare for and clean up after a flood. If you live in the Barnsley area, the most common sources of flooding that may affect you are from: - Surface water If you own a riverside property and/or have a watercourse running through your land, you have a responsibility for the maintenance of embankments and making sure the passage of water moves freely through that land. This is known as Riparian Ownership. An important part of the flood resilience work we do is community engagement and we continue to work with all communities in our borough that are at the highest risk of flooding. Following the devastating floods in 2007, we held a flood fair which included an exhibition by manufacturers of flood defence equipment, this gave residents the chance to see all flood defences available to them first hand. You can find th",exact_duplicate|near_duplicate|semantic_duplicate|same_template_different_content|related_but_both_valuable|false_positive|unclear
,shard_00134.parquet:44332,shard_00000.parquet:409,0.9993624091148376,7260,7239,"A publication of the Archaeological Institute of America The Clovis Orthodoxy Monte Verde's great importance is that, granted the site is valid, it breaks the Clovis barrier, that is it is earlier than the widespread Clovis culture which has been accepted for nearly 50 years to be the earliest in the Americas. This belief in the Clovis-first model for the colonization of the New World had become so entrenched that many scholars felt that it stifled debate about the subject and that its proponents were self-appointed defenders of the faith. The rise of the Clovis Orthodoxy goes back to the first decades of this century. Throughout the 1890s William Henry Holmes of the Bureau of American Ethnology and Thomas Chamberlin of United States Geological Survey challenged many dubious claims for Pleistocene (Ice Age) archaeological finds in the New World, a role continued into the 1920s by physical anthropologist Ales Hrdlicka of the Smithsonian Institution. In 1926 Jesse Figgins of the Colorado Museum of Natural History sent a crew to collect a skeleton of an extinct bison from a fossil bed near Folsom, New Mexico. Figgin's crew found a stone point at the site but moved it before an archaeo","A publication of the Archaeological Institute of America The Clovis Orthodoxy Monte Verde's great importance is that, granted the site is valid, it breaks the Clovis barrier, that is it is earlier than the widespread Clovis culture which has been accepted for nearly 50 years to be the earliest in the Americas. This belief in the Clovis-first model for the colonization of the New World had become so entrenched that many scholars felt that it stifled debate about the subject and that its proponents were self-appointed defenders of the faith. The rise of the Clovis Orthodoxy goes back to the first decades of this century. Throughout the 1890s William Henry Holmes of the Bureau of American Ethnology and Thomas Chamberlin of United States Geological Survey challenged many dubious claims for Pleistocene (Ice Age) archaeological finds in the New World, a role continued into the 1920s by physical anthropologist Ales Hrdlicka of the Smithsonian Institution. In 1926 Jesse Figgins of the Colorado Museum of Natural History sent a crew to collect a skeleton of an extinct bison from a fossil bed near Folsom, New Mexico. Figgin's crew found a stone point at the site but moved it before an archaeo",exact_duplicate|near_duplicate|semantic_duplicate|same_template_different_content|related_but_both_valuable|false_positive|unclear
,shard_00031.parquet:36380,shard_00100.parquet:1203,0.9999995827674866,2360,2360,"People think it’s normal, but flushing every things down the toilet isn’t good for your toilet – pipes and sewer system. Many things flushed down the toilet can harm the pipes and cause sewer system problems. When non flush-able items go down the toilet, they may disappear from toilet. But certainly end up somewhere with serious damage, so it’s better to prevent toilet issues by not flushing certain items. 1- Bathroom wipes and paper towels: Bathroom wipes and paper towels are made to collect water and messes. The materials used to make tissues, paper towels and bathroom wipes do not dissolve easily in water. And if you flush them down to toilet, they can lead to clog in sewer pipes or clog to your toilet. 2- Oil, Fats and Grease: We usually think it’s safe to flush down the food fats in toilet but it’s not at all. When grease – oil and fats are hot they go down as a liquid form, but as they cool down they start building up on sides of pipe. That can cause severe blockage in your sewer system. keep grease, oil and fat in a plastic bag and throw it away in the trash. 3- Medications or Drugs: We often flushing medicines or drugs to keep them out of the wrong hands, but its very dange","People think it’s normal, but flushing every things down the toilet isn’t good for your toilet – pipes and sewer system. Many things flushed down the toilet can harm the pipes and cause sewer system problems. When non flush-able items go down the toilet, they may disappear from toilet. But certainly end up somewhere with serious damage, so it’s better to prevent toilet issues by not flushing certain items. 1- Bathroom wipes and paper towels: Bathroom wipes and paper towels are made to collect water and messes. The materials used to make tissues, paper towels and bathroom wipes do not dissolve easily in water. And if you flush them down to toilet, they can lead to clog in sewer pipes or clog to your toilet. 2- Oil, Fats and Grease: We usually think it’s safe to flush down the food fats in toilet but it’s not at all. When grease – oil and fats are hot they go down as a liquid form, but as they cool down they start building up on sides of pipe. That can cause severe blockage in your sewer system. keep grease, oil and fat in a plastic bag and throw it away in the trash. 3- Medications or Drugs: We often flushing medicines or drugs to keep them out of the wrong hands, but its very dange",exact_duplicate|near_duplicate|semantic_duplicate|same_template_different_content|related_but_both_valuable|false_positive|unclear
,shard_00081.parquet:13777,shard_00056.parquet:36370,0.9601218700408936,2828,3227,"Quality light is a very important facet of our everyday life and is frequently taken for granted. It has the power to handle the degree and quality of lighting in a particular area for particular scenarios or tasks. Controlling room light optimally not just enriches the experience but in addition, it can help to conserve energy by employing mild when and where it’s needed most. Which are dimmers and how can they help? Dimmers are devices used to reduce the brightness sources. Most programs comprise only on/off switch, rather than a dimmer. This means that no matter it being night or day, the bulbs have been emitting the exact same amount of light. Conventional switches are among the few appliances which just have two configurations – off and on. With the support of dimming, users may control the number of brightness their fittings emit to match certain activities, moods, or ambiance. This not only enhances the consumer experience but also saves energy from the procedure. Looking at daytime harvesting Using blinds in combination with dimmers, lighting management systems can make the ideal balance between light resources to conserve electricity and make a pleasant atmosphere. Dimmers","Quality lighting is a vital aspect of our daily life and is often taken for granted. It has the ability to manage the level and quality of light in a given space for specific situations or tasks. Controlling room lighting optimally not only enhances the experience but it also helps to save energy by using light when and where it is needed most. Additionally, they also increase the longevity of bulbs. What are dimmers and how do they help? Dimmers are devices used to lower the brightness light sources. By changing the voltage waveform applied to the lamp / bulb, it is possible to lower the intensity of the light output. Most systems feature simple on / off switch, instead of a dimmer. This means that regardless of it being day or night, the bulbs are emitting the same amount of light. Conventional switches are one of the few appliances that only have two settings – on and off. With the help of dimming, users can control the quantity of brightness their fixtures emit to fit specific tasks, moods, or ambience. This not only improves the user experience but also saves wasted energy in the process. Looking at daylight harvesting Apart from managing electric lighting, regulating the amou",exact_duplicate|near_duplicate|semantic_duplicate|same_template_different_content|related_but_both_valuable|false_positive|unclear
,shard_00133.parquet:50217,shard_00096.parquet:5839,0.9999998211860657,2100,2100,"Providing world leadership, expertise and international cooperation in weather, climate, hydrology and water resources and related environmental issues Climate is the average weather conditions of an area of a long period of time. Climates fluctuate all the time – over seasons and years. Winters change to spring. Some summers are warmer than others. The average climate is determined from a calcuation of the conditions over a 30-year period. These averages create a baseline for comparing the current weather and climate. It helps us answer questions like, “Are we having a hotter month or year than average?” Climate changes all the time. But scientists believe our planet is warming at a faster rate than any time before. These rapid changes are largely being caused by greenhouse gas emissions into the atmosphere. Water – we can only last a few days without it. We drink it, we clean with it, and we play in it. We use it for irrigating crops and also for generating electricity. In fact, water is the most important substance on Earth. It sustains life. While humans can survive for several weeks without food, we can only last a few days without water (3 to 5 days depending on the environme","Providing world leadership, expertise and international cooperation in weather, climate, hydrology and water resources and related environmental issues Climate is the average weather conditions of an area of a long period of time. Climates fluctuate all the time – over seasons and years. Winters change to spring. Some summers are warmer than others. The average climate is determined from a calcuation of the conditions over a 30-year period. These averages create a baseline for comparing the current weather and climate. It helps us answer questions like, “Are we having a hotter month or year than average?” Climate changes all the time. But scientists believe our planet is warming at a faster rate than any time before. These rapid changes are largely being caused by greenhouse gas emissions into the atmosphere. Water – we can only last a few days without it. We drink it, we clean with it, and we play in it. We use it for irrigating crops and also for generating electricity. In fact, water is the most important substance on Earth. It sustains life. While humans can survive for several weeks without food, we can only last a few days without water (3 to 5 days depending on the environme",exact_duplicate|near_duplicate|semantic_duplicate|same_template_different_content|related_but_both_valuable|false_positive|unclear
,shard_00141.parquet:8111,shard_00136.parquet:18236,1.0000001192092896,1115,1115,"I am having a hard time understanding this concept... I understand Rectilinear motion consists of a line and Angular Motion is of a Angle. But I cant seem to understand how to use this for problem solving. I have two examples here that I will give and I have the answers but I cant seem to figure out how to solve them. 1. An automatic pipewelder can weld 40in/min. How long does it take to complete one pass around a pipe 4ft in diameter. *ok first thing i do is convert the 4ft into 48 inches to make it all one unit. Then I simply divide 48inches into 40in/min and its simply 1.2min, The book has 3.77min as the answer so I am assuming I have to use the angular of the pipe but man im stuck on that. 2. By means of a stroboscope, the speed of a puller 200mm in diameter is found to be 1600 rpm. Determine the speed of the belt passing over this pulley.. Ok the answer is 16.7m/s. I have no idea how to seriously solve this....not even a start really. I am assuming the equations s=r*angle v=rw alpha=rbeta are the questions I need, but man I cant seem to get any of this stuff. I need a breakdown of this please.","I am having a hard time understanding this concept... I understand Rectilinear motion consists of a line and Angular Motion is of a Angle. But I cant seem to understand how to use this for problem solving. I have two examples here that I will give and I have the answers but I cant seem to figure out how to solve them. 1. An automatic pipewelder can weld 40in/min. How long does it take to complete one pass around a pipe 4ft in diameter. *ok first thing i do is convert the 4ft into 48 inches to make it all one unit. Then I simply divide 48inches into 40in/min and its simply 1.2min, The book has 3.77min as the answer so I am assuming I have to use the angular of the pipe but man im stuck on that. 2. By means of a stroboscope, the speed of a puller 200mm in diameter is found to be 1600 rpm. Determine the speed of the belt passing over this pulley.. Ok the answer is 16.7m/s. I have no idea how to seriously solve this....not even a start really. I am assuming the equations s=r*angle v=rw alpha=rbeta are the questions I need, but man I cant seem to get any of this stuff. I need a breakdown of this please.",exact_duplicate|near_duplicate|semantic_duplicate|same_template_different_content|related_but_both_valuable|false_positive|unclear
,shard_00144.parquet:23581,shard_00130.parquet:20921,0.9999414682388306,5785,5785,"Take some time to let this map load, and be sure to check out all its features. This week's topic is a rather difficult one, so take some time and explore all that it has to offer. View Larger Map (Map relating the proximity of farmers markets to the types of crops harvested in each region. NOTE: Click Legend in the top right corner and give the map a moment to load) What is GIS?! Geographic Information Systems, or GIS, are systems that store, analyze, and graphically present geographic data, called spatial data. Map presentations (like the one featured above) are created by adding layers of data onto a base map. In the example above, I started with a map of the US, and then I added a shapefile containing a map of all the counties of KY. Next, I added a layer containing all of the farmers markets in the US and a final layer that shows the diversity of crops harvested per county in the US. This simple map shows the relationship between the density of farmers markets and the agricultural productivity of KY counties. Maps like this one can be analyzed to better understand that relationship, and information like this may be important to farmers looking to corner new markets. In fact, G","Take some time to let this map load, and be sure to check out all its features. This week's topic is a rather difficult one, so take some time and explore all that it has to offer. View Larger Map (Map relating the proximity of farmers markets to the types of crops harvested in each region. NOTE: Click Legend in the top right corner and give the map a moment to load) What is GIS?! Geographic Information Systems, or GIS, are systems that store, analyze, and graphically present geographic data, called spatial data. Map presentations (like the one featured above) are created by adding layers of data onto a base map. In the example above, I started with a map of the US, and then I added a shapefile containing a map of all the counties of KY. Next, I added a layer containing all of the farmers markets in the US and a final layer that shows the diversity of crops harvested per county in the US. This simple map shows the relationship between the density of farmers markets and the agricultural productivity of KY counties. Maps like this one can be analyzed to better understand that relationship, and information like this may be important to farmers looking to corner new markets. In fact, G",exact_duplicate|near_duplicate|semantic_duplicate|same_template_different_content|related_but_both_valuable|false_positive|unclear
,shard_00103.parquet:19686,shard_00019.parquet:47144,0.9204432368278503,1319,1057,"NIH Recommends Early Peanut Introduction for High-Risk Infants Babies at high risk for developing peanut allergies should be introduced to peanut-containing foods in a controlled way as early as 4 to 6 months of age, according to new guidelines from an expert panel sponsored by the National Institute of Allergy and Infectious Disease (NIAID). Early peanut introduction was shown to dramatically reduce the risk for allergic sensitization in high-risk infants in the landmark LEAP trial. The new guidelines are largely based on findings from the 2015 study, which showed early introduction of peanut protein to be associated with an 81% reduction in peanut allergy among high-risk children. Infants with severe eczema, egg allergy, or both are considered to have a high risk for peanut and other food allergies. The revised guidelines recommend that parents or caregivers introduce peanut-containing foods as early as 4-6 months to high-risk babies who have already started solid foods, after evaluation by the baby’s healthcare provider or a specialist. The expert panel recommended that evaluation with peanut-specific IgE measurement, skin prick testing, or both be “strongly considered before th","Hope for avoiding peanut allergies! – New guidelines released Thursday by the National Institutes of Allergy and Infectious Diseases recommend peanut-containing foods be introduced as early as 4 to 6 months of life. The new recommendation is based on three recent studies examining the best time to introduce peanut-containing foods to prevent peanut allergy. The most convincing of these studies was the Learning Early About Peanut (LEAP) trial from England. In it, infants with moderate-to-severe eczema (a type of skin rash) and/or egg allergy were randomly introduced to peanut-containing foods between 4 to 11 months, or told to deliberately avoid peanut-containing foods until age 5. Those who ate peanut-containing foods in the first year of life had an 80 percent lower risk of developing peanut allergy. This study showed early peanut introduction is very safe (most reactions that occurred were mild) and there were no negative effects on growth. Children fed peanut-containing foods early breast-fed as long as those who had delayed introduction.",exact_duplicate|near_duplicate|semantic_duplicate|same_template_different_content|related_but_both_valuable|false_positive|unclear
,shard_00104.parquet:19922,shard_00168.parquet:27379,0.902470588684082,2230,3031,"A storm is brewing half a billion miles away and in a rare event, astronomers get to watch it closely. ""Red Spot Jr."" as it is being called, formed after three white oval-shaped storms-two of which were at least 90 years old-merged between 1998 and 2000. A similar merger took place centuries ago and formed the bigger and legendary Great Red Spot, a storm twice as big as Earth and almost 300 years old. Close inspections of Red Spot Jr., in Hubble images released today, reveal that similar to the Great Red Spot, the more recently developed storm rises above the top of the main cloud deck on Jupiter. Solar System Portraits Solar System Portraits Little is known about how storms form on the giant planet. They are often described as behaving similar to hurricanes on Earth. Some astronomers believe that the spots dredge up material deep below Jupiter's clouds and lift it to where the Sun's ultraviolet light chemically alters it to give it a red hue. The latest images could provide evidence that Jupiter is in the midst of a global change that can modify temperatures by as much as 10 degrees Fahrenheit on different parts of the globe. The study was led jointly by Imke de Pater and Philip M","Jupiter’s junior red spot. Image credit: NASA/ESA. Click to enlarge The Hubble Space Telescope has snapped a picture of “Red Spot Jr.”, the newly forming storm on Jupiter. This new spot is half the size of Jupiter’s Great Red Spot, and formed after three white storms merged together. But when viewed in near-infrared wavelengths, the spot is as prominent as the Great Red Spot, so this is a big storm too. Scientists think that Jupiter might be in the midst of a global climate change, warming up a few degrees in some latitudes. NASA’s Hubble Space Telescope is giving astronomers their most detailed view yet of a second red spot emerging on Jupiter. For the first time in history, astronomers have witnessed the birth of a new red spot on the giant planet, which is located half a billion miles away. The storm is roughly one-half the diameter of its bigger and legendary cousin, the Great Red Spot. Researchers suggest that the new spot may be related to a possible major climate change in Jupiter’s atmosphere. Dubbed by some astronomers as “Red Spot Jr.,” the new spot has been followed by amateur and professional astronomers for the past few months. But Hubble’s new images provide a level o",exact_duplicate|near_duplicate|semantic_duplicate|same_template_different_content|related_but_both_valuable|false_positive|unclear
,shard_00076.parquet:25887,shard_00151.parquet:21781,0.9999997615814209,1402,1402,"Our initial focus is on Dravet Syndrome (DS), a catastrophic childhood epilepsy. As a group catastrophic childhood epilepsies are characterized by debilitating developmental or cognitive co-morbidities, and seizures in these children are poorly controlled by available antiepileptic drugs (AEDs). - Most DS patients carry de novo mutations in SCN1A that result in haploinsufficiency for the voltage-gated sodium channel (VGSC) α subunit Na v 1.1. - DS appears during the first year of life, often beginning around six months of age with frequent febrile seizures (fever-related seizures). - Epilepsy in these patients is characterized by unilateral clonic or tonic-clonic seizures that progress to status epilepticus. - Children with DS typically experience a lagged development of language and motor skills, hyperactivity and sleep difficulties, chronic infection, growth and balance issues, and difficulty relating to others. - Children with DS are at a heightened risk of sudden unexpected death in epilepsy (SUDEP). - The effects of this disorder do not diminish over time. - Children diagnosed with DS require fully committed caretakers with tremendous patience and the ability to monitor them c","Our initial focus is on Dravet Syndrome (DS), a catastrophic childhood epilepsy. As a group catastrophic childhood epilepsies are characterized by debilitating developmental or cognitive co-morbidities, and seizures in these children are poorly controlled by available antiepileptic drugs (AEDs). - Most DS patients carry de novo mutations in SCN1A that result in haploinsufficiency for the voltage-gated sodium channel (VGSC) α subunit Na v 1.1. - DS appears during the first year of life, often beginning around six months of age with frequent febrile seizures (fever-related seizures). - Epilepsy in these patients is characterized by unilateral clonic or tonic-clonic seizures that progress to status epilepticus. - Children with DS typically experience a lagged development of language and motor skills, hyperactivity and sleep difficulties, chronic infection, growth and balance issues, and difficulty relating to others. - Children with DS are at a heightened risk of sudden unexpected death in epilepsy (SUDEP). - The effects of this disorder do not diminish over time. - Children diagnosed with DS require fully committed caretakers with tremendous patience and the ability to monitor them c",exact_duplicate|near_duplicate|semantic_duplicate|same_template_different_content|related_but_both_valuable|false_positive|unclear
,shard_00138.parquet:21136,shard_00147.parquet:6471,0.9277673959732056,3949,3298,"FDA expands approval of Gilenya to treat multiple sclerosis in pediatric patients First drug approved to treat MS in ages 10 and older The U.S. Food and Drug Administration today approved Gilenya (fingolimod) to treat relapsing multiple sclerosis (MS) in children and adolescents age 10 years and older. This is the first FDA approval of a drug to treat MS in pediatric patients. “For the first time, we have an FDA-approved treatment specifically for children and adolescents with multiple sclerosis,” said Billy Dunn, M.D., director of the Division of Neurology Products in the FDA’s Center for Drug Evaluation and Research. “Multiple sclerosis can have a profound impact on a child’s life. This approval represents an important and needed advance in the care of pediatric patients with multiple sclerosis.” Gilenya was first approved by the FDA in 2010 to treat adults with relapsing MS. MS is a chronic, inflammatory, autoimmune disease of the central nervous system that disrupts communication between the brain and other parts of the body. It is among the most common causes of neurological disability in young adults and occurs more frequently in women than men. For most people with MS, episo","Multiple Sclerosis Therapy for Pediatric Patients Approved by FDA Officials with the FDA have approved fingolimod (Gilenya, Novartis) for the treatment of relapsing multiple sclerosis in pediatric patients aged 10 years and older, making it the first FDA-approved drug to treat MS in this population. Officials with the FDA have approved fingolimod (Gilenya, Novartis) for the treatment of relapsing multiple sclerosis (MS) in pediatric patients aged 10 years and older, making it the first FDA-approved drug to treat MS in this population, according to a press release. Fingolimod was initially approved by the FDA in 2010 to treat adults with relapsing MS. It has previously been granted priority review and breakthrough therapy designation for its newest indication. According to the FDA, 2% to 5% of patients with MS experience symptoms before the age of 18 and estimates suggest that 8000 to 10,000 children and adolescents in the United States have MS. For most patients with MS, episodes of symptoms including worsening function are initially followed up with periods of remission, but over time patients may experience progressive decline in function and increased disability. The approval is",exact_duplicate|near_duplicate|semantic_duplicate|same_template_different_content|related_but_both_valuable|false_positive|unclear
,shard_00051.parquet:25811,shard_00128.parquet:12922,0.9582130908966064,66301,77736,"voir la définition de Wikipedia ||This article may contain original research. (October 2010)| The Bretton Woods system of monetary management established the rules for commercial and financial relations among the world's major industrial states in the mid-20th century. The Bretton Woods system was the first example of a fully negotiated monetary order intended to govern monetary relations among independent nation-states. Preparing to rebuild the international economic system as World War II was still raging, 730 delegates from all 44 Allied nations gathered at the Mount Washington Hotel in Bretton Woods, New Hampshire, United States, for the United Nations Monetary and Financial Conference. The delegates deliberated upon and signed the Bretton Woods Agreements during the first three weeks of July 1944. Setting up a system of rules, institutions, and procedures to regulate the international monetary system, the planners at Bretton Woods established the International Monetary Fund (IMF) and the International Bank for Reconstruction and Development (IBRD), which today is part of the World Bank Group. These organizations became operational in 1945 after a sufficient number of countries","Bretton Woods system |This article needs additional citations for verification. (October 2010)| The Bretton Woods system of monetary management established the rules for commercial and financial relations among the world's major industrial states in the mid-20th century. The Bretton Woods system was the first example of a fully negotiated monetary order intended to govern monetary relations among independent nation-states. Preparing to rebuild the international economic system while World War II was still raging, 730 delegates from all 44 Allied nations gathered at the Mount Washington Hotel in Bretton Woods, New Hampshire, United States, for the United Nations Monetary and Financial Conference, also known as the Bretton Woods Conference. The delegates deliberated during 1–22 July 1944, and signed the Agreement on its final day. Setting up a system of rules, institutions, and procedures to regulate the international monetary system, the planners at Bretton Woods established the International Monetary Fund (IMF) and the International Bank for Reconstruction and Development (IBRD), which today is part of the World Bank Group. These organizations became operational in 1945 after a suf",exact_duplicate|near_duplicate|semantic_duplicate|same_template_different_content|related_but_both_valuable|false_positive|unclear
,shard_00018.parquet:7480,shard_00032.parquet:53210,0.9999995827674866,1450,1450,"First dibs, or sometimes just dibs, is a phrase used when a person wants to declare ownership or express interest in something. By calling first dibs, or by being offered first dibs, the person gains an advantage over other people. He effectively gets the right of first refusal. A person who gets a first dibs privilege may be given the opportunity to choose first among several different options – or he can also decide to pass on the opportunity. The enviable situation that a first dibs opportunity gives is the privilege to actually accept or deny ownership of something without having to worry about any competition. The exact origins of the phrase “first dibs” is not immediately known. There are some people who claim that it could refer to a very old children’s game that has parallelisms to jacks and uses special counters that are called dibstones. These dibstones are divided among all of the players, with some players getting more than others based on the rules of the game. The supposition is that children may have shortened the name “dibstones” to “dibs” to make it easier to say. The exact phrase “first dibs” first appeared in its fully formed form in American literature produced","First dibs, or sometimes just dibs, is a phrase used when a person wants to declare ownership or express interest in something. By calling first dibs, or by being offered first dibs, the person gains an advantage over other people. He effectively gets the right of first refusal. A person who gets a first dibs privilege may be given the opportunity to choose first among several different options – or he can also decide to pass on the opportunity. The enviable situation that a first dibs opportunity gives is the privilege to actually accept or deny ownership of something without having to worry about any competition. The exact origins of the phrase “first dibs” is not immediately known. There are some people who claim that it could refer to a very old children’s game that has parallelisms to jacks and uses special counters that are called dibstones. These dibstones are divided among all of the players, with some players getting more than others based on the rules of the game. The supposition is that children may have shortened the name “dibstones” to “dibs” to make it easier to say. The exact phrase “first dibs” first appeared in its fully formed form in American literature produced",exact_duplicate|near_duplicate|semantic_duplicate|same_template_different_content|related_but_both_valuable|false_positive|unclear
,shard_00062.parquet:3923,shard_00065.parquet:28465,0.9733489155769348,1862,1877,"Structural and functional neuroimaging in human prion diseases Date: May 27, 2011Nuclear Medicine [SP] Neurology [SP] Prion diseases are neurodegenerative disorders resulting from the accumulation of a misfolded isoform of the cellular prion protein (PrPc). They can occur as acquired, sporadic or hereditary forms. Although prion diseases show a wide range of phenotypic variations, pathological features and clinical evolution, they are all characterised by a common unfavourable course and a fatal outcome. Some variants, such as kuru, have practically disappeared, while others, for example the variant Creutzfeldt-Jakob (vCJD) or those attributable to iatrogenic causes, are still in force and pose a challenge to current medicine. There are no definitive pre-mortem diagnostic tests, except for vCJD, where a tonsil biopsy detects 100% of the cases.For this reason, diagnostic criteria dependent on statistical probability have had to be created. These require complementary examinations, such as an electroencephalogram (EEG) or the detection of 14-3-3 protein in cerebrospinal fluid (CSF). Only the pulvinar sign in magnetic resonance imaging (MRI) has been included as a vCJD diagnostic crit","Structural and functional neuroimaging in human prion diseases Data: 27/Mai/2011Medicina Nuclear [ES] Neurologia [ES] Prion diseases are neurodegenerative disorders resulting from the accumulation of a misfolded isoform of the cellular prion protein (PrPc). They can occur as acquired, sporadic or hereditary forms. Although prion diseases show a wide range of phenotypic variations, pathological features and clinical evolution, they are all characterised by a common unfavourable course and a fatal outcome. Some variants, such as kuru, have practically disappeared, while others, for example the variant Creutzfeldt-Jakob (vCJD) or those attributable to iatrogenic causes, are still in force and pose a challenge to current medicine. There are no definitive pre-mortem diagnostic tests, except for vCJD, where a tonsil biopsy detects 100% of the cases.For this reason, diagnostic criteria dependent on statistical probability have had to be created. These require complementary examinations, such as an electroencephalogram (EEG) or the detection of 14-3-3 protein in cerebrospinal fluid (CSF). Only the pulvinar sign in magnetic resonance imaging (MRI) has been included as a vCJD diagnostic crit",exact_duplicate|near_duplicate|semantic_duplicate|same_template_different_content|related_but_both_valuable|false_positive|unclear
,shard_00025.parquet:30285,shard_00127.parquet:12011,1.0000005960464478,2782,2782,"Erythropoietin is a synthetic growth hormone that stimulates the bone marrow to produce red blood cells. Increased RBC production also increases the patient's hemoglobin, hematocrit, and reticulocyte counts. Red blood cells transport oxygen to cells throughout the body. The patient requires adequate intake of iron, folic acid, and vitamin B12 in order to maximize the effectiveness of Erythropoietin. The kidneys are responsible for producing the naturally occurring hormone human erythropoietin. Patients with chronic renal failure have compromised kidneys and may develop anemia. Thus, erythropoietin is indicated for patients with chronic renal failure to maintain erythrocyte counts. Increased levels of hemoglobin lead to increased energy levels and may improve quality of life. Erythropoietin is indicated for anemic patients to decrease or eliminate the need for blood transfusions. Anemia may be secondary to HIV medications, cancer, or chronic renal failure. Erythropoietin increases the risk of thrombosis, stroke, and myocardial infarction. Minimize the risk of developing thrombosis by decreasing the dosage when hemoglobin levels near 12 gm/dL or when the hemoglobin levels increase mo","Erythropoietin is a synthetic growth hormone that stimulates the bone marrow to produce red blood cells. Increased RBC production also increases the patient's hemoglobin, hematocrit, and reticulocyte counts. Red blood cells transport oxygen to cells throughout the body. The patient requires adequate intake of iron, folic acid, and vitamin B12 in order to maximize the effectiveness of Erythropoietin. The kidneys are responsible for producing the naturally occurring hormone human erythropoietin. Patients with chronic renal failure have compromised kidneys and may develop anemia. Thus, erythropoietin is indicated for patients with chronic renal failure to maintain erythrocyte counts. Increased levels of hemoglobin lead to increased energy levels and may improve quality of life. Erythropoietin is indicated for anemic patients to decrease or eliminate the need for blood transfusions. Anemia may be secondary to HIV medications, cancer, or chronic renal failure. Erythropoietin increases the risk of thrombosis, stroke, and myocardial infarction. Minimize the risk of developing thrombosis by decreasing the dosage when hemoglobin levels near 12 gm/dL or when the hemoglobin levels increase mo",exact_duplicate|near_duplicate|semantic_duplicate|same_template_different_content|related_but_both_valuable|false_positive|unclear
,shard_00120.parquet:8772,shard_00038.parquet:25627,0.9137969613075256,1413,1510,"Know Before You Go You can find the museum's hours here. The “mound builders” of early North America lived throughout what are now the Ohio Valley and Mississippi regions. The earliest group was probably the Adena people, who flourished from 1000 BCE to 200 BCE. They built mounds throughout North America, from Wisconsin to Mississippi. The Great Serpent Mound—a 1,330-foot-long, three-foot-high prehistoric effigy mound in southern Ohio—is one of the few surviving relics from the mound builders. The earliest records say it depicts a serpent swallowing an egg, though another interesting theory suggests that the snake is swallowing the moon. In 1909, local German Baptist minister Landon West proposed another possibility: The serpent, he said, is writhing in its death throes as punishment for tempting Adam and Eve, in what West believed was the original Garden of Eden. It is unclear who built the Great Serpent Mound. Though the Adena people built structures like it, as well as burial grounds near the mound, charcoal from the mound has been dated to later in history, to around 1000 CE. So the mound may have been built by the Fort Ancient peoples, who lived in the Ohio Valley from 1000 CE","The “mound builders” of early North America lived throughout what are now the Ohio Valley and the Mississippi regions. The earliest group was probably the Adena people, who flourished from 1000 BCE to 200 BCE. They built mounds throughout North America, from Wisconsin to Mississippi. The Great Serpent Mound in southern Ohio is one of the few surviving relics of the mound builders. It is a 1,330-foot-long, three-foot-high prehistoric effigy mound. The earliest records say it was a depiction of a serpent that was swallowing an egg. One of the more interesting theories as to the origin of the shape is that it represents an explanation of the phases of the moon, by the representation of a snake swallowing it. In 1909, local German Baptist minister Landon West proposed another unusual theory: the serpent was writhing in its death throes as punishment for tempting Adam and Eve in what West believed was the original Garden of Eden. It is unclear who built the Great Serpent Mound. The Adena culture built structures like it, and they built burial grounds that are located near the Great Serpent Mound. However, charcoal from within the mound has been tested to later in history, around 1000 CE",exact_duplicate|near_duplicate|semantic_duplicate|same_template_different_content|related_but_both_valuable|false_positive|unclear
,shard_00077.parquet:32252,shard_00053.parquet:51036,0.9999998807907104,3268,3268,"A new computerised information system that will be able to provide daily figures on the number of people going to their GP suffering from a flu-like illness has been developed by researchers from The University of Nottingham in partnership with public health experts. The system has been developed by researchers from the University's Division of Primary Care in collaboration with Health Protection Agency surveillance experts, GPs and EMIS, the computer system used in 60 per cent of general practices in the UK. Delegates attending the final day of the Health Protection Agency's annual conference will hear that QFLU is among developments the agency has made in improving the UK's preparedness for a future flu pandemic. Information from the system, including the number of patients suffering from respiratory infections such as pneumonia and the number of people given antivirals, will be crucial in identifying areas of the country which may be seeing a high number of pandemic flu outbreaks and where the NHS may need to concentrate its efforts. In addition, it will be an 'early warning' system -- identifying areas which start to see outbreaks in the early phases of the pandemic and will he","A new computerised information system that will be able to provide daily figures on the number of people going to their GP suffering from a flu-like illness has been developed by researchers from The University of Nottingham in partnership with public health experts. The system has been developed by researchers from the University's Division of Primary Care in collaboration with Health Protection Agency surveillance experts, GPs and EMIS, the computer system used in 60 per cent of general practices in the UK. Delegates attending the final day of the Health Protection Agency's annual conference will hear that QFLU is among developments the agency has made in improving the UK's preparedness for a future flu pandemic. Information from the system, including the number of patients suffering from respiratory infections such as pneumonia and the number of people given antivirals, will be crucial in identifying areas of the country which may be seeing a high number of pandemic flu outbreaks and where the NHS may need to concentrate its efforts. In addition, it will be an 'early warning' system -- identifying areas which start to see outbreaks in the early phases of the pandemic and will he",exact_duplicate|near_duplicate|semantic_duplicate|same_template_different_content|related_but_both_valuable|false_positive|unclear
,shard_00144.parquet:51972,shard_00103.parquet:35910,0.9801986813545227,2757,2865,"Mia, Age 13 Months, Develops Thinking Skills Watch to see how Rosanna guides Mia through the problem of how to get the balls out of the tube. To view this video in Spanish, click here. To Think About: - How is Mia using her problem-solving and thinking skills during this activity? - How does Rosanna encourage Mia’s thinking skills? - What might Mia be learning about problem-solving as she works on this problem? What the Experts Say About This Interaction What Mia does: - Figures out how this toy works—dropping balls one by one into the top. - In response to her mother’s question, looks carefully at the toy to see how to get the balls out. - Asks questions of her mother using facial expressions and gestures. - Very patiently and persistently tries to solve this problem of removing the balls. - Listens to her mother’s coaching and uses her as a resource to solve the problem. What Rosanna does: - Communicates excitement and curiosity about how this toy works, mirroring Mia’s experience. Celebrates Mia’s success when she drops all the balls into the toy. - Coaches Mia through the activity—helping her problem-solve—rather than doing it for her. This is a very powerful way to build a chi","Mia, Age 13 Months, Develops Thinking Skills Watch to see how Rosanna guides Mia through the problem of how to get the balls out of the tube. To view this video in Spanish, click here. To Think About: - How is Mia using her problem-solving and thinking skills during this activity? - How does Rosanna encourage Mia’s thinking skills? - What might Mia be learning about problem-solving as she works on this problem? What the Experts Say About This Interaction What Mia does: - Figures out how this toy works—dropping balls one by one into the top. - In response to her mother’s question, looks carefully at the toy to see how to get the balls out. - Asks questions of her mother using facial expressions and gestures. - Very patiently and persistently tries to solve this problem of removing the balls. - Listens to her mother’s coaching and uses her as a resource to solve the problem. What Rosanna does: - Communicates excitement and curiosity about how this toy works, mirroring Mia’s experience. Celebrates Mia’s success when she drops all the balls into the toy. - Coaches Mia through the activity—helping her problem-solve—rather than doing it for her. This is a very powerful way to build a chi",exact_duplicate|near_duplicate|semantic_duplicate|same_template_different_content|related_but_both_valuable|false_positive|unclear
,shard_00126.parquet:24450,shard_00139.parquet:4288,0.9458624124526978,4226,3565,"Optical communication at record-high speed via soliton frequency combs generated in optical microresonators Optical solitons are special wave packages that propagate without changing their shape. In optical communications, solitons can be used for generating frequency combs with various spectral lines, which allow to realize particularly efficient and compact high-capacity optical communication systems. This was demonstrated recently by researchers from KIT's Institute of Photonics and Quantum Electronics (IPQ) and Institute of Microstructure Technology (IMT) together with researchers from EPFL's Laboratory of Photonics and Quantum Measurements (LPQM). As reported in Nature, the researchers used silicon nitride microresonators that can easily be integrated into compact communication systems. Within these resonators, solitons circulate continuously, thus generating broadband optical frequency combs. Such frequency combs, for which John Hall and Theodor W. Hänsch were awarded the Nobel Prize in Physics in 2005, consist of a multitude of spectral lines, which are aligned on a regular equidistant grid. Traditionally, frequency combs serve as high-precision optical references for measur","Researchers at Karlsruhe Institute of Technology (KIT) and École Polytechnique Fédérale de Lausanne (EPFL) have set a new record for optical data transmission: As reported in Nature, the team exploits optical solitons circulating in silicon nitride microresonators to generate broadband optical frequency combs. Two such superimposed frequency combs enable massive parallel data transmission on 179 wavelength channels at a data rate of more than 50 terabits per second. (DOI: 10.1038/nature22387). Optical solitons are special wave packages that propagate without changing their shape. In optical communications, solitons can be used for generating frequency combs with various spectral lines, which allow to realize particularly efficient and compact high-capacity optical communication systems. This was demonstrated recently by researchers from KIT’s Institute of Photonics and Quantum Electronics (IPQ) and Institute of Microstructure Technology (IMT) together with researchers from EPFL’s Laboratory of Photonics and Quantum Measurements (LPQM). Published in Nature As reported in Nature, the researchers used silicon nitride microresonators that can easily be integrated into compact communica",exact_duplicate|near_duplicate|semantic_duplicate|same_template_different_content|related_but_both_valuable|false_positive|unclear
,shard_00154.parquet:35095,shard_00071.parquet:51078,0.9005506038665771,6286,7626,"We’ve all been there. The parched mouth. The throbbing headache. The degradation of basic cognitive abilities. The sulking in one’s own self pity. Yes, it’s the all feared hangover. Considering the painful aftermath of binge drinking, it’s surprising to note that one out of six adults in the US binge drinks 4 times per month, consuming at least 8 drinks per binge. Perhaps this is partly due to the heavy promotion of alcohol in mainstream commercialism, which was reported to have spent $8 billion on advertising between 2002-2009. But what’s hardly talked about in those clever marketing campaigns is the aforementioned aftermath of a ‘good’ night out, which finds many mercilessly clinging to their porcelain friend in the early hours of the morning. What exactly is happening to our body during a hangover that causes the insistent headaches, nausea and lethargy? Many would likely claim the culprit of these symptoms to be dehydration, and while this may be a part of the equation, studies suggest other significant factors are at play. Looking Inside The Body Hangover symptoms have been attributed to several causes, including direct physiological effects of alcohol on the brain and other o","While we’re all familiar with the delightful symptoms of a hangover (headache, trembling, nausea, fatigue, dehydration, diarrhea), scientists actually are still trying to understand in detail what exactly causes them. In the past, dehydration was thought to be the main cause of hangover symptoms. But now, scientists believe that alcohol withdrawal, and chemicals formed in the body when our liver breaks down alcohol, also contribute to those dreaded symptoms. So what exactly happens within our body to cause such horrendous post-alcohol pain? Maybe if we knew what we were doing to ourselves, we could take certain preventive action. Turns out that there are several ways that alcohol directly contributes to hangover symptoms. Dehydration and Electrolyte Imbalance One 250ml glass of wine causes the body to expel 800 to 1,000ml of water. That's four times as much liquid lost as gained, which explains the heavy traffic to the restrooms in bars and restaurants. Excess alcohol consumption can cause dehydration in a variety of ways. Firstly, alcohol decreases the body's production of anti-diuretic hormone called vasopressin , which is used by the body to reabsorb water. With less anti-diuret",exact_duplicate|near_duplicate|semantic_duplicate|same_template_different_content|related_but_both_valuable|false_positive|unclear
,shard_00030.parquet:6341,shard_00147.parquet:3968,0.9347785711288452,1271,692,"In a recent scientific study just published in the Journal of Applied Physiology, Bangsbo and co-workers demonstrate that by reducing the volume of training by 25% and introducing the so-called speed endurance training (6-12 30-s sprint runs 3-4 times a week), endurance trained runners can improve not only short-term but also long-term performance. Thus, the runners improved their 10-km time by 1 min from 37.3 to 36.3 min after just 6-9 weeks of changed training. Six of the participating 12 runners obtained a new personal record on the 10-km, despite having been training for more than 4 years. The most impressive achievement was the one runner who lowered the time with more than 2 minutes from 37.5 til 35.4 min. In addition, performance in a 30-s sprint test and an intense exhaustive run (about 2 minutes) was improved by 7% and 36%, respectively. In agreement, the authors have previously shown that an 85% reduction in training volume can improve short-term performance (see right column). In association with the improved performance the amount of muscle Na+/K+ pumps was elevated and the rate of accumulation of potassium during exercise was lowered, and it is speculated that this may","In a recent scientific study just published in the Journal of Applied Physiology, Bangsbo and co-workers demonstrate that by reducing the volume of training by 25% and introducing the so-called speed endurance training (6-12 30-s sprint runs 3-4 times a week), endurance trained runners can improve not only short-term but also long-term performance. -Runners: Train Less and Be Faster (Nov 2009) MY COMMENT: I'm not doing this! ""the runners improved their 10-km time by 1 min from 37.3 to 36.3 min after just 6-9 weeks of changed training. Six of the participating 12 runners obtained a new personal record on the 10-km"" Logic tells me this will help all the way up to the marathon distance!",exact_duplicate|near_duplicate|semantic_duplicate|same_template_different_content|related_but_both_valuable|false_positive|unclear
,shard_00055.parquet:25686,shard_00046.parquet:25698,1.0000005960464478,4368,4368,"PARIS - Scientists last Wednesday said they had unravelled the DNA of a horse that lived some 700,000 years ago, a record-breaking feat in the young field of palaeo-genomics. The ancient find indicates that all horses today, as well as donkeys and zebras, shared a common ancestor that lived some four million years ago, twice as early as thought. The breakthrough also raises hopes that many fossils deemed useless for DNA sampling may in fact be crammed with genetic treasure, researchers said. Reporting in the journal Nature, the team said the tale began 10 years ago, with the discovery of a piece of fossilised horse bone in the permafrost at a location called Thistle Creek, in Canada's Yukon territory. ""It's a piece of metapodial bone"" from the leg, said Ludovic Orlando, a French researcher at the Centre for Geogenetics at Denmark's Museum of Natural History. ""It's a fragment about 15 centimetres (six inches) long by eight centimetres (3.2 inches) wide."" Radiodating of the ground in which the bone was found indicates that the organic material there -- decomposed leaves and so on -- was deposited about 735,000 years ago. The sample had been astonishingly preserved in the deep chill -","PARIS - Scientists last Wednesday said they had unravelled the DNA of a horse that lived some 700,000 years ago, a record-breaking feat in the young field of palaeo-genomics. The ancient find indicates that all horses today, as well as donkeys and zebras, shared a common ancestor that lived some four million years ago, twice as early as thought. The breakthrough also raises hopes that many fossils deemed useless for DNA sampling may in fact be crammed with genetic treasure, researchers said. Reporting in the journal Nature, the team said the tale began 10 years ago, with the discovery of a piece of fossilised horse bone in the permafrost at a location called Thistle Creek, in Canada's Yukon territory. ""It's a piece of metapodial bone"" from the leg, said Ludovic Orlando, a French researcher at the Centre for Geogenetics at Denmark's Museum of Natural History. ""It's a fragment about 15 centimetres (six inches) long by eight centimetres (3.2 inches) wide."" Radiodating of the ground in which the bone was found indicates that the organic material there -- decomposed leaves and so on -- was deposited about 735,000 years ago. The sample had been astonishingly preserved in the deep chill -",exact_duplicate|near_duplicate|semantic_duplicate|same_template_different_content|related_but_both_valuable|false_positive|unclear
,shard_00000.parquet:40704,shard_00052.parquet:25383,0.9653447866439819,1437,997,"Scarlet fever is a disease caused by an infection with group A beta-hemolytic streptococcal bacteria that occurs in a small percentage of people with strep throat. The illness typically begins with a fever and sore throat. It may be accompanied by chills, vomiting, abdominal pain and malaise. The streptococcal bacteria produces a toxin that causes a rash that appears one to two days after the onset of illness. The rash initially appears on the neck and chest, then spreads over the body. While the rash is still red, the patient may develop Pastia's lines, bright red coloration of the creases under the arm and in the groin. |Review Date: 8/12/2008| Reviewed By: Linda Vorvick, MD, Seattle Site Coordinator, Lecturer, Pathophysiology, MEDEX Northwest Division of Physician Assistant Studies, University of Washington School of Medicine. Also reviewed by David Zieve, MD, MHA, Medical Director, A.D.A.M., Inc. The information provided herein should not be used during any medical emergency or for the diagnosis or treatment of any medical condition. A licensed medical professional should be consulted for diagnosis and treatment of any and all medical conditions. Call 911 for all medical emerge","OverviewScarlet fever is a disease caused by an infection with group A beta-hemolytic streptococcal bacteria that occurs in a small percentage of people with strep throat. The illness typically begins with a fever and sore throat. It may be accompanied by chills, vomiting, abdominal pain and malaise. The streptococcal bacteria produces a toxin that causes a rash that appears one to two days after the onset of illness. The rash initially appears on the neck and chest, then spreads over the body. While the rash is still red, the patient may develop Pastia's lines, bright red coloration of the creases under the arm and in the groin. Update Date 5/5/2014 Updated by: Linda J. Vorvick, MD, Medical Director and Director of Didactic Curriculum, MEDEX Northwest Division of Physician Assistant Studies, Department of Family Medicine, UW Medicine, School of Medicine, University of Washington, Seattle, WA. Also reviewed by David Zieve, MD, MHA, Isla Ogilvie, PhD, and the A.D.A.M. Editorial team.",exact_duplicate|near_duplicate|semantic_duplicate|same_template_different_content|related_but_both_valuable|false_positive|unclear
,shard_00008.parquet:3741,shard_00068.parquet:29090,0.9488236308097839,4752,5605,"Character analysis of elisa allen the chrysanthemums, written by john steinbeck, captures one day in the life of a woman who yearns for a more fulfilling life elisa is first portrayed as a woman. - symbolism in the chrysanthemums by john steinbeck at first glance john steinbeck's the chrysanthemums' seems to be a story of a woman whose niche is in the garden upon deeper inspection, the story reveals strong symbolisms of children, vulnerability, and connection--being the most important, of the main character. Sign in displaying steinbeck the chrysanthemumspdf. These papers were written primarily by students and provide critical analysis of the chrysanthemums by john steinbeck people's limitations in john steinbeck's the chrysanthemums symbolism in john steinbeck's the chrysanthemums. John steinbeck was the type of author who liked to know his material firsthand he was not content to narrate a story that had no basis in fact chrysanthemums. Analysis of character and setting: the chrysanthemums john steinbeck's the chrysanthemums shows the true feelings of the main character, elisa allen, through the use of setting and her interactions with other characters in the story by way of vivi","My analysis of the short story: “the chrysanthemums” the short story “the chrysanthemums” gives insight into the life of its author john steinbeck was born on february 27, 1902, in salinas, california. The chrysanthemums john steinbeck the chrysanthemums essays are academic essays for citation these papers were written primarily by students and provide critical analysis of the chrysanthemums by john steinbeck. John steinbeck's the chrysanthemums is a story that is full of symbolism after the first read, it might seem like an innocent tale about a woman and her garden after the first read, it might seem like an innocent tale about a woman and her garden. Essay on john steinbeck's the chrysanthemums 613 words | 3 pages “the chrysanthemums' and its symbolism john steinbeck uses symbolism to give alternate meanings to his short story “chrysanthemums'. Choose from 235 different sets of the chrysanthemums flashcards on quizlet symbolism uses a concrete image to convey something that is - john steinbeck in . Gender roles and expectations in the chrysanthemums the following is a literature review based on gender roles and expectations within the works of john steinbeck, the chrysanthemums",exact_duplicate|near_duplicate|semantic_duplicate|same_template_different_content|related_but_both_valuable|false_positive|unclear
,shard_00143.parquet:44504,shard_00065.parquet:23963,0.9880684018135071,1472,1568,"From autopsies, researchers have long known that some people die with sharp minds and perfect memories, but their brains riddled with the plaques and tangles of Alzheimer’s disease. New research shows that those people have a larger part of the brain called the hippocampus. The research will be presented at the American Academy of Neurology 60th Annual Meeting in Chicago, April 12 – April 19, 2008. “This larger hippocampus may protect these people from the effects of Alzheimer’s disease-related brain changes,” said study author Deniz Erten-Lyons, MD, with Oregon Health and Science University in Portland, and member of the American Academy of Neurology. “Hopefully this will lead us eventually to prevention strategies.” For the study, researchers evaluated the brains of 12 people who had sharp memories and thinking skills at the time of death, but whose autopsies showed a high amount of Alzheimer’s plaques. Their brains were compared to those of 23 people who had the same amount of plaques in their brains, but had been diagnosed with Alzheimer’s disease before death. Researchers found the volume of the hippocampus part of the brain was 20 percent greater in the cognitively intact gro","From autopsies, researchers have long known that some people die with sharp minds and perfect memories, but their brains riddled with the plaques and tangles of Alzheimer’s disease. New research shows that those people have a larger part of the brain called the hippocampus. The research will be presented at the American Academy of Neurology 60th Annual Meeting in Chicago, April 12 – April 19, 2008. “This larger hippocampus may protect these people from the effects of Alzheimer’s disease-related brain changes,” said study author Deniz Erten-Lyons, MD, with Oregon Health and Science University in Portland, and member of the American Academy of Neurology. “Hopefully this will lead us eventually to prevention strategies.” For the study, researchers evaluated the brains of 12 people who had sharp memories and thinking skills at the time of death, but whose autopsies showed a high amount of Alzheimer’s plaques. Their brains were compared to those of 23 people who had the same amount of plaques in their brains, but had been diagnosed with Alzheimer’s disease before death. Researchers found the volume of the hippocampus part of the brain was 20 percent greater in the cognitively intact gro",exact_duplicate|near_duplicate|semantic_duplicate|same_template_different_content|related_but_both_valuable|false_positive|unclear
,shard_00144.parquet:11365,shard_00080.parquet:47532,1.0000004768371582,3698,3698,"As you know, I’m always on the lookout for compelling new technologies. And lately, my research keeps drumming up opportunities in – no joke – the animal kingdom. You’ll recall, a few weeks ago we shared a video on how scientists are studying the helicopter-like turns made by pigeons for possible applications in the next generation of unmanned aircraft. Well, today I have two more animal videos to share… The first reveals the secrets of swarming bats and how their ability to dart and dive – without colliding – could be used in military applications. The second video takes us from theory to application. It shows a man-made hummingbird that can be used for high-tech spying. Don’t worry, though. This article isn’t just about birds and bats. At the end of it, I also share a compelling investment opportunity in the defense sector. Even in the wake of President Obama’s plan to cut more than $450 billion from the defense budget over the next 10 years, this company is positioned to prosper. So, in the words of the great sportscaster, Warner Wolf, “Let’s go to the videotape!” Then we’ll move on to what you really want – a timely investment opportunity. The “Batcopter” Takes Flight A researc","As you know, I’m always on the lookout for compelling new technologies. And lately, my research keeps drumming up opportunities in – no joke – the animal kingdom. You’ll recall, a few weeks ago we shared a video on how scientists are studying the helicopter-like turns made by pigeons for possible applications in the next generation of unmanned aircraft. Well, today I have two more animal videos to share… The first reveals the secrets of swarming bats and how their ability to dart and dive – without colliding – could be used in military applications. The second video takes us from theory to application. It shows a man-made hummingbird that can be used for high-tech spying. Don’t worry, though. This article isn’t just about birds and bats. At the end of it, I also share a compelling investment opportunity in the defense sector. Even in the wake of President Obama’s plan to cut more than $450 billion from the defense budget over the next 10 years, this company is positioned to prosper. So, in the words of the great sportscaster, Warner Wolf, “Let’s go to the videotape!” Then we’ll move on to what you really want – a timely investment opportunity. The “Batcopter” Takes Flight A researc",exact_duplicate|near_duplicate|semantic_duplicate|same_template_different_content|related_but_both_valuable|false_positive|unclear
,shard_00016.parquet:12279,shard_00041.parquet:16732,0.9690559506416321,2969,3235,"The Park's Aquatic World Most of the park’s larger streams begin as springs along the Appalachian Trail high on the crest of the Smokies. As these small streams travel down the mountainside, they are joined by others to form progressively larger waterways. As this happens, the streams change from steep, shady, rushing cascades, dotted with beautiful waterfalls at high elevations, to wider, slower-moving waterways with gentle gradients at lower elevations. The forest canopy no longer completely covers lower elevation streams. These changes in the stream channel, coupled with changes in water chemistry, bedrock composition, and water temperatures determine the distribution of fish species within the watershed. For example, the headwaters of streams above 3,000 ft. in elevation are inhabited by native brook trout. Downstream, non-native rainbow trout mix with brook trout for short distances. As the streams become larger, rainbow and brown trout become dominant and native non-game fish become part of the community. Further downstream, close to the park boundary, as the waterways become more open and warmer, the fish community shifts from being dominated by trout to one that is dominate","The Park's Aquatic World Most of the park’s larger streams begin as springs along the Appalachian Trail high on the crest of the Smokies. As these small streams travel down the mountainside, they are joined by others to form progressively larger waterways. As this happens, the streams change from steep, shady, rushing cascades, dotted with beautiful waterfalls at high elevations, to wider, slower-moving waterways with gentle gradients at lower elevations. The forest canopy no longer completely covers lower elevation streams. These changes in the stream channel, coupled with changes in water chemistry, bedrock composition, and water temperatures determine the distribution of fish species within the watershed. For example, the headwaters of streams above 3,000 ft. in elevation are inhabited by native brook trout. Downstream, non-native rainbow trout mix with brook trout for short distances. As the streams become larger, rainbow and brown trout become dominant and native non-game fish become part of the community. Further downstream, close to the park boundary, as the waterways become more open and warmer, the fish community shifts from being dominated by trout to one that is dominate",exact_duplicate|near_duplicate|semantic_duplicate|same_template_different_content|related_but_both_valuable|false_positive|unclear
,shard_00116.parquet:48075,shard_00005.parquet:40323,0.911559522151947,8259,5044,"There is one fundamental element that is absolutely necessary for an isolationist foreign policy. Isolation. Isolationism without physical isolation is as much good as belligerence without an army to back it up. As far back as 1897 and long before any American involvement in Europe, Operational Plan Three called for shelling New York and seizing parts of Virginia, as a staging base for attacks on Washington and Baltimore. Plans were drawn up in Germany for the occupation of Boston and Philadelphia. Vice-Admiral August Thomsen wrote, ""At the moment every thinking German officer is occupied with the consequences of a belligerent conflict between Germany and the United States of America."" No American politician was thinking the same thing. America had not intervened in any European wars and had no interest in Germany. But that didn't matter. The Kasier wanted to seize parts of the hemisphere and that meant breaking the dominant power in the region. America's weak fleet made it seem like an easy target. That is the most important part of the equation that isolationists fail to include in their calculations. Regardless of our foreign policy, we are still a target. Whatever our calculati","an always well written piece by daniel greenfield of sultan kinish There is one fundamental element that is absolutely necessary for an isolationist foreign policy. Isolation. Isolationism without physical isolation is as much good as belligerence without an army to back it up. American isolationism might have been feasible during WW1 when its neighbors were either friendly or no threat, there was no danger from the Pacific and a fleet crossing the Atlantic seemed unlikely. Though it wasn’t so unlikely even then. As far back as 1897 and long before any American involvement in Europe, Operational Plan Three called for shelling New York and seizing parts of Virginia, as a staging base for attacks on Washington and Baltimore. Plans were drawn up in Germany for the occupation of Boston and Philadelphia. Vice-Admiral August Thomsen wrote, “At the moment every thinking German officer is occupied with the consequences of a belligerent conflict between Germany and the United States of America.” No American politician was thinking the same thing. America had not intervened in any European wars and had no interest in Germany. But that didn’t matter. The Kasier wanted to seize parts of the he",exact_duplicate|near_duplicate|semantic_duplicate|same_template_different_content|related_but_both_valuable|false_positive|unclear
,shard_00002.parquet:16502,shard_00025.parquet:29260,1.0000004768371582,4051,4051,"Flashcards in Pediatric Oncology Nutritional Management-Chapter 15 Deck (18): What are the most common Childhood Brain and spinal cord Hodgkin's and Non-Hodgkin's lymphoma Bone cancers including osteosarcoma and Ewing's sarcoma Because of research in consistencies, usual energy needs per age of children should be assumed, suggesting that the____maybe the MOST APPROPRIATE TOOL for estimating energy needs in NORMAL-WEIGHT children with cancer or Dietary Reference Intakes for estimated energy requirements (EER) for children For children and adolescents less than 20 years of age__________are used to diagnose overweight and obesity BMI-for-age growth charts When possible, energy requirements of obese pediatric patients should be accessed via indirect calorimetry Body mass index should be used to screen children for obesity BMI for age at or above gender-specific_____percentile reflects obesity. A BMI between the_____and the_______percentile reflects an overweight status. 85th and 95th percentile. What type of Childhood Cancer is it common to find obesity in the children, particularly in those who have received cranial irradiation? Survivors of ALL Are the energy needs of children with c","Flashcards in Pediatric Oncology Nutritional Management-Chapter 15 Deck (18): What are the most common Childhood Brain and spinal cord Hodgkin's and Non-Hodgkin's lymphoma Bone cancers including osteosarcoma and Ewing's sarcoma Because of research in consistencies, usual energy needs per age of children should be assumed, suggesting that the____maybe the MOST APPROPRIATE TOOL for estimating energy needs in NORMAL-WEIGHT children with cancer or Dietary Reference Intakes for estimated energy requirements (EER) for children For children and adolescents less than 20 years of age__________are used to diagnose overweight and obesity BMI-for-age growth charts When possible, energy requirements of obese pediatric patients should be accessed via indirect calorimetry Body mass index should be used to screen children for obesity BMI for age at or above gender-specific_____percentile reflects obesity. A BMI between the_____and the_______percentile reflects an overweight status. 85th and 95th percentile. What type of Childhood Cancer is it common to find obesity in the children, particularly in those who have received cranial irradiation? Survivors of ALL Are the energy needs of children with c",exact_duplicate|near_duplicate|semantic_duplicate|same_template_different_content|related_but_both_valuable|false_positive|unclear
,shard_00152.parquet:38567,shard_00019.parquet:39243,0.9994654655456543,6415,6413,"In CADP, BES is also a text file format to represent Boolean Equation Systems. false), and binary operators of disjunction ( or) and conjunction ( Without loss of generality, it is assumed that each boolean formula is either purely disjunctive (i.e., contains only or operators), or purely conjunctive (i.e., contains only and operators). Formulas containing both operators can be easily eliminated by introducing auxiliary variables. The true) is considered as a disjunctive (resp. conjunctive) A boolean variable is said to be defined by an equation if this variable occurs on the left-hand side of this equation. A boolean variable is said to be defined in a block if it is defined by an equation of this block. Each boolean variable occurring on the right-hand side of an equation in a BES must be defined by some equation of this BES (but not necessarily in the same block). Multiple definitions of a variable are forbidden, i.e., a variable is defined by at most one equation. Recursive definitions of a variable are allowed (e.g., a variable occurs both on the left- and right-hand side of the same equation). A boolean variable defined by an equation is disjunctive (resp. conjunctive) if the","In CADP, BES is also a text file format to represent Boolean Equation Systems. false), and binary operators of disjunction ( or) and conjunction ( Without loss of generality, it is assumed that each boolean formula is either purely disjunctive (i.e., contains only or operators), or purely conjunctive (i.e., contains only and operators). Formulas containing both operators can be easily eliminated by introducing auxiliary variables. The true) is considered as a disjunctive (resp. conjunctive) A boolean variable is said to be defined by an equation if this variable occurs on the left-hand side of this equation. A boolean variable is said to be defined in a block if it is defined by an equation of this block. Each boolean variable occurring on the right-hand side of an equation in a BES must be defined by some equation of this BES (but not necessarily in the same block). Multiple definitions of a variable are forbidden, i.e., a variable is defined by at most one equation. Recursive definitions of a variable are allowed (e.g., a variable occurs both on the left- and right-hand side of the same equation). A boolean variable defined by an equation is disjunctive (resp. conjunctive) if the",exact_duplicate|near_duplicate|semantic_duplicate|same_template_different_content|related_but_both_valuable|false_positive|unclear
,shard_00086.parquet:49246,shard_00100.parquet:44911,0.9980604648590088,3014,2996,"Please use the quick links below to navigate to a specific topic: Daily operations at an airport are divided into two groups: airside operations and landside operations. This webpage concentrates on airside operations, meaning airport operations that take place within the airport security fence and on the airfield. Chicago Midway International Airport (Midway) has five runways which are listed below. The runway numbers are magnetic compass headings that an aircraft landing or taking off would use, so a runway numbered 9-27 faces east to west (compass heading of 90° and 270°). Click here to see an exhibit depicting annual aircraft operations at Midway. Helicopter operations at Midway (both helicopter arrivals and helicopter departures) and their associated noise impacts are tracked by our Airport Noise Management System. Click here to see an exhibit depicting locations of Midway helicopter operations. Helicopters are only regulated by the Midway Air Traffic Control Tower (Midway Tower) if the helicopters fly into or out of Midway. Other helicopter operations within the Chicago metropolitan airspace are regulated by a Federal Aviation Administration (FAA) office called the Greater Ch","Please use the quick links below to navigate to a specific topic: Daily operations at an airport are divided into two groups: airside operations and landside operations. This webpage concentrates on airside operations, meaning airport operations that take place within the airport security fence and on the airfield. Chicago Midway International Airport (Midway) has five runways which are listed below. The runway numbers are magnetic compass headings that an aircraft landing or taking off would use, so a runway numbered 9-27 faces east to west (compass heading of 90° and 270°). Click here to see an exhibit depicting annual aircraft operations at Midway. Helicopter operations at Midway (both helicopter arrivals and helicopter departures) and their associated noise impacts are tracked by our Airport Noise Management System. Click here to see an exhibit depicting locations of Midway helicopter operations. Helicopters are only regulated by the Midway Air Traffic Control Tower (Midway Tower) if the helicopters fly into or out of Midway. Other helicopter operations within the Chicago metropolitan airspace are regulated by a Federal Aviation Administration (FAA) office called the DuPage Fli",exact_duplicate|near_duplicate|semantic_duplicate|same_template_different_content|related_but_both_valuable|false_positive|unclear
,shard_00016.parquet:13534,shard_00142.parquet:40980,1.0000001192092896,5067,5067,"The Washington Post’s two recent articles, “Farm Program Pays $1.3 Billion to People Who Don’t Farm” (July 2, 2006) and “Growers Reap Benefits Even in Good Years,” (July 3, 2006) point out some examples of problems with the current farm program —non-farmers receiving “direct payments” on subdivided housing tracts that were once part of farm fields and farmers who receive substantial loan deficiency payments on a crop that sells for more than the loan rate.?? It would be very easy for someone unacquainted with crop agriculture and who reads these articles to jump on the “eliminate farm programs” bandwagon. After all, from the anecdotes in the articles it doesn’t seem like the direct payments and the loan deficiency payments (LDP) make much sense.?? On that point we agree. Direct Payments, based on calculations using the crop grown and the historic acreage planted, are paid to farmers whether or not they plant a crop, have suffered a disaster, or met their costs of production. These payments are called “non-trade-distorting” under the rules of the World Trade Organization because they are believed to not affect production volume or crop choice.?? When these direct payments were initi","The Washington Post’s two recent articles, “Farm Program Pays $1.3 Billion to People Who Don’t Farm” (July 2, 2006) and “Growers Reap Benefits Even in Good Years,” (July 3, 2006) point out some examples of problems with the current farm program —non-farmers receiving “direct payments” on subdivided housing tracts that were once part of farm fields and farmers who receive substantial loan deficiency payments on a crop that sells for more than the loan rate.?? It would be very easy for someone unacquainted with crop agriculture and who reads these articles to jump on the “eliminate farm programs” bandwagon. After all, from the anecdotes in the articles it doesn’t seem like the direct payments and the loan deficiency payments (LDP) make much sense.?? On that point we agree. Direct Payments, based on calculations using the crop grown and the historic acreage planted, are paid to farmers whether or not they plant a crop, have suffered a disaster, or met their costs of production. These payments are called “non-trade-distorting” under the rules of the World Trade Organization because they are believed to not affect production volume or crop choice.?? When these direct payments were initi",exact_duplicate|near_duplicate|semantic_duplicate|same_template_different_content|related_but_both_valuable|false_positive|unclear
,shard_00115.parquet:1850,shard_00014.parquet:37074,1.000000238418579,5176,5176,"These devastating images reveal the chaos caused by the Galveston Hurricane of 1900, the deadliest natural disaster in American history. On September 8, 1900, the coastal city of Galveston, Texas, was hit by a hurricane like none that the United States had ever experienced before. Winds of 120 miles per hour slammed the city with flying debris that cut through homes like shrapnel. Waves crashed onto the streets, leaving the city 15 feet underwater at one point. And, worst of all, virtually nobody had the foresight to evacuate. Galvestonians had experienced ocean floodwaters from storms before, but they hadn't ever done much more than board up windows and build beach houses up off the ground as prevention. This lack of preparation would cost them dearly. The Galveston Hurricane of 1900 remains the deadliest natural disaster in modern U.S. history, leaving behind an estimated death toll of 6 to 12 thousand people and creating half a billion dollars in damages. Warnings Ignored, Telegraph Lines Destroyed, And Calamity In The Making The first sign that trouble was coming occurred on August 27, when a ship traveling 1,000 miles off the coast of the West Indies reported ""unsettled"" weath","These devastating images reveal the chaos caused by the Galveston Hurricane of 1900, the deadliest natural disaster in American history. On September 8, 1900, the coastal city of Galveston, Texas, was hit by a hurricane like none that the United States had ever experienced before. Winds of 120 miles per hour slammed the city with flying debris that cut through homes like shrapnel. Waves crashed onto the streets, leaving the city 15 feet underwater at one point. And, worst of all, virtually nobody had the foresight to evacuate. Galvestonians had experienced ocean floodwaters from storms before, but they hadn't ever done much more than board up windows and build beach houses up off the ground as prevention. This lack of preparation would cost them dearly. The Galveston Hurricane of 1900 remains the deadliest natural disaster in modern U.S. history, leaving behind an estimated death toll of 6 to 12 thousand people and creating half a billion dollars in damages. Warnings Ignored, Telegraph Lines Destroyed, And Calamity In The Making The first sign that trouble was coming occurred on August 27, when a ship traveling 1,000 miles off the coast of the West Indies reported ""unsettled"" weath",exact_duplicate|near_duplicate|semantic_duplicate|same_template_different_content|related_but_both_valuable|false_positive|unclear
,shard_00121.parquet:39951,shard_00133.parquet:46705,1.0000004768371582,3397,3397,"A spiral into years or a life of drug abuse can be mentally and physically destructive, but what if sugar addiction reaped the same consequences? Amid the United States obesity epidemic — as well as increasing rates of diabetes and heart disease — researchers are beginning to see sugar addiction in a new light: as something nearly as damaging to health as drug dependence. In a new study out of Queensland University of Technology (QUT) in Australia, researchers suggest that in the future, sugar addiction may be treated the same way as drug addiction. Their research showed that rats addicted to sugar could be treated with nicotine addiction drugs. Like alcohol and drug addiction, consuming high levels of sugar increases dopamine levels and activates the same reward pathways in the brain. “Excess sugar consumption has been proven to contribute directly to weight gain,” Professor Selena Bartlett of QUT’s Institute of Health and Biomedical Innovation, an author of the study, said in the press release. “It has also been shown to repeatedly elevate dopamine levels which control the brain’s reward and pleasure centers in a way that is similar to many drugs of abuse including tobacco, cocai","A spiral into years or a life of drug abuse can be mentally and physically destructive, but what if sugar addiction reaped the same consequences? Amid the United States obesity epidemic — as well as increasing rates of diabetes and heart disease — researchers are beginning to see sugar addiction in a new light: as something nearly as damaging to health as drug dependence. In a new study out of Queensland University of Technology (QUT) in Australia, researchers suggest that in the future, sugar addiction may be treated the same way as drug addiction. Their research showed that rats addicted to sugar could be treated with nicotine addiction drugs. Like alcohol and drug addiction, consuming high levels of sugar increases dopamine levels and activates the same reward pathways in the brain. “Excess sugar consumption has been proven to contribute directly to weight gain,” Professor Selena Bartlett of QUT’s Institute of Health and Biomedical Innovation, an author of the study, said in the press release. “It has also been shown to repeatedly elevate dopamine levels which control the brain’s reward and pleasure centers in a way that is similar to many drugs of abuse including tobacco, cocai",exact_duplicate|near_duplicate|semantic_duplicate|same_template_different_content|related_but_both_valuable|false_positive|unclear
,shard_00124.parquet:35989,shard_00067.parquet:5271,0.9999997615814209,1528,1528,"PHILADELPHIA (CBS) – A new study confirms what dog owners have always known: Dogs have feelings, too. In the study, researcher Gregory Berns, a professor of neuroeconomics at Emory University, trained two dogs to undergo MRIs while awake and unrestrained. He and his colleagues then used hand signals – one that indicated a food reward and one that indicated no reward – while measuring the dog’s brain activity. According to Berns, what the study’s authors discovered was that the structure and function of the caudate nucleus is similar in both dogs and humans. In humans, the caudate activates when we anticipate things we enjoy, such as food or spending time with a loved one. “In dogs, we found that activity in the caudate increased in response to hand signals indicating food. The caudate also activated to the smells of familiar humans. And in preliminary tests, it activated to the return of an owner who had momentarily stepped out of view,” Berns writes in an article entitled “Dogs Are People, Too” for the New York Times. “Do these findings prove that dogs love us? Not quite. But many of the same things that activate the human caudate, which are associated with positive emotions, also","PHILADELPHIA (CBS) – A new study confirms what dog owners have always known: Dogs have feelings, too. In the study, researcher Gregory Berns, a professor of neuroeconomics at Emory University, trained two dogs to undergo MRIs while awake and unrestrained. He and his colleagues then used hand signals – one that indicated a food reward and one that indicated no reward – while measuring the dog’s brain activity. According to Berns, what the study’s authors discovered was that the structure and function of the caudate nucleus is similar in both dogs and humans. In humans, the caudate activates when we anticipate things we enjoy, such as food or spending time with a loved one. “In dogs, we found that activity in the caudate increased in response to hand signals indicating food. The caudate also activated to the smells of familiar humans. And in preliminary tests, it activated to the return of an owner who had momentarily stepped out of view,” Berns writes in an article entitled “Dogs Are People, Too” for the New York Times. “Do these findings prove that dogs love us? Not quite. But many of the same things that activate the human caudate, which are associated with positive emotions, also",exact_duplicate|near_duplicate|semantic_duplicate|same_template_different_content|related_but_both_valuable|false_positive|unclear
,shard_00051.parquet:22927,shard_00099.parquet:18787,1.0000005960464478,2275,2275,"All too easily, we mistakenly assume that everyone else is honest, intelligent, and trying to do the right thing, just like us. In reality, some people are outright evil. Similarly, a psychopath thinks that everyone else is evil like himself. When a psychopath sees an honest and intelligent person asking questions or giving logical explanations, he believes that it is an evil manipulation trick. By David Robson 7 September 2015 This story is part of BBC Future’s “Best of 2015” list, the greatest hits of the year. Browse the full list. How does one go about detecting a liar? One approach would be to focus on body language or eye movements, right? It would have been a bad idea. Study after study has found that attempts – even by trained police officers – to read lies from body language and facial expressions are more often little better than chance. You might as well just flip a coin. According to one study, just 50 out of 20,000 people managed to make a correct judgement with more than 80% accuracy. There are other more effective ways to identify the fakers in the vast majority of cases. The secret? To throw away many of the accepted cues to deception and start anew with some startl","All too easily, we mistakenly assume that everyone else is honest, intelligent, and trying to do the right thing, just like us. In reality, some people are outright evil. Similarly, a psychopath thinks that everyone else is evil like himself. When a psychopath sees an honest and intelligent person asking questions or giving logical explanations, he believes that it is an evil manipulation trick. By David Robson 7 September 2015 This story is part of BBC Future’s “Best of 2015” list, the greatest hits of the year. Browse the full list. How does one go about detecting a liar? One approach would be to focus on body language or eye movements, right? It would have been a bad idea. Study after study has found that attempts – even by trained police officers – to read lies from body language and facial expressions are more often little better than chance. You might as well just flip a coin. According to one study, just 50 out of 20,000 people managed to make a correct judgement with more than 80% accuracy. There are other more effective ways to identify the fakers in the vast majority of cases. The secret? To throw away many of the accepted cues to deception and start anew with some startl",exact_duplicate|near_duplicate|semantic_duplicate|same_template_different_content|related_but_both_valuable|false_positive|unclear
,shard_00046.parquet:35173,shard_00091.parquet:13459,0.9999998211860657,53204,53204,"Chapter 4: Attention, Discrimination, and Association James Rowland Angell Consciousness and Attention -- We announced our purpose at the outset to adopt a biological point of view in our psychological study, and to attempt at every step to see just how the mind aids in the adjustment of the psychophysical human organism to its environment. If we turn from the merely general statement that the fundamental function of consciousness is to better such adaptive activities, and observe any specific instances of the process of adaptation itself, we shall always find that the actual work of accommodation is going on at the point which we call the point of attention. Attention, we shall accordingly discover, represents the very heart of consciousness, its most important centre of vitality. It therefore deserves our careful notice. In a vague fashion we all recognise this rudimentary significance of attention. Thus we speak of the awakening of the new-born infant's mind when we first see signs that the child is attending to something. Moreover, we roughly measure the growth of children in intellectual maturity and power by their increasing ability to give prolonged attention to definite tra","Chapter 4: Attention, Discrimination, and Association James Rowland Angell Consciousness and Attention -- We announced our purpose at the outset to adopt a biological point of view in our psychological study, and to attempt at every step to see just how the mind aids in the adjustment of the psychophysical human organism to its environment. If we turn from the merely general statement that the fundamental function of consciousness is to better such adaptive activities, and observe any specific instances of the process of adaptation itself, we shall always find that the actual work of accommodation is going on at the point which we call the point of attention. Attention, we shall accordingly discover, represents the very heart of consciousness, its most important centre of vitality. It therefore deserves our careful notice. In a vague fashion we all recognise this rudimentary significance of attention. Thus we speak of the awakening of the new-born infant's mind when we first see signs that the child is attending to something. Moreover, we roughly measure the growth of children in intellectual maturity and power by their increasing ability to give prolonged attention to definite tra",exact_duplicate|near_duplicate|semantic_duplicate|same_template_different_content|related_but_both_valuable|false_positive|unclear
,shard_00017.parquet:32833,shard_00152.parquet:53144,1.0000001192092896,1188,1188,"Land, south, herbivore, confident, active Monkeys are intelligent and inquisitive, easy to train, have very vast knowledge and an excellent memory. Lack of physical activity is simply contraindicated to Monkeys. Without sports, Monkeys wither away, mope, and even get sick. Monkeys have their own way of getting out of a conflict situation. They use their sense of humor while reducing the degree of aggression and winning over the conflict participants. The Monkey, despite their outward gaiety, thinks seriously, has a sharp mind and agile thinking style. Such people are generous but they do not miss out on benefits. The Monkey has enormous potential, so not to waste it in vain, not to spread their resources thinly on many things, they just need a little discipline and self-organization. Monkeys are real artists who have emotional facial expressions, so Monkeys can easily succeed in entertainment occupations such as singer, TV host or comedian. And their sociability and ability to find an approach to other people can serve them as a reason for choosing such jobs as a coach or manager. Such people can cope with any task. Only routine mechanical work is unlikely to suit them.","Land, south, herbivore, confident, active Monkeys are intelligent and inquisitive, easy to train, have very vast knowledge and an excellent memory. Lack of physical activity is simply contraindicated to Monkeys. Without sports, Monkeys wither away, mope, and even get sick. Monkeys have their own way of getting out of a conflict situation. They use their sense of humor while reducing the degree of aggression and winning over the conflict participants. The Monkey, despite their outward gaiety, thinks seriously, has a sharp mind and agile thinking style. Such people are generous but they do not miss out on benefits. The Monkey has enormous potential, so not to waste it in vain, not to spread their resources thinly on many things, they just need a little discipline and self-organization. Monkeys are real artists who have emotional facial expressions, so Monkeys can easily succeed in entertainment occupations such as singer, TV host or comedian. And their sociability and ability to find an approach to other people can serve them as a reason for choosing such jobs as a coach or manager. Such people can cope with any task. Only routine mechanical work is unlikely to suit them.",exact_duplicate|near_duplicate|semantic_duplicate|same_template_different_content|related_but_both_valuable|false_positive|unclear
,shard_00108.parquet:10925,shard_00097.parquet:21922,0.9514251351356506,1632,1777,"Cherry Eye in Pets A prolapsed gland of the eyelid (or, “cherry eye”) refers to a pink mass that protrudes from an animal’s eyelid. Usually, the gland development is anchored by an attachment that is made up of fibrous material. This condition occurs in both cats and dogs—however it mostly affects younger pets. How Can I Identify Cherry Eye in Pets? The most common sign of cherry eye is an oval mass that protrudes from your pet’s third eyelid. This can occur in both eyes or just one eye and can be accompanied by irritation and swelling. What Causes Cherry Eye? This condition is often associated with a congenital weakness of the gland’s attachment to the pet’s eye. It is unknown however, if this condition is inherited. For cats, cherry eye can happen to any breed, however it is more commonly seen in Burmese or Persian cats. How is Cherry Eye Diagnosed? Your veterinarian will review the mass in your pet’s third eyelid to see if there are any underlying causes for the condition. The diagnosis for the prolapsed gland could be everted or scrolled cartilage in the third eyelid, a prolapse of fat in the pet’s eye or abnormal cells in the third eye. What is the Treatment for Cherry Eye? A","Prolapsed Gland of the Third Eyelid in Cats Prolapsed gland of the eyelid, also known as “cherry eye,” refers to a pink mass protruding from the cat's eyelid. Normally, the gland development is anchored by an attachment made up of fibrous material. This medical condition occurs in both dogs and cats, although it typically affects younger animals. If you would like to learn how this disease affects dogs,please visit this page in the PetMD health library. Symptoms and Types The most common sign of “cherry eye” is an oval mass protruding from the cat's third eyelid. It can occur in one or both eyes, and may be accompanied by swelling and irritation. “Cherry eye” is most commonly associated with a congenital weakness of the gland's attachment in the cat's eye. However, it is not known whether the condition is inherited. While this medical condition can occur in any breed, it is more common in Burmese or Persian cats. The veterinarian will review the mass in the cat's third eyelid and determine if there is an underlying cause for the condition. The diagnosis of the prolapsed gland could be scrolled or everted cartilage in the third eyelid, abnormal cells in the third eye, or a prolapse",exact_duplicate|near_duplicate|semantic_duplicate|same_template_different_content|related_but_both_valuable|false_positive|unclear
,shard_00048.parquet:21663,shard_00014.parquet:46042,0.9253771305084229,3754,2342,"Phaeacians were the mythic people who listened to the war veteran Odysseus on his way home from war. After 10 years of war and 10 years of thwarted homecoming it was the Phaeacians who finally helped Odysseus return home. This blog records notes from my ongoing study of modern day Phaeacians - civilians who make a point of listening deeply to the narratives of war veterans. It explores an old idea - that there is an important and necessary relationship between warriors and the communities of people that send them to war. The project asks, what happens or how are we changed (if at all) by listening to military and war veterans? It includes my observations and interviews with modern day Phaeacians and my own experience of listening to war veterans. Saturday, November 26, 2011 A military apart The November 21, 2011 cover story in Time magazine claims that the U.S. military and American society are drifting apart. The article explains, “It's tough inside the civilian world to discern the drift. But troops in all the military services sense it, smell it -- and talk about it. So do their superiors. We have a professional military of volunteers that has been stoically at war for more than","Phaeacians were the mythic people who listened to the war veteran Odysseus on his way home from war. After 10 years of war and 10 years of thwarted homecoming it was the Phaeacians who finally helped Odysseus return home. This blog records notes from my ongoing study of modern day Phaeacians - civilians who make a point of listening deeply to the narratives of war veterans. It explores an old idea - that there is an important and necessary relationship between warriors and the communities of people that send them to war. The project asks, what happens or how are we changed (if at all) by listening to military and war veterans? It includes my observations and interviews with modern day Phaeacians and my own experience of listening to war veterans. Friday, November 4, 2011 The journey begins In 2009, as part of graduate education fieldwork, I attended a four-day retreat for returning war veterans as a civilian witness. The role of witness is one of listening deeply to the veterans’ narratives of war. At the end of the retreat a tall ex-Army master sergeant lifted me off the ground in a giant bear hug and said, “Thanks man, for listening.” As I returned the hug, I found myself saying,",exact_duplicate|near_duplicate|semantic_duplicate|same_template_different_content|related_but_both_valuable|false_positive|unclear
,shard_00071.parquet:6154,shard_00162.parquet:20419,0.9072807431221008,20211,16086,"Structuring the Five-Paragraph Essay: Examples of Five-Paragraph Essays - Examples of Five-Paragraph Essays This grammar review site includes detailed terms, interactive exercises, handouts, PowerPoints, daily Twitter practice, videos, teacher resources, and more! Sample of a Persuasive / Argumentative Five-Paragraph Essay A cat is a man's best friend. This model essay is a good example of an Argumentative (or Persuasive) Essay. - A Cat is a A Man's Best Friend Compare & Contrast / Argument (Persuasive) Essay SAMPLE PROCESS ESSAY - Sample Process Essay with NOTES - << Previous: Home - Last Updated: Dec 11, 2023 3:53 PM - URL: https://monroecollege.libguides.com/5_Par_Essay - Research Guides | - Databases | The Ultimate Guide to the 5-Paragraph Essay PeopleImages / Getty Images - M.Ed., Education Administration, University of Georgia - B.A., History, Armstrong State University A five-paragraph essay is a prose composition that follows a prescribed format of an introductory paragraph, three body paragraphs, and a concluding paragraph, and is typically taught during primary English education and applied on standardized testing throughout schooling. Learning to write a high-quality fiv","• 2nd general example o Specific details that. Some students may find this to be a simple process, while others may spend a greater amount of time understanding this basic building block of college writing. In Defense of the Five- Paragraph Essay | We Teach We Learn. The introduction will “ push” into or.The advantages of the five paragraph essay are that it provides structure for students and that it aids students in developing topics in sufficient depth. Learning the steps for composing a well- written five paragraph essay can help all students improve their writing. IHAvE BEEN teaching writing as part of my classes for several years now, and have like many teachers come across a wide range of abilities and problems. 5 Paragraph essay - Whatcom Literacy Council Five- Paragraph Essay Model. Please, pretty please with a cherry on top! What information does NOT belong in the introduction? In my freshman college class, I had to do a peer review of another students essay. – Composition Theory. I guarantee that they will beg to write ( a little show and tell never hurts either! Five paragraph essay outline # 1 College Homework Help and. If you master the five paragraph essay, your writ",exact_duplicate|near_duplicate|semantic_duplicate|same_template_different_content|related_but_both_valuable|false_positive|unclear
,shard_00133.parquet:41766,shard_00167.parquet:41303,1.000000238418579,868,868,"Date: Thu Feb 15 10:55:05 2007 Author: Bernard Cleyet Subject: Re: Incandescent Bulb Destruction and Uses Of course one should monitor the currents w/ and w/o the magnet either by inserting low value resistors or coils. Some scopes come w/ a current probe and a front panel calibrator. Jerry DiMarco wrote: > I didn't know magnets are used for arc suppression, but that's > the answer. Since the bulb is in parallel with the coil, if you > suppress the arc more current is forced through the bulb. That's why > it burns out. This also makes me wonder what the back emf does to the > power supply. You would want to have something hefty to handle the > surge. Is that why he put the magnet over the switch? > At 04:16 PM 2/14/2007, you wrote: >> From: WC Maddox >> No change to method. A string is attached to switch handle to open it >> quickly with or without magnet.","Date: Thu Feb 15 10:55:05 2007 Author: Bernard Cleyet Subject: Re: Incandescent Bulb Destruction and Uses Of course one should monitor the currents w/ and w/o the magnet either by inserting low value resistors or coils. Some scopes come w/ a current probe and a front panel calibrator. Jerry DiMarco wrote: > I didn't know magnets are used for arc suppression, but that's > the answer. Since the bulb is in parallel with the coil, if you > suppress the arc more current is forced through the bulb. That's why > it burns out. This also makes me wonder what the back emf does to the > power supply. You would want to have something hefty to handle the > surge. Is that why he put the magnet over the switch? > At 04:16 PM 2/14/2007, you wrote: >> From: WC Maddox >> No change to method. A string is attached to switch handle to open it >> quickly with or without magnet.",exact_duplicate|near_duplicate|semantic_duplicate|same_template_different_content|related_but_both_valuable|false_positive|unclear
,shard_00088.parquet:44769,shard_00044.parquet:11392,1.0000009536743164,1439,1439,"- A wattery landscape Since the Neolithic Era, a large portion of what we eat is the result of agriculture. At Lattara – as in other areas in the south of France – the land around the town was used for growing grain, fruit and vegetables. The Lattarenses put most of their efforts into growing grain, particularly barley and wheat. Einkorn wheat and millet were also grown, especially after 450 BCE, but oats seem to have been absent. Leguminous plants were widespread, as well – lentils, peas, broad beans, sweet pea and – to a lesser extent – chickpeas, vetch and alfalfa. Threshing areas were probably located outside the town, near the fields under cultivation. Grapes were also grown. Wine-making is attested as of the fifth century BCE, but it was not until the third century BCE that this activity developed strongly, as shown by the traces of vineyards found during excavations at the site of Port Ariane. It was also at this time that grapeseeds are found in great quantities, mainly in domestic waste. We also have evidence of fruit-growing; in addition to grapes, olives, figs and coriander appeared in the fourth century BCE. Olives were used particularly for making oil. More recent arch","- A wattery landscape Since the Neolithic Era, a large portion of what we eat is the result of agriculture. At Lattara – as in other areas in the south of France – the land around the town was used for growing grain, fruit and vegetables. The Lattarenses put most of their efforts into growing grain, particularly barley and wheat. Einkorn wheat and millet were also grown, especially after 450 BCE, but oats seem to have been absent. Leguminous plants were widespread, as well – lentils, peas, broad beans, sweet pea and – to a lesser extent – chickpeas, vetch and alfalfa. Threshing areas were probably located outside the town, near the fields under cultivation. Grapes were also grown. Wine-making is attested as of the fifth century BCE, but it was not until the third century BCE that this activity developed strongly, as shown by the traces of vineyards found during excavations at the site of Port Ariane. It was also at this time that grapeseeds are found in great quantities, mainly in domestic waste. We also have evidence of fruit-growing; in addition to grapes, olives, figs and coriander appeared in the fourth century BCE. Olives were used particularly for making oil. More recent arch",exact_duplicate|near_duplicate|semantic_duplicate|same_template_different_content|related_but_both_valuable|false_positive|unclear
