label,removed_doc_id,root_doc_id,similarity_score,removed_char_len,root_char_len,removed_preview,root_preview,allowed_labels
,shard_00118.parquet:47000,shard_00150.parquet:9014,0.9947300553321838,4318,4296,"Amyotrophic Lateral Sclerosis Amyotrophic lateral sclerosis (ALS) is a progressive nervous system disorder. It gradually destroys the neurons responsible for muscle movement. Specifically, it affects the upper and lower motor neurons. Over time, ALS leads to almost total paralysis of muscle movement, including breathing. Eventually, the disorder leads to respiratory failure. |The Nervous System| |Copyright © Nucleus Medical Media, Inc.| The cause of ALS is unknown. Genes may play a role. Factors that may increase your chance of ALS include: - Having a family member with ALS - Being in the military or having other occupations with risk of exposure - Having certain genetic mutations Symptoms of ALS include: - Progressive weakness in arms and legs - Wrist or foot drop - Difficulty holding things - Frequent tripping while walking - Muscle twitching—fasciculations - Unpredictable and changing emotions—pseudobulbar affect - Slurred speech—dysarthria - Hoarseness and coughing - Trouble chewing and swallowing, resulting in frequent choking and gagging - Weight loss due to trouble eating - Trouble breathing - Excess salivation, drooling You will be asked about your symptoms and medical hist","Amyotrophic Lateral Sclerosis Amyotrophic lateral sclerosis (ALS) is a progressive nervous system disorder. It gradually destroys the neurons responsible for muscle movement. Specifically, it affects the upper and lower motor neurons. Over time, ALS leads to almost total paralysis of muscle movement, including breathing. Eventually, the disorder leads to respiratory failure. |The Nervous System| |Copyright © Nucleus Medical Media, Inc.| The cause of ALS is unknown. Genes may play a role. Factors that may increase your chance of ALS include: - Having a family member with ALS - Being in the military or having other occupations with risk of exposure - Having certain genetic mutations Symptoms of ALS include: - Progressive weakness in arms and legs - Wrist or foot drop - Difficulty holding things - Frequent tripping while walking - Muscle twitching—fasciculations - Unpredictable and changing emotions—pseudobulbar affect - Slurred speech—dysarthria - Hoarseness and coughing - Trouble chewing and swallowing, resulting in frequent choking and gagging - Weight loss due to trouble eating - Trouble breathing - Excess salivation, drooling You will be asked about your symptoms and medical hist",exact_duplicate|near_duplicate|semantic_duplicate|same_template_different_content|related_but_both_valuable|false_positive|unclear
,shard_00128.parquet:17484,shard_00161.parquet:25025,0.9841996431350708,4279,4390,"Women concerned about breast cancer should worry less about cellphones and hair dyes and worry more about weighing or drinking too much, exercising too little, using menopause hormones and getting too much radiation from medical tests. So says a new report on environmental risks by a respected panel of science advisers. By environment they mean everything not governed by genes - what's in the air and water but also diets, vitamin use and even things like working night shifts. And while they lament that most chemicals in consumer goods get little safety testing, they find too few studies in people to say whether there is a breast cancer risk from certain pesticides, cosmetics or bisphenol A, known as BPA and used in many plastics and canned food liners, although it has been eliminated from baby bottles and many reusable beverage containers in recent years. ""We don't have enough data to say `toss your water bottles,'"" said Irva Hertz-Picciotto, chief of environmental and occupational health at the University of California, Davis. She headed the Institute of Medicine panel - independent experts under the National Academy of Sciences who advise the government and others. This report wa","SAN ANTONIO (AP) – Women concerned about breast cancer should worry less about cellphones and hair dyes and worry more about weighing or drinking too much, exercising too little, using menopause hormones and getting too much radiation from medical tests. So says a new report on environmental risks by a respected panel of science advisers. By environment they mean everything not governed by genes – what's in the air and water but also diets, vitamin use and even things like working night shifts. And while they lament that most chemicals in consumer goods get little safety testing, they find too few studies in people to say whether there is a breast cancer risk from certain pesticides, cosmetics or bisphenol A, known as BPA and used in many plastics and canned food liners, although it has been eliminated from baby bottles and many reusable beverage containers in recent years. ""We don't have enough data to say 'toss your water bottles,'"" said Irva Hertz-Picciotto, chief of environmental and occupational health at the University of California, Davis. She headed the Institute of Medicine panel – independent experts under the National Academy of Sciences who advise the government and oth",exact_duplicate|near_duplicate|semantic_duplicate|same_template_different_content|related_but_both_valuable|false_positive|unclear
,shard_00134.parquet:26813,shard_00143.parquet:9950,1.0,11413,11413,"'We did the dirty work of the Holocaust': the name given to concentration camp prisoners whose job was to service the assembly lines of death. A new book gives accounts of their survival. As one of them put it: 'I ceased belonging to the human race.' By Ronit Roccas / May 2, 2000 / haArez Shlomo and Abraham Dragon arrived in Auschwitz in December 1942. Shortly afterwards, the Germans marched their entire labor team, 200 still relatively healthy and robust men, into a nearby forest. The air was freezing, and snow covered the ground. In the distance they saw and smelt the clouds of smoke emanating from the crematoria, but were still unaware of the terrible truth behind those malodorous clouds. An SS officer, Otto Moll, ordered them to enter a straw-roofed hut in the forest, full of naked bodies. ""We saw a mass of naked corpses, men, women and children. We were horror-stricken into an eerie unnatural silence. It took us two days to recover a semblance of normality."" That was the Dragon brothers' first day as Sonderkommandos at Birkenau, which housed the death factory that consumed some three million Jews. A new book, ""We wept without tears,"" written by historian Gideon Greif and publi","'We did the dirty work of the Holocaust': the name given to concentration camp prisoners whose job was to service the assembly lines of death. A new book gives accounts of their survival. As one of them put it: 'I ceased belonging to the human race.' By Ronit Roccas / May 2, 2000 / haArez Shlomo and Abraham Dragon arrived in Auschwitz in December 1942. Shortly afterwards, the Germans marched their entire labor team, 200 still relatively healthy and robust men, into a nearby forest. The air was freezing, and snow covered the ground. In the distance they saw and smelt the clouds of smoke emanating from the crematoria, but were still unaware of the terrible truth behind those malodorous clouds. An SS officer, Otto Moll, ordered them to enter a straw-roofed hut in the forest, full of naked bodies. ""We saw a mass of naked corpses, men, women and children. We were horror-stricken into an eerie unnatural silence. It took us two days to recover a semblance of normality."" That was the Dragon brothers' first day as Sonderkommandos at Birkenau, which housed the death factory that consumed some three million Jews. A new book, ""We wept without tears,"" written by historian Gideon Greif and publi",exact_duplicate|near_duplicate|semantic_duplicate|same_template_different_content|related_but_both_valuable|false_positive|unclear
,shard_00055.parquet:12236,shard_00153.parquet:18713,0.9999998807907104,2919,2919,"A mother’s use of the most common over-the-counter pain reliever and fever reducer during pregnancy may increase her child’s risk of attention deficit hyperactivity disorder, or ADHD, according to study published Monday. The study, published in the American Medical Association’s journal Pediatrics, examined the effects of a pregnant mother’s use of acetaminophen on their children's behavior. Preliminary results showed an increased risk for ADHD-like behaviors in children at 7 years old if their mothers had taken acetaminophen while pregnant. An estimated 6.4 million children—11 percent of those ages four to 17—were diagnosed with ADHD in 2011. In 2003, 7.8 percent of children had ADHD, according to the U.S. Centers for Disease Control and Prevention (CDC). Studying Acetaminophen Use in Pregnant Women Researchers at the University of California, Los Angeles (UCLA) and other institutions report that mothers who used acetaminophen, the main ingredient in the majority of Tylenol’s products, for example, were at a higher risk of having children with ADHD behaviors, as well as hyperkinetic disorder (HKD), a particularly severe form of ADHD. Researchers examined 64,322 children in the Dan","A mother’s use of the most common over-the-counter pain reliever and fever reducer during pregnancy may increase her child’s risk of attention deficit hyperactivity disorder, or ADHD, according to study published Monday. The study, published in the American Medical Association’s journal Pediatrics, examined the effects of a pregnant mother’s use of acetaminophen on their children's behavior. Preliminary results showed an increased risk for ADHD-like behaviors in children at 7 years old if their mothers had taken acetaminophen while pregnant. An estimated 6.4 million children—11 percent of those ages four to 17—were diagnosed with ADHD in 2011. In 2003, 7.8 percent of children had ADHD, according to the U.S. Centers for Disease Control and Prevention (CDC). Studying Acetaminophen Use in Pregnant Women Researchers at the University of California, Los Angeles (UCLA) and other institutions report that mothers who used acetaminophen, the main ingredient in the majority of Tylenol’s products, for example, were at a higher risk of having children with ADHD behaviors, as well as hyperkinetic disorder (HKD), a particularly severe form of ADHD. Researchers examined 64,322 children in the Dan",exact_duplicate|near_duplicate|semantic_duplicate|same_template_different_content|related_but_both_valuable|false_positive|unclear
,shard_00053.parquet:19614,shard_00122.parquet:9933,1.0000003576278687,845,845,"Somali leaders joined the country's northern territories in celebrating 53 years of independence from British colonialism Wednesday (June 26th). Friday, June 28, 2013 Parts of northern Somalia, comprising what came to be known as Somaliland, peacefully ended 73 years of British rule on June 26, 1960. On July 1st the same year, it united with the rest of Somalia, which had been under Italian rule, to form the Somali Republic. Speaking at an official ceremony celebrating the event at the presidential palace, President Hassan Sheikh Mohamud urged the Somali people to incorporate their forefathers' values of dignity, freedom and independence, Somalia's Radio Mogadishu reported. Speaker of Parliament Mohamed Osman Jawari and Prime Minister Abdi Farah Shirdon also took the opportunity to affirm their commitment to the unity of the country.","Somali leaders joined the country's northern territories in celebrating 53 years of independence from British colonialism Wednesday (June 26th). Friday, June 28, 2013 Parts of northern Somalia, comprising what came to be known as Somaliland, peacefully ended 73 years of British rule on June 26, 1960. On July 1st the same year, it united with the rest of Somalia, which had been under Italian rule, to form the Somali Republic. Speaking at an official ceremony celebrating the event at the presidential palace, President Hassan Sheikh Mohamud urged the Somali people to incorporate their forefathers' values of dignity, freedom and independence, Somalia's Radio Mogadishu reported. Speaker of Parliament Mohamed Osman Jawari and Prime Minister Abdi Farah Shirdon also took the opportunity to affirm their commitment to the unity of the country.",exact_duplicate|near_duplicate|semantic_duplicate|same_template_different_content|related_but_both_valuable|false_positive|unclear
,shard_00144.parquet:38126,shard_00013.parquet:27117,0.9999994039535522,1781,1781,"Fertilizing Your Yard How should you fertilize your yard to maximize the healthiness of your grass and plants? What do you need to know about yard fertilizers? You've heard a lot about the importance of fertilizing your yard, but you've been a bit skeptical. After all, it appears on first glance that your yard is in fine condition and that it is quite healthy. So, why would you need to fertilize? Here are some tips. Living grass and plants need certain nutrients in order to survive and remain healthy. They're kind of like humans in this regard. We need certain vitamins and nutrients in order to remain healthy. The main nutrients your lawn needs are nitrogen, potassium, and phosphorus. The amount of nutrients your grass needs varies depending on the region of the country you're in. You should consult a local plant expert to find out how much of each nutrient you should give your lawn. Standard levels of nitrogen is about four to seven pounds per 1,000 square feet each year to be applied throughout the course of the growing season. A good rule of thumb for how much nutrients are needed in the spring months (the beginning of the growing season) are a fertilizer ratio of 4 to 1 to 2 pa","Fertilizing Your Yard How should you fertilize your yard to maximize the healthiness of your grass and plants? What do you need to know about yard fertilizers? You've heard a lot about the importance of fertilizing your yard, but you've been a bit skeptical. After all, it appears on first glance that your yard is in fine condition and that it is quite healthy. So, why would you need to fertilize? Here are some tips. Living grass and plants need certain nutrients in order to survive and remain healthy. They're kind of like humans in this regard. We need certain vitamins and nutrients in order to remain healthy. The main nutrients your lawn needs are nitrogen, potassium, and phosphorus. The amount of nutrients your grass needs varies depending on the region of the country you're in. You should consult a local plant expert to find out how much of each nutrient you should give your lawn. Standard levels of nitrogen is about four to seven pounds per 1,000 square feet each year to be applied throughout the course of the growing season. A good rule of thumb for how much nutrients are needed in the spring months (the beginning of the growing season) are a fertilizer ratio of 4 to 1 to 2 pa",exact_duplicate|near_duplicate|semantic_duplicate|same_template_different_content|related_but_both_valuable|false_positive|unclear
,shard_00119.parquet:2204,shard_00027.parquet:18024,1.0000007152557373,2217,2217,"Departments: News, Notes and Tips Those frequent sleepless nights nursing students and faculty frequently experience may be doing more than making us tired the following day. Researchers from Stanford and Washington University have recently determined that sleep deprivation and disturbed sleep cycles contribute to the development of amyloid-β (Aβ) in the extracellular fluid of the brain. This protein becomes the amyloid plaque we know as a hallmark for Alzheimer's disease. Aβ is produced by neurons and deposited in the interstitial fluid of the brain (ISF), and converts to a damaging form as the concentration increases. Kang et al1 monitored changes in Aβ levels by inserting microdialysis probes in experimental mice. ISF Aβ levels were negatively correlated with the amount of time the mice slept and increased when the mice were awake. ISF Aβ levels were significantly higher during times of forced wakefulness. Following sleep deprivation the mice slept longer when allowed to do so and ISF Aβ levels decreased. Mice subjected to 20 hours of sleep deprivation for 21 days showed much higher levels of Aβ plaque deposition than their age-matched litter mate controls. Sleep disturbances ar","Departments: News, Notes and Tips Those frequent sleepless nights nursing students and faculty frequently experience may be doing more than making us tired the following day. Researchers from Stanford and Washington University have recently determined that sleep deprivation and disturbed sleep cycles contribute to the development of amyloid-β (Aβ) in the extracellular fluid of the brain. This protein becomes the amyloid plaque we know as a hallmark for Alzheimer's disease. Aβ is produced by neurons and deposited in the interstitial fluid of the brain (ISF), and converts to a damaging form as the concentration increases. Kang et al1 monitored changes in Aβ levels by inserting microdialysis probes in experimental mice. ISF Aβ levels were negatively correlated with the amount of time the mice slept and increased when the mice were awake. ISF Aβ levels were significantly higher during times of forced wakefulness. Following sleep deprivation the mice slept longer when allowed to do so and ISF Aβ levels decreased. Mice subjected to 20 hours of sleep deprivation for 21 days showed much higher levels of Aβ plaque deposition than their age-matched litter mate controls. Sleep disturbances ar",exact_duplicate|near_duplicate|semantic_duplicate|same_template_different_content|related_but_both_valuable|false_positive|unclear
,shard_00057.parquet:34805,shard_00069.parquet:14775,1.000000238418579,1687,1687,"The Real Day After Tomorrow By Dr. Jeff Price Courtesy of the Sierra Nevada Virtual Museum & Sierra College Center for Sierra Nevada Studies In February 2008, Dr. Jeff Price, renowned climate change expert, presented a lecture on “The Real Day After Tomorrow” to a large Sierra College audience in Dietrich Theatre. One of the lead authors of the Intergovernmental Panel on Climate Change (IPCC), Dr. Price discussed measures needed to prevent major catastrophic changes in the ecosystems caused by global warming. Price and other scientists on the IPCC shared the 2007 Nobel Peace Prize with former Vice President Al Gore. Dr. Price is a biologist and Professor of Geological and Environmental Sciences at CSU Chico. Along with co-authoring the IPCC Fourth Assessment Report (ecosystems), the IPCC Third Assessment Report (ecosystems), and the IPCC Technical Paper on Climate Change and Biodiversity, he also contributed text to the U.K. Government's Stern Review of the Economic Impacts of Climate Change and U.S. National Assessment on Climate Change Impacts on the United States. He was co-author of the Nature article ""Fingerprints of global warming on wild animals and plants"", of the publicati","The Real Day After Tomorrow By Dr. Jeff Price Courtesy of the Sierra Nevada Virtual Museum & Sierra College Center for Sierra Nevada Studies In February 2008, Dr. Jeff Price, renowned climate change expert, presented a lecture on “The Real Day After Tomorrow” to a large Sierra College audience in Dietrich Theatre. One of the lead authors of the Intergovernmental Panel on Climate Change (IPCC), Dr. Price discussed measures needed to prevent major catastrophic changes in the ecosystems caused by global warming. Price and other scientists on the IPCC shared the 2007 Nobel Peace Prize with former Vice President Al Gore. Dr. Price is a biologist and Professor of Geological and Environmental Sciences at CSU Chico. Along with co-authoring the IPCC Fourth Assessment Report (ecosystems), the IPCC Third Assessment Report (ecosystems), and the IPCC Technical Paper on Climate Change and Biodiversity, he also contributed text to the U.K. Government's Stern Review of the Economic Impacts of Climate Change and U.S. National Assessment on Climate Change Impacts on the United States. He was co-author of the Nature article ""Fingerprints of global warming on wild animals and plants"", of the publicati",exact_duplicate|near_duplicate|semantic_duplicate|same_template_different_content|related_but_both_valuable|false_positive|unclear
,shard_00021.parquet:17148,shard_00139.parquet:44326,0.9953872561454773,790,792,"|Contained in||Inline elements, block-level elements| The B element suggests that text be rendered as bold text. In most cases, use of a phrase element such as STRONG is more appropriate since such elements express the meaning of the text more clearly. The B element is a suitable choice for marking a structure for which no phrase element exists. For example, vectors in mathematics have no structural element in HTML 4, but bold text is often an appropriate visual rendering: If two vectors <B CLASS=vector>v</B> and <B CLASS=vector>w</B> are orthogonal, we write <B CLASS=vector>v</B> ⊥ <B CLASS=vector>w</B>. Note the use of the CLASS attribute to add structural significance to the B elements. This allows greater flexibility when applying style sheets to different kinds of bold text.","|Contained in||Inline elements, block-level elements| The B element suggests that text be rendered as bold text. In most cases, use of a phrase element such as STRONG is more appropriate since such elements express the meaning of the text more clearly. The B element is a suitable choice for marking a structure for which no phrase element exists. For example, vectors in mathematics have no structural element in HTML 4.0, but bold text is often an appropriate visual rendering: If two vectors <B CLASS=vector>v</B> and <B CLASS=vector>w</B> are orthogonal, we write <B CLASS=vector>v</B> ⊥ <B CLASS=vector>w</B>. Note the use of the CLASS attribute to add structural significance to the B elements. This allows greater flexibility when applying style sheets to different kinds of bold text.",exact_duplicate|near_duplicate|semantic_duplicate|same_template_different_content|related_but_both_valuable|false_positive|unclear
,shard_00151.parquet:40817,shard_00064.parquet:33971,0.9993751049041748,10921,10908,"To explore the effects of immigration on the immigrants and on society as a whole. This lesson is part of a group of lessons that focus on the social, behavioral, and economic sciences. For more lessons and activities that take a closer look at the social, behavioral, and economic sciences, be sure to check out the SBE Project page. In this lesson, students will explore some of the effects that immigration in the United States has had on immigrants and American society as a whole. They will be given opportunities to understand the complex issues of the immigrant experience, both past and present. It is important for students at these grade levels to see more fully that, while human beings live in groups and voluntarily cooperate and compete with one another, they often end up in conflict and spend much of their time negotiating differences—either peacefully, heatedly, or violently. Understanding the nature of social conflict and ways of moderating it can help students learn how to deal thoughtfully and constructively with conflict in their own lives. Such understanding also is important for confronting community, religious, international, interracial, and intercultural conflict. Sc","To explore the effects of immigration on the immigrants and on society as a whole. This lesson is part of a group of lessons that focus on the social, behavioral, and economic sciences. For more lessons and activities that take a closer look at the social, behavioral, and economic sciences, be sure to check out the SBE Project page. In this lesson, students will explore some of the effects that immigration in the United States has had on immigrants and American society as a whole. They will be given opportunities to understand the complex issues of the immigrant experience, both past and present. It is important for students at these grade levels to see more fully that, while human beings live in groups and voluntarily cooperate and compete with one another, they often end up in conflict and spend much of their time negotiating differences—either peacefully, heatedly, or violently. Understanding the nature of social conflict and ways of moderating it can help students learn how to deal thoughtfully and constructively with conflict in their own lives. Such understanding also is important for confronting community, religious, international, interracial, and intercultural conflict. Sc",exact_duplicate|near_duplicate|semantic_duplicate|same_template_different_content|related_but_both_valuable|false_positive|unclear
,shard_00007.parquet:41375,shard_00099.parquet:30246,0.9999999403953552,7709,7709,"Many mothers experience disappointment when breastfeeding challenges arise and there's a good reason for it--they possess liquid gold and they know it. When there are obstacles which prevent their newborn from receiving optimal ratios of fats, proteins, vitamins, minerals, enzymes and immune boosters in their breast milk, who can blame a new mom for being upset their baby will receive second best in an infant formula. These formulas are not only second best but are becoming outright toxic to infants. According to a new study by University of California, San Diego bioengineers, free fatty acids created during the digestion of infant formula cause cellular death and severe intestinal conditions. Breast milk is the perfect food for baby, with numerous advantages over baby formula, especially in the first four months or so. Infant formula has no DHA, cholesterol, lipase, lactoferrin, lysozyme, lactose, vital oligosaccharides, living cells and almost no immunoglobins. All of these components are essential to a newborn's health yet absent in infant formula. Babies fed a dairy-based formula grow up to have higher blood pressure than babies who are breast-fed, British researchers reported.","Many mothers experience disappointment when breastfeeding challenges arise and there's a good reason for it--they possess liquid gold and they know it. When there are obstacles which prevent their newborn from receiving optimal ratios of fats, proteins, vitamins, minerals, enzymes and immune boosters in their breast milk, who can blame a new mom for being upset their baby will receive second best in an infant formula. These formulas are not only second best but are becoming outright toxic to infants. According to a new study by University of California, San Diego bioengineers, free fatty acids created during the digestion of infant formula cause cellular death and severe intestinal conditions. Breast milk is the perfect food for baby, with numerous advantages over baby formula, especially in the first four months or so. Infant formula has no DHA, cholesterol, lipase, lactoferrin, lysozyme, lactose, vital oligosaccharides, living cells and almost no immunoglobins. All of these components are essential to a newborn's health yet absent in infant formula. Babies fed a dairy-based formula grow up to have higher blood pressure than babies who are breast-fed, British researchers reported.",exact_duplicate|near_duplicate|semantic_duplicate|same_template_different_content|related_but_both_valuable|false_positive|unclear
,shard_00110.parquet:32157,shard_00011.parquet:13860,1.0000001192092896,1584,1584,"A Rainforest Craft Make a paper bromeliad and stock it with tadpoles! What you will need: - A 10-ounce plastic or paper cup - Green and red construction paper - Colored markers or crayons - Live tadpoles (optional) What to do: - Cut out Pattern A, leaving Pattern B inside it. Trace around Pattern A on red paper. - Then cut out Pattern B (the green pattern). Trace around Pattern B on green paper. - To make a paper bromeliad, wrap the red paper (Pattern A) around a paper cup as shown. Glue the paper in place. - Then wrap the green paper (Pattern B) around the cup as shown. Glue the paper in place. Pull the bromeliad leaves down to make them curve. - Color the poison-arrow frog red with ""blue jeans."" Cut the frog out and glue it to a leaf of the bromeliad. - Put some water in the cup to represent the water that collects in the bromeliad tank. In spring, you might even catch live tadpoles to put in the cup of water! For a science project in school, write a report about the poison-arrow frog and the bromeliad. Use your paper bromeliad to illustrate the report. Help younger kids learn about the rainforest by taking your paper bromeliad to lower-grade classrooms. Tell them about the life","A Rainforest Craft Make a paper bromeliad and stock it with tadpoles! What you will need: - A 10-ounce plastic or paper cup - Green and red construction paper - Colored markers or crayons - Live tadpoles (optional) What to do: - Cut out Pattern A, leaving Pattern B inside it. Trace around Pattern A on red paper. - Then cut out Pattern B (the green pattern). Trace around Pattern B on green paper. - To make a paper bromeliad, wrap the red paper (Pattern A) around a paper cup as shown. Glue the paper in place. - Then wrap the green paper (Pattern B) around the cup as shown. Glue the paper in place. Pull the bromeliad leaves down to make them curve. - Color the poison-arrow frog red with ""blue jeans."" Cut the frog out and glue it to a leaf of the bromeliad. - Put some water in the cup to represent the water that collects in the bromeliad tank. In spring, you might even catch live tadpoles to put in the cup of water! For a science project in school, write a report about the poison-arrow frog and the bromeliad. Use your paper bromeliad to illustrate the report. Help younger kids learn about the rainforest by taking your paper bromeliad to lower-grade classrooms. Tell them about the life",exact_duplicate|near_duplicate|semantic_duplicate|same_template_different_content|related_but_both_valuable|false_positive|unclear
,shard_00092.parquet:46155,shard_00008.parquet:52276,1.000000238418579,4022,4022,"A Cymbidium orchid is a great starter orchid to try your green thumb if you live in coastal California, New Zealand, Australia, South Africa or the Mediterranean. Originally from a higher altitude in Central and Southeast Asia, and all the way to Australia, the standard Cymbidium enjoys a cool climate and strong light with partial shaded conditions. But the smaller-flowered terrestrial and tropical species live in different environments, so even if you do not have perfect Southern California weather, you can still grow these beauties. Let me tell you a little bit more about the different types of Cymbidium. Cymbidium has retained its status as a celebrity orchid for thousands of years since the time of ancient China. Why do people love them so much? Cymbidium orchid hybrids produce up to 30 flamboyant and sometimes fragrant blooms on a single spike, and the flowers last couple of months. The Cymbidium I received for my birthday (boyfriend, here’s your acknowledgment!) in January still looked pristine in April. But wait, there’s more! Even if you cut those spikes and put them in a vase, the flowers will last just as long. No wonder Cymbidium is one of the most popular orchids for co","A Cymbidium orchid is a great starter orchid to try your green thumb if you live in coastal California, New Zealand, Australia, South Africa or the Mediterranean. Originally from a higher altitude in Central and Southeast Asia, and all the way to Australia, the standard Cymbidium enjoys a cool climate and strong light with partial shaded conditions. But the smaller-flowered terrestrial and tropical species live in different environments, so even if you do not have perfect Southern California weather, you can still grow these beauties. Let me tell you a little bit more about the different types of Cymbidium. Cymbidium has retained its status as a celebrity orchid for thousands of years since the time of ancient China. Why do people love them so much? Cymbidium orchid hybrids produce up to 30 flamboyant and sometimes fragrant blooms on a single spike, and the flowers last couple of months. The Cymbidium I received for my birthday (boyfriend, here’s your acknowledgment!) in January still looked pristine in April. But wait, there’s more! Even if you cut those spikes and put them in a vase, the flowers will last just as long. No wonder Cymbidium is one of the most popular orchids for co",exact_duplicate|near_duplicate|semantic_duplicate|same_template_different_content|related_but_both_valuable|false_positive|unclear
,shard_00039.parquet:24946,shard_00147.parquet:21729,1.0000004768371582,4601,4601,"Na Kika- The octopus-god of the Gilbert Islands (Kiribati). His many arms served him well when he shoved up the earth from the bottom of the sea to form the islands, the beaches and the rocks. He is the son of Na Atibu and Nei Teuke, the first beings.Octopuses are among the very few of their charges that Aquarium staff will give names to. They know them as escape artists: A tank that was full of fish yesterday is empty this morning and there's a wet trail from a sealed octopus tank across the room and back again. And a much fatter very self satisfied octopus. In zoos the escape artists are orangutans another of nature's anti-social loners. The Hawaiʻian creation myth relates that the present cosmos is only the last of a series, having arisen in stages from the wreck of the previous universe. In this account, the octopus is the lone survivor of the previous, alien universe.Octopuses have a unique flexible brain wrapped around their esophagus. It has complicated whorls and ridges and a very complex visual cortex. It needs to be; Octopuses apparently coordinate the movements of their two legs and six arms by sight. Kanaloa - The Hawaiian Creator, the equivalent of Tangaroa from Maori","Na Kika- The octopus-god of the Gilbert Islands (Kiribati). His many arms served him well when he shoved up the earth from the bottom of the sea to form the islands, the beaches and the rocks. He is the son of Na Atibu and Nei Teuke, the first beings.Octopuses are among the very few of their charges that Aquarium staff will give names to. They know them as escape artists: A tank that was full of fish yesterday is empty this morning and there's a wet trail from a sealed octopus tank across the room and back again. And a much fatter very self satisfied octopus. In zoos the escape artists are orangutans another of nature's anti-social loners. The Hawaiʻian creation myth relates that the present cosmos is only the last of a series, having arisen in stages from the wreck of the previous universe. In this account, the octopus is the lone survivor of the previous, alien universe.Octopuses have a unique flexible brain wrapped around their esophagus. It has complicated whorls and ridges and a very complex visual cortex. It needs to be; Octopuses apparently coordinate the movements of their two legs and six arms by sight. Kanaloa - The Hawaiian Creator, the equivalent of Tangaroa from Maori",exact_duplicate|near_duplicate|semantic_duplicate|same_template_different_content|related_but_both_valuable|false_positive|unclear
,shard_00051.parquet:33789,shard_00071.parquet:42600,0.9999997615814209,22707,22707,"Don Quixote or the Art of Becoming Becoming, not being, is what the Novel as an art form is all about, and that is why we regard Don Quixote as the first modern fictional hero. In epic poems, in tragedies, the task of the hero is to fulfill his destiny, to act out the deeds he was born to perform. The hero is meant to accomplish a foretold identity: Achilles was already himself in the cradle, and Ulysses could not help being smart and cunning. The same can be said about some beloved characters in popular fiction. Sherlock Holmes is fixed forever in his unchanging analytical intelligence, in his cold detachment from ordinary human passions. He never seems to learn anything new at the end of each adventure, and a devoted reader will search in vain for any information concerning those obscure times in which the detective would still have been honing his skills, learning the tricks of his trade. And neither does Dr. Watson seem to learn very much from being close to his friend and master. But we love Sherlock Holmes’s stories precisely because both characters and situations never evolve into something different; and the moment we read the first paragraph in one of these otherwise beaut","Don Quixote or the Art of Becoming Becoming, not being, is what the Novel as an art form is all about, and that is why we regard Don Quixote as the first modern fictional hero. In epic poems, in tragedies, the task of the hero is to fulfill his destiny, to act out the deeds he was born to perform. The hero is meant to accomplish a foretold identity: Achilles was already himself in the cradle, and Ulysses could not help being smart and cunning. The same can be said about some beloved characters in popular fiction. Sherlock Holmes is fixed forever in his unchanging analytical intelligence, in his cold detachment from ordinary human passions. He never seems to learn anything new at the end of each adventure, and a devoted reader will search in vain for any information concerning those obscure times in which the detective would still have been honing his skills, learning the tricks of his trade. And neither does Dr. Watson seem to learn very much from being close to his friend and master. But we love Sherlock Holmes’s stories precisely because both characters and situations never evolve into something different; and the moment we read the first paragraph in one of these otherwise beaut",exact_duplicate|near_duplicate|semantic_duplicate|same_template_different_content|related_but_both_valuable|false_positive|unclear
,shard_00077.parquet:32559,shard_00050.parquet:51117,1.0000001192092896,3749,3749,"NYU (US) — Students with autism had a significant decrease in aggression, social withdrawal, and hyperactivity when they did yoga daily, researchers report. Students attending District 75’s P.S. 176X in the Bronx—which serves the largest population of students on the autism spectrum in the United States—took part in the yoga regimen for 17 minutes a day, five days a week, for 16 weeks. “We found that teachers’ ratings of students who participated in the daily yoga routine showed improved behavior compared with teachers’ ratings of students who did not,” says Kristie Koenig, assistant professor of occupational therapy at New York University and co-author of the study published in the American Journal of Occupational Therapy. “Our aim in this research was to examine the effectiveness of an occupational therapy yoga intervention. Our research indicates that a manualized systemic yoga program, implemented on a daily basis, can be brought to public school classrooms as an option for improving classroom behavior.” “Get Ready to Learn,” (GRTL) the intervention program used in the study, was designed by occupational therapist and yoga instructor Anne Buckley-Reen in 2008, in collaboration","NYU (US) — Students with autism had a significant decrease in aggression, social withdrawal, and hyperactivity when they did yoga daily, researchers report. Students attending District 75’s P.S. 176X in the Bronx—which serves the largest population of students on the autism spectrum in the United States—took part in the yoga regimen for 17 minutes a day, five days a week, for 16 weeks. “We found that teachers’ ratings of students who participated in the daily yoga routine showed improved behavior compared with teachers’ ratings of students who did not,” says Kristie Koenig, assistant professor of occupational therapy at New York University and co-author of the study published in the American Journal of Occupational Therapy. “Our aim in this research was to examine the effectiveness of an occupational therapy yoga intervention. Our research indicates that a manualized systemic yoga program, implemented on a daily basis, can be brought to public school classrooms as an option for improving classroom behavior.” “Get Ready to Learn,” (GRTL) the intervention program used in the study, was designed by occupational therapist and yoga instructor Anne Buckley-Reen in 2008, in collaboration",exact_duplicate|near_duplicate|semantic_duplicate|same_template_different_content|related_but_both_valuable|false_positive|unclear
,shard_00021.parquet:37552,shard_00049.parquet:15033,1.000000238418579,2321,2321,"The Public Health Management Corporation (PHMC) conducted an annual survey of women in Bucks, Chester, Delaware, Montgomery and Philadelphia Counties, asking how long it had been since their last clinical breast exam/mammogram. The findings were startling… A clinical exam is a physical examination performed by a qualified doctor or nurse that looks for lumps or changes in the breast. A mammogram is an x-ray that will produce an image of the breast that can detect lumps. The American Cancer Society recommends yearly mammograms starting at age 40 and clinical breast exams every three years for women in their 20s and 30s, and every year for women 40 and older. The survey revealed that one-third of women in Southeastern Pennsylvania did not receive an annual preventative breast health screening (mammogram) in the past year. One-third of women 18 years or older did not have a clinical breast exam in the past year. Four in ten women ages 40 years or older did not have a mammogram in the past year. Women 75 and older were the most likely to have missed a mammogram in the past year (44%), followed by women 60-74 (30%). Asian women 40 years and older were more likely to have forgone a mammo","The Public Health Management Corporation (PHMC) conducted an annual survey of women in Bucks, Chester, Delaware, Montgomery and Philadelphia Counties, asking how long it had been since their last clinical breast exam/mammogram. The findings were startling… A clinical exam is a physical examination performed by a qualified doctor or nurse that looks for lumps or changes in the breast. A mammogram is an x-ray that will produce an image of the breast that can detect lumps. The American Cancer Society recommends yearly mammograms starting at age 40 and clinical breast exams every three years for women in their 20s and 30s, and every year for women 40 and older. The survey revealed that one-third of women in Southeastern Pennsylvania did not receive an annual preventative breast health screening (mammogram) in the past year. One-third of women 18 years or older did not have a clinical breast exam in the past year. Four in ten women ages 40 years or older did not have a mammogram in the past year. Women 75 and older were the most likely to have missed a mammogram in the past year (44%), followed by women 60-74 (30%). Asian women 40 years and older were more likely to have forgone a mammo",exact_duplicate|near_duplicate|semantic_duplicate|same_template_different_content|related_but_both_valuable|false_positive|unclear
,shard_00046.parquet:46902,shard_00063.parquet:16169,0.9705674648284912,4794,5038,"There’s more to life than school School can be a tough place for kids with learning difficulties. Academic demands, coupled with feelings that he’s different from his peers, can lead to stress and frustration and may be the first step on the road to damaged self-esteem. You know this recipe all too well. You watch your child work twice as hard as his classmates to complete homework assignments and see him equating academic difficulty with being a failure. As an adult, you know that there’s much more to life than school. You know that success and self-esteem have little to do with grade-point averages. But kids may have trouble seeing beyond the school routine. You can help your child gain some perspective, and a self-esteem boost, by guiding him toward activities that play to his strengths and offer opportunities for success. When looking for ways to make your child feel successful, consider this: No one knows him as well as you do. You understand his strengths, weaknesses, and interests better than anyone. Use this knowledge when choosing activities, even if it means bypassing what all the other kids in the neighborhood are doing in favor of something more suited to him. Finally,","Success Outside of School There’s More to Life than School School can be a tough place for kids with learning difficulties. Academic demands, coupled with feelings that he’s different from his peers, can lead to stress and frustration and may be the first step on the road to damaged self-esteem. You know this recipe all too well. You watch your child work twice as hard as his classmates to complete homework assignments and see him equating academic difficulty with being a failure. As an adult, you know that there’s much more to life than school. You know that success and self-esteem have little to do with grade-point averages. But kids may have trouble seeing beyond the school routine. You can help your child gain some perspective, and a self-esteem boost, by guiding him toward activities that play to his strengths and offer opportunities for success. When looking for ways to make your child feel successful, consider this: No one knows him as well as you do. You understand his strengths, weaknesses and interests better than anyone. Use this knowledge when choosing activities, even if it means bypassing what all the other kids in the neighborhood are doing in favor of something more",exact_duplicate|near_duplicate|semantic_duplicate|same_template_different_content|related_but_both_valuable|false_positive|unclear
,shard_00112.parquet:46484,shard_00161.parquet:12336,1.000000238418579,4755,4755,"The world’s smallest magnetic data storage unit is made of just 12 atoms, squeezing an entire byte into just 96 atoms, a significant shrinkage in the world of information storage. It’s not a quantum computer, but it’s a computer storage unit at the quantum scale. By contrast, modern hard disk drives use about a million atoms to store a single bit, and a half billion atoms per byte. Smallest Storage Unit Spin-polarized imaging with a scanning tunneling microscope reveals the structure of the world’s smallest magnetic data storage unit. It consists of just 12 iron atoms ordered in an antiferromagnetic structure. Until now, it was unclear how many (or how few) atoms would be needed to build a reliable, lasting memory bit, the basic piece of information that a computer understands. Researchers at IBM and the German Center for Free-Electron Laser Science decided to start from the ground up, building a magnetic memory bit atom-by-atom. They used a scanning tunneling microscope to create regular patterns of iron atoms aligned in rows of six each. They found two rows was enough to securely store one bit, and eight pairs of rows was enough to store a byte. Data was written into and read out","The world’s smallest magnetic data storage unit is made of just 12 atoms, squeezing an entire byte into just 96 atoms, a significant shrinkage in the world of information storage. It’s not a quantum computer, but it’s a computer storage unit at the quantum scale. By contrast, modern hard disk drives use about a million atoms to store a single bit, and a half billion atoms per byte. Smallest Storage Unit Spin-polarized imaging with a scanning tunneling microscope reveals the structure of the world’s smallest magnetic data storage unit. It consists of just 12 iron atoms ordered in an antiferromagnetic structure. Until now, it was unclear how many (or how few) atoms would be needed to build a reliable, lasting memory bit, the basic piece of information that a computer understands. Researchers at IBM and the German Center for Free-Electron Laser Science decided to start from the ground up, building a magnetic memory bit atom-by-atom. They used a scanning tunneling microscope to create regular patterns of iron atoms aligned in rows of six each. They found two rows was enough to securely store one bit, and eight pairs of rows was enough to store a byte. Data was written into and read out",exact_duplicate|near_duplicate|semantic_duplicate|same_template_different_content|related_but_both_valuable|false_positive|unclear
,shard_00036.parquet:50809,shard_00087.parquet:35453,0.9999994039535522,17448,17448,"by Jennifer Keirans In the rare instances that Puritans turn up in romance novels, they are almost always portrayed as malevolent, hypocritical bigots. This is a very misleading and one-sided interpretation. In this article, I'll briefly trace the development of the Puritan movement in England, examine its offshoot in America, and describe some of the religious beliefs that characterized it. Then I'll specifically address some of the well-known myths about the Puritans. A Concise History: In the sixteenth and seventeenth centuries, people all over western Europe regarded themselves as being foot soldiers in a cosmic battle between Protestantism and Catholicism. Whichever branch of Christianity they belonged to was regarded as holy, and the other side was therefore evil. Cultural relativism was unknown: they believed there could only be one right way, and that the other way was Satanic. England was no exception. Its Protestant Reformation was a relatively peaceful one: King Henry VIII created the Protestant Church of England and dissolved the monasteries, and the kingdom remained Protestant under his son, Edward VI. During these reigns there was some persecution of those who remaine","by Jennifer Keirans In the rare instances that Puritans turn up in romance novels, they are almost always portrayed as malevolent, hypocritical bigots. This is a very misleading and one-sided interpretation. In this article, I'll briefly trace the development of the Puritan movement in England, examine its offshoot in America, and describe some of the religious beliefs that characterized it. Then I'll specifically address some of the well-known myths about the Puritans. A Concise History: In the sixteenth and seventeenth centuries, people all over western Europe regarded themselves as being foot soldiers in a cosmic battle between Protestantism and Catholicism. Whichever branch of Christianity they belonged to was regarded as holy, and the other side was therefore evil. Cultural relativism was unknown: they believed there could only be one right way, and that the other way was Satanic. England was no exception. Its Protestant Reformation was a relatively peaceful one: King Henry VIII created the Protestant Church of England and dissolved the monasteries, and the kingdom remained Protestant under his son, Edward VI. During these reigns there was some persecution of those who remaine",exact_duplicate|near_duplicate|semantic_duplicate|same_template_different_content|related_but_both_valuable|false_positive|unclear
,shard_00136.parquet:51103,shard_00057.parquet:17765,0.9950762391090393,6862,7131,"Inanna/Ishtar was easily the most popular goddess during Mesopotamian times. Her home city was Uruk but her worship spread quite far. She is quite popular among neo-pagans but it seems that she has largely been misunderstood in regards to her aspects. Many pagans these days view her as a fertility goddess but, really, she isn’t. She is a goddess of love (both sexual and emotional) and war. She has no children and certain hymns/stories even suggest or outright say that she is sterile. Ninhursaga is the closest to being a fertility goddess and was often even called “mother” by many Sumerians. Many people believe that the “Sacred Marriage” is a fertility rite, but that is simply not supported by the facts. The Sacred Marriage hymn talks about Dumuzi and Inanna sleeping together while the rest of the people celebrate in her honor. It makes no mention of her becoming fertile. However, it’s meant to ensure that he can be fertile, but never with her. Considering other works, such as her descent into the underworld, it’s more likely that this rite is about Inanna making his kingship official. After this, she must “set him free”, in order to actually marry and have children and do his duty","Inanna/Ishtar was easily the most popular goddess during Mesopotamian times. Her home city was Uruk but her worship spread quite far. She is quite popular among neo-pagans but it seems that she has largely been misunderstood in regards to her aspects. Many pagans these days view her as a fertility goddess but, really, she isn’t. She is a goddess of love (both sexual and emotional) and war. She has no children and certain hymns/stories even suggest or outright say that she is sterile. Ninhursaga is the closest to being a fertility goddess and was often even called “mother” by many Sumerians. Many people believe that the “Sacred Marriage” is a fertility rite, but that is simply not supported by the facts. The Sacred Marriage hymn talks about Dumuzi and Inanna sleeping together while the rest of the people celebrate in her honor. It makes no mention of her becoming fertile. However, it’s meant to ensure that he can be fertile, but never with her. Considering other works, such as her descent into the underworld, it’s more likely that this rite is about Inanna making his kingship official. After this, she must “set him free”, in order to actually marry and have children and do his duty",exact_duplicate|near_duplicate|semantic_duplicate|same_template_different_content|related_but_both_valuable|false_positive|unclear
,shard_00091.parquet:21503,shard_00074.parquet:21550,1.0000003576278687,1961,1961,"The European Space Agency (ESA) plans to send a pair of spacecraft to a nearby asteroid to investigate potential asteroid deflection methods. The Asteroid Impact and Deflection Assessment (AIDA), a part of ESA’s Space Situational Awareness (SSA) program will send Double Asteroid Redirection Test (DART) and Asteroid Impact Monitor (AIM) to the asteroid 65803 Didymos, which is actually a binary system, with one smaller mass orbiting a larger one. “AIDA offers a promising platform for the test and demonstration of different deflection methods,” said Detlef Koschny, manager of SSA’s near-Earth object effort. “It is therefore important to ask the users early on what they’d like to do with a mission like this.” DART would collide with the smaller of the two asteroids, which is 150 meters (492 ft) in diameter, while AIM would monitor the impact and possible deflection of the asteroid. DART is being designed by the Johns Hopkins Advanced Physics Laboratory in the US, with support from NASA, and AIM is being designed by ESA. DART would collide with Didymos at 6.25km/second hypervelocity speed, and would vaporize and turn into plasma. At such a high speed, the force generated at the impact i","The European Space Agency (ESA) plans to send a pair of spacecraft to a nearby asteroid to investigate potential asteroid deflection methods. The Asteroid Impact and Deflection Assessment (AIDA), a part of ESA’s Space Situational Awareness (SSA) program will send Double Asteroid Redirection Test (DART) and Asteroid Impact Monitor (AIM) to the asteroid 65803 Didymos, which is actually a binary system, with one smaller mass orbiting a larger one. “AIDA offers a promising platform for the test and demonstration of different deflection methods,” said Detlef Koschny, manager of SSA’s near-Earth object effort. “It is therefore important to ask the users early on what they’d like to do with a mission like this.” DART would collide with the smaller of the two asteroids, which is 150 meters (492 ft) in diameter, while AIM would monitor the impact and possible deflection of the asteroid. DART is being designed by the Johns Hopkins Advanced Physics Laboratory in the US, with support from NASA, and AIM is being designed by ESA. DART would collide with Didymos at 6.25km/second hypervelocity speed, and would vaporize and turn into plasma. At such a high speed, the force generated at the impact i",exact_duplicate|near_duplicate|semantic_duplicate|same_template_different_content|related_but_both_valuable|false_positive|unclear
,shard_00003.parquet:25598,shard_00036.parquet:15717,1.000000238418579,1804,1804,"Even a snack or food can help children understand the meaning of Scripture. I’m quite confident in this method because it is one that God used often. Stories that come to mind are The Passover, Manna and Quail, The Last Supper and even in the way we are asked to remember Christ in communion. Tonight in Bible class we studied about the Transfiguration of Christ from Matthew 17:1-13. The children and I read the Scripture together as we made and ate our snack. (Teacher Tip: I found out, the hard way, that 2 of the children were lactose intolerant so you might want to check that first 🙂 ) - Ice Cream - Cola (any fizzy/gassy drink will do) - A spoon or ice-cream scoop - Read Matthew 17:1-3 to the children and discuss. We spent a while talking about what the word “transfiguration” means (A complete change of form or appearance into a more beautiful or spiritual state.) “After six days Jesus took with him Peter, James and John the brother of James, and led them up a high mountain by themselves. 2 There he was transfigured before them. His face shone like the sun, and his clothes became as white as the light. 3 Just then there appeared before them Moses and Elijah, talking with Jesus.” NIV","Even a snack or food can help children understand the meaning of Scripture. I’m quite confident in this method because it is one that God used often. Stories that come to mind are The Passover, Manna and Quail, The Last Supper and even in the way we are asked to remember Christ in communion. Tonight in Bible class we studied about the Transfiguration of Christ from Matthew 17:1-13. The children and I read the Scripture together as we made and ate our snack. (Teacher Tip: I found out, the hard way, that 2 of the children were lactose intolerant so you might want to check that first 🙂 ) - Ice Cream - Cola (any fizzy/gassy drink will do) - A spoon or ice-cream scoop - Read Matthew 17:1-3 to the children and discuss. We spent a while talking about what the word “transfiguration” means (A complete change of form or appearance into a more beautiful or spiritual state.) “After six days Jesus took with him Peter, James and John the brother of James, and led them up a high mountain by themselves. 2 There he was transfigured before them. His face shone like the sun, and his clothes became as white as the light. 3 Just then there appeared before them Moses and Elijah, talking with Jesus.” NIV",exact_duplicate|near_duplicate|semantic_duplicate|same_template_different_content|related_but_both_valuable|false_positive|unclear
,shard_00057.parquet:27931,shard_00095.parquet:14935,0.9997559189796448,3533,3533,"Governments around the world are opening up their data vaults to release a “tsunami of information”. This big data provides critical insight into the way government works, but thousands of datasets are published every day and are often ignored. How can we make this data accessible for everyone to analyze? When the UK government published every item of spending over £25,000, it was big data published in a complex way. UK Guardian Datablog made that data publicly available and asked its users to get involved in poring through the numbers. The result was readers and journalists working together to make real stories out of raw numbers. In the past, journalists kept the raw information close to their chests; now by opening it up to the world, everyone becomes a potential data journalist. Every day the Guardian publishes the raw data behind the news using Google tools, opening up and making government statistics accessible in a form their readers can use. Publicly sharing and visualizing data can help gain insight and answers to questions that aren’t immediately obvious. The public can combine the public data with their own. Using the tools available, anyone can now create their own stor","Governments around the world are opening up their data vaults to release a “tsunami of information”. This big data provides critical insight into the way government works, but thousands of datasets are published every day and are often ignored. How can we make this data accessible for everyone to analyze? When the UK government published every item of spending over £25,000, it was big data published in a complex way. UK Guardian Datablog made that data publicly available and asked its users to get involved in poring through the numbers. The result was readers and journalists working together to make real stories out of raw numbers. In the past, journalists kept the raw information close to their chests; now by opening it up to the world, everyone becomes a potential data journalist. Every day the Guardian publishes the raw data behind the news using Google tools, opening up and making government statistics accessible in a form their readers can use. Publicly sharing and visualizing data can help gain insight and answers to questions that aren’t immediately obvious. The public can combine the public data with their own. Using the tools available, anyone can now create their own stor",exact_duplicate|near_duplicate|semantic_duplicate|same_template_different_content|related_but_both_valuable|false_positive|unclear
,shard_00144.parquet:49019,shard_00126.parquet:20760,1.0000003576278687,484,484,"What is Trauma Systems Trauma Care System: Fundamental Components of Trauma Care Care System: Key Infrastructure Elements The infrastructure of a trauma care system includes eight key elements: leadership, professional resources, education and advocacy, information, finances, research, technology, and disaster preparedness and response. In a model system, these elements are integrated and coordinated to provide cost-efficient and appropriate services across the continuum of care.","What is Trauma Systems Trauma Care System: Fundamental Components of Trauma Care Care System: Key Infrastructure Elements The infrastructure of a trauma care system includes eight key elements: leadership, professional resources, education and advocacy, information, finances, research, technology, and disaster preparedness and response. In a model system, these elements are integrated and coordinated to provide cost-efficient and appropriate services across the continuum of care.",exact_duplicate|near_duplicate|semantic_duplicate|same_template_different_content|related_but_both_valuable|false_positive|unclear
,shard_00063.parquet:1068,shard_00031.parquet:5460,1.0000007152557373,1035,1035,"Bolivia has enjoyed nearly 190 years of independence from Spain. Unfortunately, leadership of the country during those years may be best defined as “tumultuous.” Violence, coups, and civil wars have been far too common place throughout the nation’s story, as evidenced by the sheer number of leaders who have carried the burden of authority in the landlocked country. Statistically, the nation has had a new leader every 2 years and 4 months since independence in 1825; a total of 80 leaders in 180 years. In the period from inception on the 11th of August, 1825 until May 24th 1829, Bolivia churned through no fewer than 6 leaders in fewer years. As first leader and namesake of the country, Simón Bolívar lasted a mere 4 months as “Liberator of Bolivia.” For perspective, the United States has enjoyed a new leader every 5 years 1 month from George Washington, to George W Bush’s last day in office. Current President Evo Morales is smashing the statistical forecasts on the longevity for his administration at six years and running.","Bolivia has enjoyed nearly 190 years of independence from Spain. Unfortunately, leadership of the country during those years may be best defined as “tumultuous.” Violence, coups, and civil wars have been far too common place throughout the nation’s story, as evidenced by the sheer number of leaders who have carried the burden of authority in the landlocked country. Statistically, the nation has had a new leader every 2 years and 4 months since independence in 1825; a total of 80 leaders in 180 years. In the period from inception on the 11th of August, 1825 until May 24th 1829, Bolivia churned through no fewer than 6 leaders in fewer years. As first leader and namesake of the country, Simón Bolívar lasted a mere 4 months as “Liberator of Bolivia.” For perspective, the United States has enjoyed a new leader every 5 years 1 month from George Washington, to George W Bush’s last day in office. Current President Evo Morales is smashing the statistical forecasts on the longevity for his administration at six years and running.",exact_duplicate|near_duplicate|semantic_duplicate|same_template_different_content|related_but_both_valuable|false_positive|unclear
,shard_00064.parquet:5347,shard_00088.parquet:22456,0.9972286224365234,31474,31465,"- Year Published: 1899 - Language: English - Country of Origin: Greece - Source: Homer. (1899). The Iliad. Boston, MA; B.H. Stanton. - Flesch–Kincaid Level: 6.4 - Word Count: 5,683 Homer, . (1899). Book 6: The Episodes of Glaucus and Diomed, and of Hector and Andromache. The Iliad (Lit2Go Edition). Retrieved January 22, 2017, from Homer, . ""Book 6: The Episodes of Glaucus and Diomed, and of Hector and Andromache."" The Iliad. Lit2Go Edition. 1899. Web. <>. January 22, 2017. Homer, ""Book 6: The Episodes of Glaucus and Diomed, and of Hector and Andromache,"" The Iliad, Lit2Go Edition, (1899), accessed January 22, 2017,. The gods having left the field, the Grecians prevail. Helenus, the chief augur of Troy, commands Hector to return to the city, in order to appoint a solemn procession of the queen and the Trojan matrons to the temple of Minerva, to entreat her to remove Diomed from the fight. The battle relaxing during the absence of Hector, Glaucus and Diomed have an interview between the two armies; where, coming to the knowledge, of the friendship and hospitality passed between their ancestors, they make exchange of their arms. Hector, having performed the orders of Helenus, prevails","- Year Published: 1899 - Language: English - Country of Origin: Greece - Source: Homer. (1899). The Iliad. Boston, MA; B.H. Stanton. - Flesch–Kincaid Level: 6.4 - Word Count: 5,683 Homer, . (1899). Book 6: The Episodes of Glaucus and Diomed, and of Hector and Andromache. The Iliad (Lit2Go Edition). Retrieved July 20, 2018, from Homer, . ""Book 6: The Episodes of Glaucus and Diomed, and of Hector and Andromache."" The Iliad. Lit2Go Edition. 1899. Web. <>. July 20, 2018. Homer, ""Book 6: The Episodes of Glaucus and Diomed, and of Hector and Andromache,"" The Iliad, Lit2Go Edition, (1899), accessed July 20, 2018,. The gods having left the field, the Grecians prevail. Helenus, the chief augur of Troy, commands Hector to return to the city, in order to appoint a solemn procession of the queen and the Trojan matrons to the temple of Minerva, to entreat her to remove Diomed from the fight. The battle relaxing during the absence of Hector, Glaucus and Diomed have an interview between the two armies; where, coming to the knowledge, of the friendship and hospitality passed between their ancestors, they make exchange of their arms. Hector, having performed the orders of Helenus, prevails upon Par",exact_duplicate|near_duplicate|semantic_duplicate|same_template_different_content|related_but_both_valuable|false_positive|unclear
,shard_00096.parquet:18216,shard_00015.parquet:49440,1.0,2194,2194,"How would an honest educator define the current U.S. form of government to a body of students? This is the question I’ve asked myself while trying to fall asleep, night after night. The key word in the above question is “honest”. The U.S. is no longer a true democracy or republic. Our government has latently morphed over the past 30 years into a dual-form system. It’s similar to the Constitutional Monarchy found in the United Kingdom except the power and ceremonial aspects are reversed. In a modern Constitutional Monarchy, the democratically elected politicians are the true governing body (Parliament, Congress, President, Prime Minister…) and the Monarchy or Royal Family act as ceremonial figures. In the current U.S. form of government, elected officials are a ceremonial by-product of a ritual balloting process that provides no positive impact on the voting public. Casting a vote is now just a feel-good public ceremony that pays homage to the concept of democracy. Unlike the United Kingdom, a group-Monarchy or, more accurately, Plutarchy is the real governing power in the United States. Elected politicians are controlled by the wealthy for the wealthy. They’re influenced and financ","How would an honest educator define the current U.S. form of government to a body of students? This is the question I’ve asked myself while trying to fall asleep, night after night. The key word in the above question is “honest”. The U.S. is no longer a true democracy or republic. Our government has latently morphed over the past 30 years into a dual-form system. It’s similar to the Constitutional Monarchy found in the United Kingdom except the power and ceremonial aspects are reversed. In a modern Constitutional Monarchy, the democratically elected politicians are the true governing body (Parliament, Congress, President, Prime Minister…) and the Monarchy or Royal Family act as ceremonial figures. In the current U.S. form of government, elected officials are a ceremonial by-product of a ritual balloting process that provides no positive impact on the voting public. Casting a vote is now just a feel-good public ceremony that pays homage to the concept of democracy. Unlike the United Kingdom, a group-Monarchy or, more accurately, Plutarchy is the real governing power in the United States. Elected politicians are controlled by the wealthy for the wealthy. They’re influenced and financ",exact_duplicate|near_duplicate|semantic_duplicate|same_template_different_content|related_but_both_valuable|false_positive|unclear
,shard_00011.parquet:12412,shard_00031.parquet:15746,1.0,5319,5319,"§ 2–1402.81. Findings and purposes. (a) The Council finds that: (1) The encouragement of a public acceptance of breastfeeding is consistent with the promotion of family values between a mother and her child and no mother should be made to feel incriminated or socially ostracized for breastfeeding her child. (2) Breastfeeding a baby constitutes a basic act of nurturing to which every mother and child has a right and which should be encouraged in the interests of maternal and child health. (3) Breastfeeding provides significant health benefits to both the mother and child. Breastfeeding provides maternal protection from breast cancer, osteoporosis, urinary tract infections, and other cancers. Studies indicate that if every mother in the United States breastfed their children for 2 years, breast cancer could decline by 25%. (4) Social constraints of modem society weigh against the choice of breastfeeding and often result in new mothers opting to choose formula feeding to avoid embarrassment, social ostracism, or criminal prosecution. (5) Studies show that babies who are not breastfed have higher rates of death, meningitis, childhood leukemia and other cancers, diabetes, respiratory il","§ 2–1402.81. Findings and purposes. (a) The Council finds that: (1) The encouragement of a public acceptance of breastfeeding is consistent with the promotion of family values between a mother and her child and no mother should be made to feel incriminated or socially ostracized for breastfeeding her child. (2) Breastfeeding a baby constitutes a basic act of nurturing to which every mother and child has a right and which should be encouraged in the interests of maternal and child health. (3) Breastfeeding provides significant health benefits to both the mother and child. Breastfeeding provides maternal protection from breast cancer, osteoporosis, urinary tract infections, and other cancers. Studies indicate that if every mother in the United States breastfed their children for 2 years, breast cancer could decline by 25%. (4) Social constraints of modem society weigh against the choice of breastfeeding and often result in new mothers opting to choose formula feeding to avoid embarrassment, social ostracism, or criminal prosecution. (5) Studies show that babies who are not breastfed have higher rates of death, meningitis, childhood leukemia and other cancers, diabetes, respiratory il",exact_duplicate|near_duplicate|semantic_duplicate|same_template_different_content|related_but_both_valuable|false_positive|unclear
,shard_00070.parquet:21144,shard_00166.parquet:38108,0.9999999403953552,1356,1356,"Most people who have an interest in gemstones or nature have seen petrified wood, but fewer are aware of the many other types of fossilized organisms that can be fashioned into beautiful gems. Sometimes the whole organism is preserved as with Turitella snails, Starburst Algae, or Sea Lilies. More often, though, various parts or products are all that are preserved, such as bone, shell, eggshell, footprints, tunnels, or even dung. Most often, the preservation occurs as the organic materials are replaced ever so slowly with mineral solutions, such as silica, which harden and take the original shape. In other cases, mud in which the structure lies is compacted and compressed over time into shale that now holds the fossil. Particularly beautiful are the ammolites, which are the result of replacement of the thin layers of the shell of an ammonite, (an extinct, snail-like organism,) with mineral layers, which then create the phenomenon of iridescence. There are no accepted price ranges for fossilized organisms, other than the general considerations that apply to all gems. Common items, like shark’s teeth are generally inexpensive while rarer items like fossilized ivory or dinosaur eggshel","Most people who have an interest in gemstones or nature have seen petrified wood, but fewer are aware of the many other types of fossilized organisms that can be fashioned into beautiful gems. Sometimes the whole organism is preserved as with Turitella snails, Starburst Algae, or Sea Lilies. More often, though, various parts or products are all that are preserved, such as bone, shell, eggshell, footprints, tunnels, or even dung. Most often, the preservation occurs as the organic materials are replaced ever so slowly with mineral solutions, such as silica, which harden and take the original shape. In other cases, mud in which the structure lies is compacted and compressed over time into shale that now holds the fossil. Particularly beautiful are the ammolites, which are the result of replacement of the thin layers of the shell of an ammonite, (an extinct, snail-like organism,) with mineral layers, which then create the phenomenon of iridescence. There are no accepted price ranges for fossilized organisms, other than the general considerations that apply to all gems. Common items, like shark’s teeth are generally inexpensive while rarer items like fossilized ivory or dinosaur eggshel",exact_duplicate|near_duplicate|semantic_duplicate|same_template_different_content|related_but_both_valuable|false_positive|unclear
,shard_00006.parquet:2870,shard_00159.parquet:48907,0.9911984205245972,2627,2204,"If you love art, working with wildlife subjects and developing unique new creations, a career in taxidermy may give you exactly what you're looking for. If you're considering the idea of taking on the profession of a taxidermist, make sure that you have an educated estimate of the salary you could make each year in this career. Many taxidermists work independently instead of as hired employees. They own their own businesses and take clients to earn money. A taxidermist's job involves adjusting animal skins over models and making them look life-like. In many cases, taxidermists are considered artists or scupltors and sell their work to decorators, hobbyists, museums and galleries. A job as a taxidermist is a position requiring a significant amount of skill, technique and some creativity. Professionals can develop these skills by either attending specialized arts courses at a college or by attending a taxidermy school. Some universities even offer taxidermy as a major. In some cases a taxidermist can learn the trade by working under an experienced professional as an apprentice before going on to start his own operation. Some taxidermist apprentices receive pay, while others work as u","If you love art, working with wildlife subjects and developing unique new creations, a career in taxidermy may give you exactly what you're looking for. If you're considering the idea of taking on the profession of a taxidermist, make sure that you have an educated estimate of the salary you could make each year in this career. Many taxidermists work independently instead of as hired employees. They own their own businesses and take clients to earn money. A taxidermist's job involves adjusting animal skins over models and making them look life-like. In many cases, taxidermists are considered artists or scupltors and sell their work to decorators, hobbyists, museums and galleries. Video of the Day A job as a taxidermist is a position requiring a significant amount of skill, technique and some creativity. Professionals can develop these skills by either attending specialized arts courses at a college or by attending a taxidermy school. Some universities even offer taxidermy as a major. In some cases a taxidermist can learn the trade by working under an experienced professional as an apprentice before going on to start his own operation. Some taxidermist apprentices receive pay, while",exact_duplicate|near_duplicate|semantic_duplicate|same_template_different_content|related_but_both_valuable|false_positive|unclear
,shard_00094.parquet:21065,shard_00020.parquet:47540,1.0000007152557373,5278,5278,"Mid-20th-Century Denim Levi's Advertising Banner Today, the typical American owns seven pairs of blue jeans. (Photo © iStock.com/Sanches1980.) Clothing from a different era: an 18th-century gentleman's silk-embroidered vest. (See it in the Archive.) Before the 1950s, blue jeans were worn primarily by factory workers, cowboys, sailors, and miners. By the 1970s, America had undergone a ""fashion revolution"" as blue jeans became far more popular among people of all ages. Today, the typical American owns seven pairs of jeans. Levi Strauss, who founded Levi Strauss and Company in 1853, was a pioneer in the blue jeans industry. In 1873, Strauss and Jacob Davis received a patent for their use of copper rivets to reinforce denim, the material used in manufacturing jeans. The advertisement presented here is an oversized banner, silkscreened on denim fabric, that celebrates the history of jeans in America while promoting Levi's brand. The banner was displayed by the owner's grandfather at his general store in Camp Verde, Arizona. The appraiserAn expert who assesses the value, quality, and authenticity of works of art or other objects. notes that while the banner is quite large — nearly 10 fee","Mid-20th-Century Denim Levi's Advertising Banner Today, the typical American owns seven pairs of blue jeans. (Photo © iStock.com/Sanches1980.) Clothing from a different era: an 18th-century gentleman's silk-embroidered vest. (See it in the Archive.) Before the 1950s, blue jeans were worn primarily by factory workers, cowboys, sailors, and miners. By the 1970s, America had undergone a ""fashion revolution"" as blue jeans became far more popular among people of all ages. Today, the typical American owns seven pairs of jeans. Levi Strauss, who founded Levi Strauss and Company in 1853, was a pioneer in the blue jeans industry. In 1873, Strauss and Jacob Davis received a patent for their use of copper rivets to reinforce denim, the material used in manufacturing jeans. The advertisement presented here is an oversized banner, silkscreened on denim fabric, that celebrates the history of jeans in America while promoting Levi's brand. The banner was displayed by the owner's grandfather at his general store in Camp Verde, Arizona. The appraiserAn expert who assesses the value, quality, and authenticity of works of art or other objects. notes that while the banner is quite large — nearly 10 fee",exact_duplicate|near_duplicate|semantic_duplicate|same_template_different_content|related_but_both_valuable|false_positive|unclear
,shard_00031.parquet:42593,shard_00121.parquet:27439,1.0000001192092896,1853,1853,"Our division has really been talking hard about small groups. Our literacy plan requires small groups in Language Arts, but teachers are also asked to come up with ideas for Math, Science and Social Studies — even cross-circular activities. Here are some ideas for using Technology in small groups. Minecraft Edu (Use Prompts to match your content – area, perimeter, models of science or social studies concepts, novel settings, etc.) — All Roanoke County teachers and students have accounts. Breakout Edu (Digital Breakouts) – https://platform.breakoutedu.com/ ; Create a free teacher account to find the free games; Example: Finding Frosty – https://platform.breakoutedu.com/game/FINDING-FROSTY Formative (Game Based) Assessment Websites - Kahoot (iPads or Laptops) – https://kahoot.com/ - Quizziz (iPads or Laptops) – https://quizizz.com/ - Quizlet (iPads or Laptops) – https://quizlet.com/ - Scratch – https://scratch.mit.edu/ or install on student laptops so there’s no login needed - Paper Coding / Unplugged Coding — https://www.teacherspayteachers.com/Store/Brooke-Brown-Teach-Outside-The-Box/Category/Coding-282394 (Free Activity Available to try it out) - Dash and Dot Robotics – see Tina f","Our division has really been talking hard about small groups. Our literacy plan requires small groups in Language Arts, but teachers are also asked to come up with ideas for Math, Science and Social Studies — even cross-circular activities. Here are some ideas for using Technology in small groups. Minecraft Edu (Use Prompts to match your content – area, perimeter, models of science or social studies concepts, novel settings, etc.) — All Roanoke County teachers and students have accounts. Breakout Edu (Digital Breakouts) – https://platform.breakoutedu.com/ ; Create a free teacher account to find the free games; Example: Finding Frosty – https://platform.breakoutedu.com/game/FINDING-FROSTY Formative (Game Based) Assessment Websites - Kahoot (iPads or Laptops) – https://kahoot.com/ - Quizziz (iPads or Laptops) – https://quizizz.com/ - Quizlet (iPads or Laptops) – https://quizlet.com/ - Scratch – https://scratch.mit.edu/ or install on student laptops so there’s no login needed - Paper Coding / Unplugged Coding — https://www.teacherspayteachers.com/Store/Brooke-Brown-Teach-Outside-The-Box/Category/Coding-282394 (Free Activity Available to try it out) - Dash and Dot Robotics – see Tina f",exact_duplicate|near_duplicate|semantic_duplicate|same_template_different_content|related_but_both_valuable|false_positive|unclear
,shard_00019.parquet:8431,shard_00056.parquet:26175,0.9999995827674866,4437,4437,"It's a Kid Thing by Beth Newcomb Children are not little adults,” says Dr. Laura Adelman. “Until they’re able to write in cursive and tie their own shoes, parents need to be directly involved in their oral hygiene.” And the kind of oral care they receive, outside of parental monitoring, should be tailored to their specific dental needs, says the pediatric practitioner with more than 16 years experience. “Pediatric dentists receive an additional two years of specialized training, focusing on the primary development of children’s teeth,” Dr. Laura explains. “We also spend time on behavioral management and child psychology—important skills that can make the difference when it’s time for a visit to the dentist.” A visit, she adds, that should take place by age one so that parents can learn about how to help their children care for their teeth. “We cover things like hands-on brushing, which types of food and drink are beneficial, and which types should be avoided,” she explains. Surprisingly, bottled water is a no-no and sugarless gum is encouraged. “There is no fluoride in bottled water,” Dr. Laura remarks. “Vitamin waters are a bad choice, too, because of the sugar. Sugarless gum is a","It's a Kid Thing by Beth Newcomb Children are not little adults,” says Dr. Laura Adelman. “Until they’re able to write in cursive and tie their own shoes, parents need to be directly involved in their oral hygiene.” And the kind of oral care they receive, outside of parental monitoring, should be tailored to their specific dental needs, says the pediatric practitioner with more than 16 years experience. “Pediatric dentists receive an additional two years of specialized training, focusing on the primary development of children’s teeth,” Dr. Laura explains. “We also spend time on behavioral management and child psychology—important skills that can make the difference when it’s time for a visit to the dentist.” A visit, she adds, that should take place by age one so that parents can learn about how to help their children care for their teeth. “We cover things like hands-on brushing, which types of food and drink are beneficial, and which types should be avoided,” she explains. Surprisingly, bottled water is a no-no and sugarless gum is encouraged. “There is no fluoride in bottled water,” Dr. Laura remarks. “Vitamin waters are a bad choice, too, because of the sugar. Sugarless gum is a",exact_duplicate|near_duplicate|semantic_duplicate|same_template_different_content|related_but_both_valuable|false_positive|unclear
,shard_00090.parquet:18182,shard_00108.parquet:18185,0.999999463558197,548,548,"4. METHOD OF SOLUTION The dose calculations are carried out by following the guide- lines of USNRC Regulatory Guide 1.109. Radiation exposure for maximum individuals and population are estimated within 30 km from the nuclear plant. This area is divided into 160 circular trapezoids, to which computations are referred. Four age groups, seven organs for internal dose and two for external dose have been considered. Dose calculations are done through 14 pathways, 7 for liquid effluents, one for noble gases, and 6 for the rest of gaseous effluents.","4. METHOD OF SOLUTION The dose calculations are carried out by following the guide- lines of USNRC Regulatory Guide 1.109. Radiation exposure for maximum individuals and population are estimated within 30 km from the nuclear plant. This area is divided into 160 circular trapezoids, to which computations are referred. Four age groups, seven organs for internal dose and two for external dose have been considered. Dose calculations are done through 14 pathways, 7 for liquid effluents, one for noble gases, and 6 for the rest of gaseous effluents.",exact_duplicate|near_duplicate|semantic_duplicate|same_template_different_content|related_but_both_valuable|false_positive|unclear
,shard_00025.parquet:1824,shard_00080.parquet:9432,1.0000008344650269,2994,2994,"in the pattern of time use reflect changes in population mix or some other cause. The demographic data to support such an effort are, for the most part, already available, largely from the Census Bureau but in some cases from the Bureau of Labor Statistics, the National Center for Health Statistics, and other agencies. A determined researcher could compile these data from existing sources. But it would be very helpful if the information were assembled in a single place, adjusted to be consistent over time. The demographic database would not itself be a satellite to the existing economic accounts, but it would assist in the development and use of those accounts. The ease with which the quantity of nonmarket outputs can be measured varies widely. Relatively good data are available, for example, on the educational attainment of the working-age population. These data provide a starting point for quantifying the output of the educational sector. Changes in mortality and morbidity are similarly well documented and could provide a basis for quantifying changes in the health status of the population, particularly if combined with demographic data tracking changes in population mix. In othe","in the pattern of time use reflect changes in population mix or some other cause. The demographic data to support such an effort are, for the most part, already available, largely from the Census Bureau but in some cases from the Bureau of Labor Statistics, the National Center for Health Statistics, and other agencies. A determined researcher could compile these data from existing sources. But it would be very helpful if the information were assembled in a single place, adjusted to be consistent over time. The demographic database would not itself be a satellite to the existing economic accounts, but it would assist in the development and use of those accounts. The ease with which the quantity of nonmarket outputs can be measured varies widely. Relatively good data are available, for example, on the educational attainment of the working-age population. These data provide a starting point for quantifying the output of the educational sector. Changes in mortality and morbidity are similarly well documented and could provide a basis for quantifying changes in the health status of the population, particularly if combined with demographic data tracking changes in population mix. In othe",exact_duplicate|near_duplicate|semantic_duplicate|same_template_different_content|related_but_both_valuable|false_positive|unclear
,shard_00155.parquet:317,shard_00062.parquet:11357,1.000000238418579,1360,1360,"Help secure their future Back in the 1980s, there were as few as 1,114 pandas in China. But the most recent survey in 2014 estimated that there were 1,864 pandas living in the wild. After 30 years of slow but steady progress, the IUCN has now changed the panda's status on the Red List of Threatened Species. The decision is a recognition of the hard work of the Chinese government, local communities, nature reserve staff and WWF over many years. But the panda's long term future is not yet secure. It is an achievement to celebrate. But pandas remain scattered and vulnerable, and much of their habitat is threatened by poorly-planned infrastructure projects. And remember: there are still only 1,864 left in the wild. After decades of work, it is clear that the future of pandas and their forest home depends on even greater efforts, especially with the increasing impact of climate change. It will require even more government investment, stronger partnerships with local communities and a wider understanding of the importance for people of conserving wildlife and the landscapes in which they live. And it will certainly need your continued support. WWF’s focus was solely on panda conservation","Help secure their future Back in the 1980s, there were as few as 1,114 pandas in China. But the most recent survey in 2014 estimated that there were 1,864 pandas living in the wild. After 30 years of slow but steady progress, the IUCN has now changed the panda's status on the Red List of Threatened Species. The decision is a recognition of the hard work of the Chinese government, local communities, nature reserve staff and WWF over many years. But the panda's long term future is not yet secure. It is an achievement to celebrate. But pandas remain scattered and vulnerable, and much of their habitat is threatened by poorly-planned infrastructure projects. And remember: there are still only 1,864 left in the wild. After decades of work, it is clear that the future of pandas and their forest home depends on even greater efforts, especially with the increasing impact of climate change. It will require even more government investment, stronger partnerships with local communities and a wider understanding of the importance for people of conserving wildlife and the landscapes in which they live. And it will certainly need your continued support. WWF’s focus was solely on panda conservation",exact_duplicate|near_duplicate|semantic_duplicate|same_template_different_content|related_but_both_valuable|false_positive|unclear
,shard_00023.parquet:52711,shard_00027.parquet:27527,1.0000001192092896,1164,1164,"NEWPORT – The Preservation Society of Newport County has started work on creating an online, interactive map of the city and its history from 1638 to the present. The map will be searchable chronologically and geographically, and will include links to information about Newport’s social, political, economic, cultural and architectural history. The first phase of the two-year project involves collecting information about the city’s physical infrastructure and urban plan from maps, photos, paintings, archeological data and historical documents. It will be funded by a $6,000 grant from Newport resident Elizabeth Prince de Ramel and a $5,000 grant from the Rhode Island Council for the Humanities. “One of the most historically intact cities in North America, Newport is an unusually complete document of the history of city development in America, from 17th-century, rural byways and the classically inspired grid of the 18th-century Point district, to the 19th-century, picturesque layout of Ocean Drive and the 20th-century, urban-renewal projects that dramatically changed the character of the waterfront,” the Preservation Society said in a news release. •","NEWPORT – The Preservation Society of Newport County has started work on creating an online, interactive map of the city and its history from 1638 to the present. The map will be searchable chronologically and geographically, and will include links to information about Newport’s social, political, economic, cultural and architectural history. The first phase of the two-year project involves collecting information about the city’s physical infrastructure and urban plan from maps, photos, paintings, archeological data and historical documents. It will be funded by a $6,000 grant from Newport resident Elizabeth Prince de Ramel and a $5,000 grant from the Rhode Island Council for the Humanities. “One of the most historically intact cities in North America, Newport is an unusually complete document of the history of city development in America, from 17th-century, rural byways and the classically inspired grid of the 18th-century Point district, to the 19th-century, picturesque layout of Ocean Drive and the 20th-century, urban-renewal projects that dramatically changed the character of the waterfront,” the Preservation Society said in a news release. •",exact_duplicate|near_duplicate|semantic_duplicate|same_template_different_content|related_but_both_valuable|false_positive|unclear
,shard_00092.parquet:42524,shard_00132.parquet:25027,0.9999992847442627,1979,1979,"The Iranian author of Nowruz in the Four Corners of the World, Dariush Mohajer, pointed to the influence of Nowruz around the world, in regions like the south of Algeria, Western China and Ethiopia. In an interview with IBNA, Dariush Mohajer, the author of Nowruz in the Four Corners of the World, acknowledged Iranian culture as a global culture and stated, “We come across many Iranian cultural elements in regions which have never been ruled by the Persian Empire.” This author said: “Nowruz is a beautiful phenomenon and despite all persisting problems, will remain forever. There are about twenty regions in the world which are impressed by Nowruz, and in the year 2010, the Assembly of the United Nations International recognized Nowruz as a global day. He added some points about the Mozabites and said: “The first Islamic government was formed in this region by someone of Iranian descent called Abdolrahman Ibn Rostam. He and his followers were among the Khawarij and after they came to the area, they were called ‘Rostamian’ or ‘Rostamouyeh’.” Stating that the Mozabites had inherited some of their fathers’ features, he said: “They used to clean their houses and streets and alleys on the","The Iranian author of Nowruz in the Four Corners of the World, Dariush Mohajer, pointed to the influence of Nowruz around the world, in regions like the south of Algeria, Western China and Ethiopia. In an interview with IBNA, Dariush Mohajer, the author of Nowruz in the Four Corners of the World, acknowledged Iranian culture as a global culture and stated, “We come across many Iranian cultural elements in regions which have never been ruled by the Persian Empire.” This author said: “Nowruz is a beautiful phenomenon and despite all persisting problems, will remain forever. There are about twenty regions in the world which are impressed by Nowruz, and in the year 2010, the Assembly of the United Nations International recognized Nowruz as a global day. He added some points about the Mozabites and said: “The first Islamic government was formed in this region by someone of Iranian descent called Abdolrahman Ibn Rostam. He and his followers were among the Khawarij and after they came to the area, they were called ‘Rostamian’ or ‘Rostamouyeh’.” Stating that the Mozabites had inherited some of their fathers’ features, he said: “They used to clean their houses and streets and alleys on the",exact_duplicate|near_duplicate|semantic_duplicate|same_template_different_content|related_but_both_valuable|false_positive|unclear
,shard_00010.parquet:765,shard_00083.parquet:18196,0.9999996423721313,9260,9260,"The History of The PGA Championship The PGA Championship (often referred to as the U.S. PGA Championship or U.S. PGA outside of the United States) is an annual golf tournament conducted by the Professional Golfers' Association of America. It is one of the four major championships in professional golf, and it is the golf season's final major, played in mid-August on the third weekend prior to Labor Day weekend. (It was rescheduled for 2016 to late July to accommodate golf's return to the Olympics.) It is an official money event on the PGA Tour, European Tour, and Japan Golf Tour, with a purse of $10 million since the 97th edition in 2015. In line with the other majors, winning ""the PGA"" gains privileges that improve career security. PGA champions are automatically invited to play in the other three majors (Masters Tournament, U.S. Open, and The Open Championship) for the next five years, and are exempt from qualifying for the PGA Championship for life. They receive membership on the PGA and European Tours for the following five seasons and invitations to The Players Championship for five years. The PGA Championship has been held at a large number of venues, some of the early ones no","The History of The PGA Championship The PGA Championship (often referred to as the U.S. PGA Championship or U.S. PGA outside of the United States) is an annual golf tournament conducted by the Professional Golfers' Association of America. It is one of the four major championships in professional golf, and it is the golf season's final major, played in mid-August on the third weekend prior to Labor Day weekend. (It was rescheduled for 2016 to late July to accommodate golf's return to the Olympics.) It is an official money event on the PGA Tour, European Tour, and Japan Golf Tour, with a purse of $10 million since the 97th edition in 2015. In line with the other majors, winning ""the PGA"" gains privileges that improve career security. PGA champions are automatically invited to play in the other three majors (Masters Tournament, U.S. Open, and The Open Championship) for the next five years, and are exempt from qualifying for the PGA Championship for life. They receive membership on the PGA and European Tours for the following five seasons and invitations to The Players Championship for five years. The PGA Championship has been held at a large number of venues, some of the early ones no",exact_duplicate|near_duplicate|semantic_duplicate|same_template_different_content|related_but_both_valuable|false_positive|unclear
,shard_00068.parquet:22053,shard_00105.parquet:7150,0.9999998211860657,9084,9084,"I might not have chosen to read River Run Red: The Fort Pillow Massacre in the American Civil War by Andrew Ward had I suspected that it would turn out to be the exhaustive study of the incident that it proved. I sought, perhaps, more of an overview of the controversy that was born shortly after reports that Confederate forces under General Nathan Bedford Forrest overwhelmed the poorly defended Western Tennessee Fort Pillow in April 1864 and essentially slaughtered hundreds of surrendered Federals – especially blacks found in Union garb. Having completed Ward’s magisterial study, however, I am grateful that I took the time because his scholarship has not only put to rest some of the wilder assertions about Fort Pillow by both sides, but has successfully delivered layers of nuance to the events of that day and its aftermath as well as provided a deeper understanding of the conflict in this western part of the theater of war. The historiography on the Fort Pillow massacre, especially for those in sympathy with the south, has often resembled a latter day climate change debate: there are those who claim it did not exist, and a slightly more moderate group that is willing to concede tha","I might not have chosen to read River Run Red: The Fort Pillow Massacre in the American Civil War by Andrew Ward had I suspected that it would turn out to be the exhaustive study of the incident that it proved. I sought, perhaps, more of an overview of the controversy that was born shortly after reports that Confederate forces under General Nathan Bedford Forrest overwhelmed the poorly defended Western Tennessee Fort Pillow in April 1864 and essentially slaughtered hundreds of surrendered Federals – especially blacks found in Union garb. Having completed Ward’s magisterial study, however, I am grateful that I took the time because his scholarship has not only put to rest some of the wilder assertions about Fort Pillow by both sides, but has successfully delivered layers of nuance to the events of that day and its aftermath as well as provided a deeper understanding of the conflict in this western part of the theater of war. The historiography on the Fort Pillow massacre, especially for those in sympathy with the south, has often resembled a latter day climate change debate: there are those who claim it did not exist, and a slightly more moderate group that is willing to concede tha",exact_duplicate|near_duplicate|semantic_duplicate|same_template_different_content|related_but_both_valuable|false_positive|unclear
,shard_00088.parquet:6083,shard_00136.parquet:8142,0.9999998807907104,1894,1894,"(Phys.org) —Why can't global leaders agree on a broad, effective climate change pact? More than 20 years after they began, international negotiations based on the United Nations Framework Convention on Climate Change have ... (AP)—Rich countries are to blame for climate change and should take the lead in forging a global climate pact by 2015, a deadline that ""must be met,"" the head of the United Nations said Wednesday. Highlighting a rift between the rich countries and emerging economies like China, New Zealand's climate minister staunchly defended his government's decision to drop out of the emissions pact for developed nations, saying ... Climate talks got down to the nitty-gritty in Doha on Tuesday as developing countries and the European Union (EU) staked out rival positions on the fate of the Kyoto Protocol. The CIA has shuttered its unit dedicated to studying the impact of climate change on national security, shifting its activities elsewhere, an official said Tuesday. Key greenhouse gas emitter Australia on Friday said it will sign up for a second round of the Kyoto Protocol environmental protection treaty, but New Zealand opted out. (AP)—New Zealand's government said Friday","(Phys.org) —Why can't global leaders agree on a broad, effective climate change pact? More than 20 years after they began, international negotiations based on the United Nations Framework Convention on Climate Change have ... (AP)—Rich countries are to blame for climate change and should take the lead in forging a global climate pact by 2015, a deadline that ""must be met,"" the head of the United Nations said Wednesday. Highlighting a rift between the rich countries and emerging economies like China, New Zealand's climate minister staunchly defended his government's decision to drop out of the emissions pact for developed nations, saying ... Climate talks got down to the nitty-gritty in Doha on Tuesday as developing countries and the European Union (EU) staked out rival positions on the fate of the Kyoto Protocol. The CIA has shuttered its unit dedicated to studying the impact of climate change on national security, shifting its activities elsewhere, an official said Tuesday. Key greenhouse gas emitter Australia on Friday said it will sign up for a second round of the Kyoto Protocol environmental protection treaty, but New Zealand opted out. (AP)—New Zealand's government said Friday",exact_duplicate|near_duplicate|semantic_duplicate|same_template_different_content|related_but_both_valuable|false_positive|unclear
,shard_00020.parquet:29852,shard_00042.parquet:36586,0.9999994039535522,2381,2381,"There are Similarities Many of us know that President Obama is a “Lincoln Historian”. There are several similarities between the two men. They both began as poor men. Lincoln was mostly self-taught, while Mr. Obama graduated from Columbia University and then Harvard Law School. Mr. Lincoln served as a one-term legislator in the House of Representatives serving the state of Illinois. Mr. Obama was a senator from Illinois. In 1860 Mr. Lincoln became the Republican nominee for president. Because of his stand on the cessation and advancement of slavery he had no support from the southern states. He relied entirely on states in the north to win the election. Mr. Obama experienced the same situation in 2008 and again in 2012. Mr. Lincoln’s election prompted seven southern slavery states, South Carolina, Mississippi, Florida, Alabama, Texas, Louisiana, and Georgia to secede from the Union and form the Confederacy. When these and other southern sympathizers joined forces and attacked Fort Sumter on April 12, 1861, the Civil War became a reality. After Mr. Obama’s election, Texas leading the way, several southern states began petitions for secession from the United States. Mr. Obama’s hatre","There are Similarities Many of us know that President Obama is a “Lincoln Historian”. There are several similarities between the two men. They both began as poor men. Lincoln was mostly self-taught, while Mr. Obama graduated from Columbia University and then Harvard Law School. Mr. Lincoln served as a one-term legislator in the House of Representatives serving the state of Illinois. Mr. Obama was a senator from Illinois. In 1860 Mr. Lincoln became the Republican nominee for president. Because of his stand on the cessation and advancement of slavery he had no support from the southern states. He relied entirely on states in the north to win the election. Mr. Obama experienced the same situation in 2008 and again in 2012. Mr. Lincoln’s election prompted seven southern slavery states, South Carolina, Mississippi, Florida, Alabama, Texas, Louisiana, and Georgia to secede from the Union and form the Confederacy. When these and other southern sympathizers joined forces and attacked Fort Sumter on April 12, 1861, the Civil War became a reality. After Mr. Obama’s election, Texas leading the way, several southern states began petitions for secession from the United States. Mr. Obama’s hatre",exact_duplicate|near_duplicate|semantic_duplicate|same_template_different_content|related_but_both_valuable|false_positive|unclear
,shard_00006.parquet:12519,shard_00082.parquet:51870,1.0,4115,4115,"Rapid Urbanisation in China – Image Courtesy: Surian Soosay The term ‘urban sprawl’ is almost exclusively used in a negative way, conjuring up images of pollution, traffic problems, and green space sacrificed to make way for a seemingly endless number of new homes and business premises. Here we take a look at what urban sprawl is, why it happens, and if there may be a positive side to it to balance out some of the concerns. So What Actually Constitutes Urban Sprawl? Above: Suburban growth in Dhaka, Bangladesh – Shadman, a student of American International University, Bangladesh, who clicked the above picture, has taken a rather despondent view of such growth. He expresses his angst thus, “Welcome to the megacity- a world of concrete, cement, metal, brick & wood. Humans are only machines here, emotions have little value. Urbanization and the rush of the city have already made most of us like this building……..empty, incomplete.” However, is urbanisation, or more accurately ‘sububanisation’, really so bad? – Photo Courtesy: Shadman Urban sprawl refers to the kind of growth you see going on in the suburbs outside of cities, including new suburbs sprouting up, and population growth in e","Rapid Urbanisation in China – Image Courtesy: Surian Soosay The term ‘urban sprawl’ is almost exclusively used in a negative way, conjuring up images of pollution, traffic problems, and green space sacrificed to make way for a seemingly endless number of new homes and business premises. Here we take a look at what urban sprawl is, why it happens, and if there may be a positive side to it to balance out some of the concerns. So What Actually Constitutes Urban Sprawl? Above: Suburban growth in Dhaka, Bangladesh – Shadman, a student of American International University, Bangladesh, who clicked the above picture, has taken a rather despondent view of such growth. He expresses his angst thus, “Welcome to the megacity- a world of concrete, cement, metal, brick & wood. Humans are only machines here, emotions have little value. Urbanization and the rush of the city have already made most of us like this building……..empty, incomplete.” However, is urbanisation, or more accurately ‘sububanisation’, really so bad? – Photo Courtesy: Shadman Urban sprawl refers to the kind of growth you see going on in the suburbs outside of cities, including new suburbs sprouting up, and population growth in e",exact_duplicate|near_duplicate|semantic_duplicate|same_template_different_content|related_but_both_valuable|false_positive|unclear
,shard_00147.parquet:16449,shard_00141.parquet:36349,1.0000001192092896,1380,1380,"Easter is such a great time for family to get together. These free preschool Easter alphabet worksheets are so much fun! Get letters K, L and M in the free sample of the full book! Kids will identify the letter they need to look for and then hunt for the eggs with the matching letter! Continue reading all about some fun centers and games you can use with your preschoolers this Easter. Preschool Easter Alphabet Worksheets Grab your set by clicking on the large download button at the end of this post! - crayons or markers - daubers or dot markers - dry erase pockets if you’re making these re-usable You can either print them out two pages per slide or print them in B&W and slip them into drey erase pockets and have the kids re-use these mats. Would you like some more preschool centers and activities? The centers below include fun games to practice sight words, identifying alphabet uppercase and lowercase, ABC order, CVC rhyming, positional words, alphabet order strips, ABC picture puzzles, ten frame number match, numbers to ten clipping cards, number order picture puzzles, number order strips. Grab Your Copy Ready for some Easter ‘egg-hunting fun’? Grab your copy of these worksheets b","Easter is such a great time for family to get together. These free preschool Easter alphabet worksheets are so much fun! Get letters K, L and M in the free sample of the full book! Kids will identify the letter they need to look for and then hunt for the eggs with the matching letter! Continue reading all about some fun centers and games you can use with your preschoolers this Easter. Preschool Easter Alphabet Worksheets Grab your set by clicking on the large download button at the end of this post! - crayons or markers - daubers or dot markers - dry erase pockets if you’re making these re-usable You can either print them out two pages per slide or print them in B&W and slip them into drey erase pockets and have the kids re-use these mats. Would you like some more preschool centers and activities? The centers below include fun games to practice sight words, identifying alphabet uppercase and lowercase, ABC order, CVC rhyming, positional words, alphabet order strips, ABC picture puzzles, ten frame number match, numbers to ten clipping cards, number order picture puzzles, number order strips. Grab Your Copy Ready for some Easter ‘egg-hunting fun’? Grab your copy of these worksheets b",exact_duplicate|near_duplicate|semantic_duplicate|same_template_different_content|related_but_both_valuable|false_positive|unclear
,shard_00027.parquet:28780,shard_00048.parquet:24393,0.9910598993301392,6458,6970,"Noctiluca scintillans, commonly known as the Sea Sparkle, and also published as Noctiluca miliaris, is a free-living non-parasitic marine-dwelling species of dinoflagellate that exhibits bioluminescence when disturbed (popularly known as mareel). Its bioluminescence is produced throughout the cytoplasm of this single-celled protist, by a luciferin-luciferase reaction in thousands of spherically shaped organelles, called scintillons. Nonluminescent populations within the genus Noctiluca lack these scintillons. N. scintillans is a heterotroph (non-photosynthetic) that engulfs by phagocytosis food which includes plankton, diatoms, other dinoflagellates, fish eggs and bacteria. Diatoms are often found in the vacuoles (internal membrane-bound storage compartments) within these single-celled creatures. These green non-feeding symbioses can grow photoautotrophically for generations. The diatom Thalassiosira sp. has been noted in the literature as a favored food source of these organisms. N. scintillans can be found widely distributed throughout the world, often along the coast, in estuary, and shallow areas of the continental shelf that receive plenty of light which promotes the growth of","Noctiluca scintillans, commonly known as the Sea Sparkle, and also published as Noctiluca miliaris, is a free-living non-parasitic marine-dwelling species of dinoflagellate that exhibits bioluminescence, when disturbed. The bioluminescent characteristic of N. scintillans is produced by a luciferin-luciferase reaction that takes place in thousands of spherically shaped organelles, called scintillons, located throughout the cytoplasm of this single-celled protist. Nonluminescent populations within the genus Noctiluca lack these scintillons. N. scintillans is a heterotroph (non-photosynthetic) that engulfs its food by phagocytosis, which includes plankton, diatoms, other dinoflagellates, as well as fish eggs and bacteria. Diatoms are often found in the vacuoles (internal membrane-bound storage compartments) within these single-celled creatures. These green non-feeding symbioses can grow photoautotrophically for generations. The diatom Thalassiosira sp. has been noted in the literature as a favored food source of these organisms. N. scintillans can be found widely distributed throughout the world, often along the coast, in estuary, and shallow areas of the continental shelf that receiv",exact_duplicate|near_duplicate|semantic_duplicate|same_template_different_content|related_but_both_valuable|false_positive|unclear
,shard_00157.parquet:40029,shard_00155.parquet:53200,1.0000005960464478,2554,2554,"AUSPERLhas a number of industrial applications including: Insulation in Steelworks and Foundries Good thermal insulation, low density and its natural refractory properties combine with ease of application to makea highly suitable material for use in steelworks and foundries. It is used for hot topping molten steel to reduce heat loss from ingots and ladles and generally as a loose-fill insulator. Vermiculite for refractory and high temperature insulation is normally bonded with alumina cements, fire clays and silicates to produce a wide range of vermiculite products which, depending on type and application can withstand hot face temperatures of up to 1100ºC. The type of refractory products made using vermiculite are:- - pre-fired clay bonded insulation firebricks; - castable high alumina concretes for back up insulation; - high alumina bonded bricks, slabs and special shapes; and - silicate bonded insulating shapes and moulded products. . Exfoliated vermiculite is a useful packaging medium. Not only is it light weight, clean and easily poured around irregular shaped objects, it also provides a good baffle against shocks caused by impact and improper handling. Being highly absorbent","AUSPERLhas a number of industrial applications including: Insulation in Steelworks and Foundries Good thermal insulation, low density and its natural refractory properties combine with ease of application to makea highly suitable material for use in steelworks and foundries. It is used for hot topping molten steel to reduce heat loss from ingots and ladles and generally as a loose-fill insulator. Vermiculite for refractory and high temperature insulation is normally bonded with alumina cements, fire clays and silicates to produce a wide range of vermiculite products which, depending on type and application can withstand hot face temperatures of up to 1100ºC. The type of refractory products made using vermiculite are:- - pre-fired clay bonded insulation firebricks; - castable high alumina concretes for back up insulation; - high alumina bonded bricks, slabs and special shapes; and - silicate bonded insulating shapes and moulded products. . Exfoliated vermiculite is a useful packaging medium. Not only is it light weight, clean and easily poured around irregular shaped objects, it also provides a good baffle against shocks caused by impact and improper handling. Being highly absorbent",exact_duplicate|near_duplicate|semantic_duplicate|same_template_different_content|related_but_both_valuable|false_positive|unclear
,shard_00153.parquet:10954,shard_00128.parquet:11161,0.9802889227867126,7269,5248,"|Scientific Name:||Hyaena brunnea| |Species Authority:||Thunberg, 1820| Parahyaena brunnea (Thunberg, 1820) |Taxonomic Notes:||This species is sometimes included in the genus Parahyaena (e.g., Wozencraft 1993). However, Jenks and Werdelin (1998) proposed that in the absence of clear-cut data regarding rank among hyaenas and because cytochrome b data unite striped and brown hyaenas as sister taxa relative to Crocuta and Proteles, the former two should be placed together in the genus Hyaena. They acknowledged that the split between striped and brown hyaena is relatively old (Miocene) by placing the two in different subgenera, Hyaena (Hyaena) and Hyaena (Parahyaena).| |Red List Category & Criteria:||Near Threatened ver 3.1| |Assessor(s):||Wiesel, I., Maude, G., Scott, D. & Mills, G.| |Reviewer(s):||Mills, G. (Hyaena Red List Authority) & Hoffmann, M. (Global Mammal Assessment Team)| Listed as Near Threatened as the global population size is estimated to be below 10,000 mature individuals, and experiences a measure of deliberate and incidental persecution such that it may come close to meeting a continuing decline of 10% over the next three generations. Almost qualifies as threatened u","|Scientific Name:||Hyaena brunnea| |Species Authority:||Thunberg, 1820| Parahyaena brunnea (Thunberg, 1820) |Taxonomic Notes:||This species is sometimes included in the genus Parahyaena (e.g., Wozencraft 1993). However, Jenks and Werdelin (1998) proposed that in the absence of clear-cut data regarding rank among hyaenas and because cytochrome b data unite striped and brown hyaenas as sister taxa relative to Crocuta and Proteles, the former two should be placed together in the genus Hyaena. They acknowledged that the split between striped and brown hyaena is relatively old (Miocene) by placing the two in different subgenera, Hyaena (Hyaena) and Hyaena (Parahyaena).| |Red List Category & Criteria:||Near Threatened ver 3.1| |Assessor(s):||Wiesel, I., Maude, G., Scott, D. & Mills, G.| |Reviewer(s):||Mills, G. (Hyaena Red List Authority) & Hoffmann, M. (Global Mammal Assessment Team)| Listed as Near Threatened as the global population size is estimated to be below 10,000 mature individuals, and experiences a measure of deliberate and incidental persecution such that it may come close to meeting a continuing decline of 10% over the next three generations. Almost qualifies as threatened u",exact_duplicate|near_duplicate|semantic_duplicate|same_template_different_content|related_but_both_valuable|false_positive|unclear
,shard_00043.parquet:625,shard_00038.parquet:46705,0.9999998211860657,1808,1808,Rangoli is a very ancient and one of the most beautiful traditional arts of India. it is an art of festivals and happy events. In Hindu religion it has a great place without any doubt. It is an art of females of houses. They prepare various rangoli designs on various occasions in front of their houses and walls. Diwali is one of the most important festivals of India. In Hindu religion diwali known as a festival of lights. It is a festival or celebration of victory of goodness over demon. Diwali celebration dedicated to lord Rama who comes back to Ayodhya after killing of demon Rawan. Diwali is a festival of lamps and rangoli. Rangoli is an important part of this festival. Women mark this festival as their Rangoli making. Rangoli is a symbol of welcome. Rangoli is also a praise to lord fro get bless. Rangoli making is quite simple. It not needs any expertise. Women can make it on house floor with proper rangoli lesson plans. Rangoli lesson planning is not compulsory but it ca enhance the beauty of rangoli design. Rangoli lesson planning is also helps to maker to make various critical designs or to make imagined patterns of Design. Rangoli lesson plans are also help to a student. It,Rangoli is a very ancient and one of the most beautiful traditional arts of India. it is an art of festivals and happy events. In Hindu religion it has a great place without any doubt. It is an art of females of houses. They prepare various rangoli designs on various occasions in front of their houses and walls. Diwali is one of the most important festivals of India. In Hindu religion diwali known as a festival of lights. It is a festival or celebration of victory of goodness over demon. Diwali celebration dedicated to lord Rama who comes back to Ayodhya after killing of demon Rawan. Diwali is a festival of lamps and rangoli. Rangoli is an important part of this festival. Women mark this festival as their Rangoli making. Rangoli is a symbol of welcome. Rangoli is also a praise to lord fro get bless. Rangoli making is quite simple. It not needs any expertise. Women can make it on house floor with proper rangoli lesson plans. Rangoli lesson planning is not compulsory but it ca enhance the beauty of rangoli design. Rangoli lesson planning is also helps to maker to make various critical designs or to make imagined patterns of Design. Rangoli lesson plans are also help to a student. It,exact_duplicate|near_duplicate|semantic_duplicate|same_template_different_content|related_but_both_valuable|false_positive|unclear
,shard_00164.parquet:48950,shard_00140.parquet:17711,1.0000001192092896,2514,2514,"Boffins teach football bots how to fall RonaldoBots apply lessons from martial arts Boffins are teaching football-playing robots how to fall properly. Traditional approaches to robotics have focused on keeping mechanical machines upright and balanced. But in the context of playing football on an uneven surface and with interaction with other robot players, that's an unrealistic goal. Robotic experts in Chile have begun teaching their bots to fall down without damaging themselves and recover quickly, taking lessons from the world of martial arts. An article in New Scientist explains that the researchers aim to further evolve the technique so that bots who play in goal can dive to save shots. Javier Ruiz-del-Solar, something like the Raphael Benitez of RoboSoccer, and his team from the University of Chile in Santiago are developing the technique for bots due to take part in the annual world RoboCup in Austria next month. New Scientist reports that the Chilean boffins hope to outshine the opposition by researching and later integrating superior falling capabilities into their metal men. To find out the optimum ways for a robot to fall, the team used a computer simulation based on a hu","Boffins teach football bots how to fall RonaldoBots apply lessons from martial arts Boffins are teaching football-playing robots how to fall properly. Traditional approaches to robotics have focused on keeping mechanical machines upright and balanced. But in the context of playing football on an uneven surface and with interaction with other robot players, that's an unrealistic goal. Robotic experts in Chile have begun teaching their bots to fall down without damaging themselves and recover quickly, taking lessons from the world of martial arts. An article in New Scientist explains that the researchers aim to further evolve the technique so that bots who play in goal can dive to save shots. Javier Ruiz-del-Solar, something like the Raphael Benitez of RoboSoccer, and his team from the University of Chile in Santiago are developing the technique for bots due to take part in the annual world RoboCup in Austria next month. New Scientist reports that the Chilean boffins hope to outshine the opposition by researching and later integrating superior falling capabilities into their metal men. To find out the optimum ways for a robot to fall, the team used a computer simulation based on a hu",exact_duplicate|near_duplicate|semantic_duplicate|same_template_different_content|related_but_both_valuable|false_positive|unclear
,shard_00024.parquet:28457,shard_00100.parquet:44377,1.0,1398,1398,"Symbiotic agriculture has 3 targets, in balance Improve soil’s health and fertility. For this reason, fertilizers and agrochemical products, that contain heavy metals, are banned. Furthermore hybrid seeds and GMO are prohibited. Fertilization must be done by using natural substances, such as manure. Soil protection is reached also by using mycorrhizae and good bacteria in the ground. In this way symbiont fungi are protected, as they are so important as vulnerable to chemicals. Improve the function of our second brain: the intestine. The microorganisms, present in the ground and in the intestine, help to stay healthy because they aid the absorption of nutrients and keep bad bacteria away from the intestine. In this way the intestinal biota is daily reinforced and maintained. An intestine with many good bacteria is functional for an immune response; it seems to be demonstrated that food allergies are linked to the consumption of industrial food, almost sterilized. Create functional products. Take care of animals is, as well as environmental protection, the basis of symbiotic products. For this reason are banned treatment with hormones or similar substances, for reproduction, syntheti","Symbiotic agriculture has 3 targets, in balance Improve soil’s health and fertility. For this reason, fertilizers and agrochemical products, that contain heavy metals, are banned. Furthermore hybrid seeds and GMO are prohibited. Fertilization must be done by using natural substances, such as manure. Soil protection is reached also by using mycorrhizae and good bacteria in the ground. In this way symbiont fungi are protected, as they are so important as vulnerable to chemicals. Improve the function of our second brain: the intestine. The microorganisms, present in the ground and in the intestine, help to stay healthy because they aid the absorption of nutrients and keep bad bacteria away from the intestine. In this way the intestinal biota is daily reinforced and maintained. An intestine with many good bacteria is functional for an immune response; it seems to be demonstrated that food allergies are linked to the consumption of industrial food, almost sterilized. Create functional products. Take care of animals is, as well as environmental protection, the basis of symbiotic products. For this reason are banned treatment with hormones or similar substances, for reproduction, syntheti",exact_duplicate|near_duplicate|semantic_duplicate|same_template_different_content|related_but_both_valuable|false_positive|unclear
,shard_00093.parquet:50589,shard_00071.parquet:42966,0.996597945690155,8765,8058,"Duodenal atresia or stenosis is a rare congenital digestive disorder that usually occurs for no apparent reason (sporadically). However, a few cases of duodenal atresia have been inherited as an autosomal recessive genetic trait. Duodenal atresia is a disease of newborn infants. Absence or complete closure (atresia) of a portion of the channel (lumen) within the first part of the small intestine (duodenum), or partial obstruction due to narrowing (stenosis) of the duodenum, is present. Other associated abnormalities may be found in over half of those affected with duodenal atresia or duodenal stenosis. Duodenal atresia and duodenal stenosis are abnormalities in which there is an absence or complete closure (atresia) in the first part of the small intestines (duodenum) or narrowing (stenosis) of the duodenum. These obstructions in the digestive tract of infants prevent proper absorption of food. The defect in the duodenum may be located in the area where the pancreatic and bile ducts join as they open into the first part of the small intestines (ampulla of Vater,) or in the portion of the duodenum furthest from the opening of the ampulla of Vater. There may be an absence of the chan","Duodenal atresia or stenosis is a rare congenital digestive disorder that usually occurs for no apparent reason (sporadically). However, a few cases of duodenal atresia have been inherited as an autosomal recessive genetic trait. Duodenal atresia is a disease of newborn infants. Absence or complete closure (atresia) of a portion of the channel (lumen) within the first part of the small intestine (duodenum), or partial obstruction due to narrowing (stenosis) of the duodenum, is present. Other associated abnormalities may be found in over half of those affected with duodenal atresia or duodenal stenosis. Duodenal atresia and duodenal stenosis are abnormalities in which there is an absence or complete closure (atresia) in the first part of the small intestines (duodenum) or narrowing (stenosis) of the duodenum. These obstructions in the digestive tract of infants prevent proper absorption of food. The defect in the duodenum may be located in the area where the pancreatic and bile ducts join as they open into the first part of the small intestines (ampulla of Vater,) or in the portion of the duodenum furthest from the opening of the ampulla of Vater. There may be an absence of the chan",exact_duplicate|near_duplicate|semantic_duplicate|same_template_different_content|related_but_both_valuable|false_positive|unclear
,shard_00041.parquet:18064,shard_00010.parquet:7419,0.999999463558197,3133,3133,"- 2.5 billion people do not have access to a toilet or sustainable sanitation - November 19, 2013 has been designated first World Toilet Day by United Nations - In many countries, girls stay home from school or drop out all together due to lack of a safe place to change and clean As many of the devastating stories and photos of typhoon-wrecked Philippines show, one of the most pressing problems of the Philippines crisis is the lack of toilets and the collapse of water systems. Tacloban is currently facing a desperate lack of sustainable sanitation. UNICEF, among other organizations, has delivered portable toilets and hygiene supplies to Tacloban and is appealing for $34 million to help the four million children affected by Typhoon Haiyan, the estimated amount for six months of assistance. The lack of sustainable sanitation that the Tacloban region is suddenly facing is part of daily life for an astonishingly high percentage of the world's population. To throw a spotlight on the issue, the United Nations General Assembly declared this year would kick off the inaugural World Toilet Day on November 19. ""We must break the taboos and make sanitation for all a global development priority","- 2.5 billion people do not have access to a toilet or sustainable sanitation - November 19, 2013 has been designated first World Toilet Day by United Nations - In many countries, girls stay home from school or drop out all together due to lack of a safe place to change and clean As many of the devastating stories and photos of typhoon-wrecked Philippines show, one of the most pressing problems of the Philippines crisis is the lack of toilets and the collapse of water systems. Tacloban is currently facing a desperate lack of sustainable sanitation. UNICEF, among other organizations, has delivered portable toilets and hygiene supplies to Tacloban and is appealing for $34 million to help the four million children affected by Typhoon Haiyan, the estimated amount for six months of assistance. The lack of sustainable sanitation that the Tacloban region is suddenly facing is part of daily life for an astonishingly high percentage of the world's population. To throw a spotlight on the issue, the United Nations General Assembly declared this year would kick off the inaugural World Toilet Day on November 19. ""We must break the taboos and make sanitation for all a global development priority",exact_duplicate|near_duplicate|semantic_duplicate|same_template_different_content|related_but_both_valuable|false_positive|unclear
,shard_00052.parquet:50068,shard_00066.parquet:9679,0.9966524243354797,4229,4270,"|Feature : Railway stations| |A place where trains stop and passengers board and disembark.| Railway stations are often complex and include both transport connections and varying amenities. A complex station can be mapped to varying degrees of detail using the following tags and descriptions. A straightforward railway station may be mapped using the structure and tags shown in the diagram below : More complex stations, such as termini and other main stations in cities and may need to be mapped to a different level of detail. See below for descriptions of suitable tags. - A node or polygon should be tagged as railway=station or railway=halt to mark the actual station/halt. (rather than being on a node, this tag could be on the whole station) - A node on a track way should be tagged as railway=stop to mark the estimate point at which the actual train stops. - Tracks within a station should be ways that are tagged as railway=rail. - To aid in route planning, platforms should be drawn and tagged as railway=platform and ref=* - Optionally, station concourses and galleyways should be tagged as highway=footway, with optional name=station concourse / galleyway name when a specific name is","|Feature : Railway stations| |A place where trains stop and passengers board and disembark.| Railway stations are often complex and include both transport connections and varying amenities. A complex station can be mapped to varying degrees of detail using the following tags and descriptions. A straightforward railway station may be mapped using the structure and tags shown in the diagram below : More complex statins, such as termini and other main stations in cities and may need to be mapped to a different level of detail. See below for descriptions of suitable tags. - A node or polygon should be tagged as railway=station or railway=halt to mark the actual station/halt. (rather than being on a node, this tag could be on the whole station) - A node on a track way should be tagged as railway=stop to mark the estimate point at which the actual train stops. - Tracks within a station should be ways that are tagged as railway=rail. - To aid in route planning, platforms should be drawn and tagged as railway=platform and ref=* - Optionally, station concourses and galleyways should be tagged as highway=footway, name=station concourse, and should link platforms. - If a station has multiple",exact_duplicate|near_duplicate|semantic_duplicate|same_template_different_content|related_but_both_valuable|false_positive|unclear
,shard_00026.parquet:16826,shard_00124.parquet:41048,0.9999999403953552,1212,1212,"In a letter to his wife Abigail, John Adams wrote: ""The Second Day of July 1776, will be the most memorable Epocha, in the History of America."" Adams' prediction came as the result of Richard Henry Lee's motion for independence being approved by the Congress on July 2, 1776. It was Lee's motion that officially separated the thirteen American colonies from Great Britain. A confident and euphoric Adams declared: ""I am apt to believe that it will be celebrated, by succeeding Generations, as the great anniversary Festival. It ought to be commemorated, as the Day of Deliverance by solemn Acts of Devotion to God Almighty. It ought to be solemnized with Pomp and Parade, with Shews, Games, Sports, Guns, Bells, Bonfires and Illuminations from one End of this Continent to the other from this Time forward forever more."" Adams would be two days off from his prediction, however. On July 4, the day after writing Abigail, Adams joined with the rest of his colleagues in approving the Declaration of Independence, a document that eloquently articulated the reasons why the colonies had separated from the British Empire. It was this vote - the one on July 4 - that would go down in history as a ""memora","In a letter to his wife Abigail, John Adams wrote: ""The Second Day of July 1776, will be the most memorable Epocha, in the History of America."" Adams' prediction came as the result of Richard Henry Lee's motion for independence being approved by the Congress on July 2, 1776. It was Lee's motion that officially separated the thirteen American colonies from Great Britain. A confident and euphoric Adams declared: ""I am apt to believe that it will be celebrated, by succeeding Generations, as the great anniversary Festival. It ought to be commemorated, as the Day of Deliverance by solemn Acts of Devotion to God Almighty. It ought to be solemnized with Pomp and Parade, with Shews, Games, Sports, Guns, Bells, Bonfires and Illuminations from one End of this Continent to the other from this Time forward forever more."" Adams would be two days off from his prediction, however. On July 4, the day after writing Abigail, Adams joined with the rest of his colleagues in approving the Declaration of Independence, a document that eloquently articulated the reasons why the colonies had separated from the British Empire. It was this vote - the one on July 4 - that would go down in history as a ""memora",exact_duplicate|near_duplicate|semantic_duplicate|same_template_different_content|related_but_both_valuable|false_positive|unclear
,shard_00044.parquet:7318,shard_00153.parquet:6418,1.0,6393,6393,"What is type 2 Diabetes? Type 2 diabetes is a severe condition where the insulin your pancreas makes can’t work correctly. What causes type 2 diabetes? We all need insulin to live. It does a necessary job. It permits the glucose in our blood to enter our cells and sustain our bodies. When you have type 2 diabetes, your body still breaks down carbohydrate from your food and beverage and turns it into glucose. Because this insulin can’t work correctly, your blood sugar levels keep increasing. For some people with type 2 diabetes this can eventually tire the pancreas out, suggesting their body earns less and less insulin. This can lead to even greater blood sugar level levels and mean you are at threat of hyperglycaemia. Is type 2 diabetes severe? Around 90% of individuals with diabetes in the UK have type 2. It is severe condition and can be lifelong. If left without treatment, high sugar levels in your blood can seriously harm parts of your body, including your eyes, heart and feet. These are called the issues of diabetes With the right treatment and care, you can live well with type 2 diabetes and decrease your danger of developing them. Managing type 2 diabetes Knowing how to cope","What is type 2 Diabetes? Type 2 diabetes is a severe condition where the insulin your pancreas makes can’t work correctly. What causes type 2 diabetes? We all need insulin to live. It does a necessary job. It permits the glucose in our blood to enter our cells and sustain our bodies. When you have type 2 diabetes, your body still breaks down carbohydrate from your food and beverage and turns it into glucose. Because this insulin can’t work correctly, your blood sugar levels keep increasing. For some people with type 2 diabetes this can eventually tire the pancreas out, suggesting their body earns less and less insulin. This can lead to even greater blood sugar level levels and mean you are at threat of hyperglycaemia. Is type 2 diabetes severe? Around 90% of individuals with diabetes in the UK have type 2. It is severe condition and can be lifelong. If left without treatment, high sugar levels in your blood can seriously harm parts of your body, including your eyes, heart and feet. These are called the issues of diabetes With the right treatment and care, you can live well with type 2 diabetes and decrease your danger of developing them. Managing type 2 diabetes Knowing how to cope",exact_duplicate|near_duplicate|semantic_duplicate|same_template_different_content|related_but_both_valuable|false_positive|unclear
,shard_00143.parquet:16297,shard_00015.parquet:43542,1.0000004768371582,2812,2812,"A majority of people living in developed countries want their government to increase taxes on the rich in order to help the poorest in society, according to a major global study. In all 21 countries included in the OECD study, more than half of those polled said they were in favour when asked: “Should the government tax the rich more than they currently do in order to support the poor?” The OECD said the survey of 22,000 people was “deeply troubling” and revealed that nearly 60% of respondents do not think they are getting their “fair share” back for the taxes they pay. Only one in five people thought that they would easily be able to access state benefits in the event of a crisis, with many raising concerns about healthcare. Almost six in 10 said their government ignored their views and concerns. “This is a wake-up call for policy makers,” Ángel Gurría, the Organisation for Economic Co-operation and Development secretary-general, said. “Too many people feel they cannot count fully on their government when they need help. “A better understanding of the factors driving this perception and why people feel they are struggling is essential to making social protection more effective and","A majority of people living in developed countries want their government to increase taxes on the rich in order to help the poorest in society, according to a major global study. In all 21 countries included in the OECD study, more than half of those polled said they were in favour when asked: “Should the government tax the rich more than they currently do in order to support the poor?” The OECD said the survey of 22,000 people was “deeply troubling” and revealed that nearly 60% of respondents do not think they are getting their “fair share” back for the taxes they pay. Only one in five people thought that they would easily be able to access state benefits in the event of a crisis, with many raising concerns about healthcare. Almost six in 10 said their government ignored their views and concerns. “This is a wake-up call for policy makers,” Ángel Gurría, the Organisation for Economic Co-operation and Development secretary-general, said. “Too many people feel they cannot count fully on their government when they need help. “A better understanding of the factors driving this perception and why people feel they are struggling is essential to making social protection more effective and",exact_duplicate|near_duplicate|semantic_duplicate|same_template_different_content|related_but_both_valuable|false_positive|unclear
,shard_00119.parquet:34490,shard_00007.parquet:31331,0.9945688843727112,2869,2797,"Roundworms (ascarids) are the most common intestinal parasite of dogs and cats. Pets become infected by swallowing roundworm eggs or larvae (immature worms) found in contaminated soil or feces or by eating infected rodents, birds, and certain insects. Puppies and kittens are commonly infected by the mother while still in the uterus, even if the mother has been wormed herself. Swallowed larvae travel through the body to the intestine, where they develop into mature worms. There, adult females deposit eggs, which pass with the stool and develop into infective larvae. These intestinal parasites may cause weight loss, weakness, diarrhea, or mucus in the stool. Mildly infested cats sometimes show no symptoms. Diagnosis is by identifying the eggs during microscopic examination of a stool sample. Public Health Significance Human infection with roundworm larvae (not adults) is possible but does not occur frequently if good hygiene is practiced, because eating contaminated stool or soil is necessary for infection. Children should be taught the importance of cleanliness when playing with animals, especially litters of puppies and kittens. The best insurance against human infection is keeping","Roundworms (ascarids) are the most common intestinal parasite of dogs and cats. Pets become infected by swallowing roundworm eggs or larvae (immature worms) found in contaminated soil or feces or by eating infected rodents, birds, and certain insects. Puppies and kittens are commonly infected by the mother while still in the uterus, even if the mother has been wormed herself. Swallowed larvae travel through the body to the intestine, where they develop into mature worms. There, adult females deposit eggs, which pass with the stool and develop into infective larvae. These intestinal parasites may cause weight loss, weakness, diarrhea, or mucus in the stool. Mildly infested cats sometimes show no symptoms. Diagnosis is by identifying the eggs during microscopic examination of a stool sample. Public Health Significance Human infection with roundworm larvae (not adults) is possible but does not occur frequently if good hygiene is practiced, because eating contaminated stool or soil is necessary for infection. Children should be taught the importance of cleanliness when playing with animals, especially litters of puppies and kittens. The best insurance against human infection is keeping",exact_duplicate|near_duplicate|semantic_duplicate|same_template_different_content|related_but_both_valuable|false_positive|unclear
,shard_00142.parquet:34246,shard_00092.parquet:8747,1.0000008344650269,2781,2781,"""Among the British stock of the southern colonies middle names were rarely bestowed on children until after the Revolution and did not become customary until the mid-1800s.Here are just a few of the Reeves individuals’ that I have encountered with recently acquired middle names – During the 17th century, fewer than one in a thousand male Virginians of British stock carried a middle name. Studies of public records in several Virginia counties suggest that parents gave their children more than one name so rarely that the practice was essentially nonexistent."" Middle Names in the Southern Colonies from Bob’s Genealogical Filing Cabinet. William Reeves who died in Granville County, North Carolina in 1751 appears in several places throughout the internet with the middle name “Cabell”. I spend an exorbitant amount of time researching North Carolina Reeves yet have never seen either William Reeves or his son William Reeves, Jr.’s names written with a middle initial or a middle name. Not in the tax, court and deed records of Granville, Edgecombe or Chowan counties of North Carolina. Is William Reeves of Granville, North Carolina being confused with William Cabell Rives of Albemarle, Virgin","""Among the British stock of the southern colonies middle names were rarely bestowed on children until after the Revolution and did not become customary until the mid-1800s.Here are just a few of the Reeves individuals’ that I have encountered with recently acquired middle names – During the 17th century, fewer than one in a thousand male Virginians of British stock carried a middle name. Studies of public records in several Virginia counties suggest that parents gave their children more than one name so rarely that the practice was essentially nonexistent."" Middle Names in the Southern Colonies from Bob’s Genealogical Filing Cabinet. William Reeves who died in Granville County, North Carolina in 1751 appears in several places throughout the internet with the middle name “Cabell”. I spend an exorbitant amount of time researching North Carolina Reeves yet have never seen either William Reeves or his son William Reeves, Jr.’s names written with a middle initial or a middle name. Not in the tax, court and deed records of Granville, Edgecombe or Chowan counties of North Carolina. Is William Reeves of Granville, North Carolina being confused with William Cabell Rives of Albemarle, Virgin",exact_duplicate|near_duplicate|semantic_duplicate|same_template_different_content|related_but_both_valuable|false_positive|unclear
,shard_00074.parquet:40801,shard_00127.parquet:18718,1.0000005960464478,2316,2316,"You may be especially worried if you see blood in your urine. This is called gross hematuria, and is the most common symptom of bladder cancer. However, just because you have blood in your urine does not mean that you have bladder cancer. Cxbladder is a group of urine-based laboratory tests that can rule out bladder cancer and give you peace of mind. Blood in your urine? - If blood is present in your urine, you may be able to see it (macrohematuria) or it may be invisible (microhematuria). - Microhematuria is found by a urine dipstick test. Alternatively, a doctor may look at a sample of your urine through a microscope. - Hematuria is usually not associated with pain. - If you have hematuria, you are not alone. Up to 1 in every 5 people in the general population has hematuria. - If you have hematuria you may be alarmed because it is the most common symptom of bladder cancer. - However, fewer than 1 in 10 people with hematuria actually have bladder cancer. - Cxbladder is an easy-to-use and accurate urine test that can help rule out bladder cancer if you have hematuria. Cxbladder can provide you with confidence, reassurance and peace of mind. - Many common foods, drugs and other fact","You may be especially worried if you see blood in your urine. This is called gross hematuria, and is the most common symptom of bladder cancer. However, just because you have blood in your urine does not mean that you have bladder cancer. Cxbladder is a group of urine-based laboratory tests that can rule out bladder cancer and give you peace of mind. Blood in your urine? - If blood is present in your urine, you may be able to see it (macrohematuria) or it may be invisible (microhematuria). - Microhematuria is found by a urine dipstick test. Alternatively, a doctor may look at a sample of your urine through a microscope. - Hematuria is usually not associated with pain. - If you have hematuria, you are not alone. Up to 1 in every 5 people in the general population has hematuria. - If you have hematuria you may be alarmed because it is the most common symptom of bladder cancer. - However, fewer than 1 in 10 people with hematuria actually have bladder cancer. - Cxbladder is an easy-to-use and accurate urine test that can help rule out bladder cancer if you have hematuria. Cxbladder can provide you with confidence, reassurance and peace of mind. - Many common foods, drugs and other fact",exact_duplicate|near_duplicate|semantic_duplicate|same_template_different_content|related_but_both_valuable|false_positive|unclear
,shard_00061.parquet:24720,shard_00136.parquet:33403,1.0000003576278687,13523,13523,"Companies use touchless infrared thermometers to measure the temperature of people and objects. With the COVID-19 pandemic and the increased need to check body temperature, many organizations now rely on the accuracy of touchless infrared thermometers in their daily operations. While touchless infrared thermometers are incredibly accurate, they sometimes need calibration services to ensure they are still delivering accurate results. If you use touchless infrared thermometers or plan to use them, learn more about how they work, what makes them accurate and why it is important to calibrate them. What Are Infrared Thermometers? Infrared thermometers are devices used to measure infrared temperature. They infer temperature by measuring the thermal radiation from a person or object and allow users to measure temperature without any contact with a person or object. They offer an excellent alternative to probe-type or thermocouple sensors when these sensors can’t reach an object or receive an accurate result. You can often find these thermometers used in circumstances where an electromagnetic (EM) field surrounds an object or when an object is moving. You might also see no-contact thermome","Companies use touchless infrared thermometers to measure the temperature of people and objects. With the COVID-19 pandemic and the increased need to check body temperature, many organizations now rely on the accuracy of touchless infrared thermometers in their daily operations. While touchless infrared thermometers are incredibly accurate, they sometimes need calibration services to ensure they are still delivering accurate results. If you use touchless infrared thermometers or plan to use them, learn more about how they work, what makes them accurate and why it is important to calibrate them. What Are Infrared Thermometers? Infrared thermometers are devices used to measure infrared temperature. They infer temperature by measuring the thermal radiation from a person or object and allow users to measure temperature without any contact with a person or object. They offer an excellent alternative to probe-type or thermocouple sensors when these sensors can’t reach an object or receive an accurate result. You can often find these thermometers used in circumstances where an electromagnetic (EM) field surrounds an object or when an object is moving. You might also see no-contact thermome",exact_duplicate|near_duplicate|semantic_duplicate|same_template_different_content|related_but_both_valuable|false_positive|unclear
,shard_00112.parquet:28067,shard_00092.parquet:296,0.9999999403953552,2181,2181,"About once every ten years, NASA comes up with a fake story about life on Mars. This helps keep funding coming in for their climate scam. Check out the comedy below : Martian salt streaks ‘painted by liquid water’ By Jonathan Amos BBC Science Correspondent 28 September 2015 MRO has an instrument called Crism that can determine the chemistry of surface materials. It has looked at four locations where dark streaks are seen to come and go during Martian summer months. These streaks, called “recurring slope lineae” (RSL), were well known to Mars scientists and were suspected – but not proven – to be associated with trickling water. “We know from prior investigations that these features form on Mars,” Mr Ohja told journalists at the briefing. “However, the key evidence was missing until now – and that was their chemical identity.” Alfred McEwen, a senior member of the orbiter team and a professor of planetary geology at the University of Arizona, agreed: “We had no direct detection of water; that was just our best guess as to what these were.” Now, Crism has demonstrated that the RSLs are covered with salts. There are implications for the existence of life on the planet today, because a","About once every ten years, NASA comes up with a fake story about life on Mars. This helps keep funding coming in for their climate scam. Check out the comedy below : Martian salt streaks ‘painted by liquid water’ By Jonathan Amos BBC Science Correspondent 28 September 2015 MRO has an instrument called Crism that can determine the chemistry of surface materials. It has looked at four locations where dark streaks are seen to come and go during Martian summer months. These streaks, called “recurring slope lineae” (RSL), were well known to Mars scientists and were suspected – but not proven – to be associated with trickling water. “We know from prior investigations that these features form on Mars,” Mr Ohja told journalists at the briefing. “However, the key evidence was missing until now – and that was their chemical identity.” Alfred McEwen, a senior member of the orbiter team and a professor of planetary geology at the University of Arizona, agreed: “We had no direct detection of water; that was just our best guess as to what these were.” Now, Crism has demonstrated that the RSLs are covered with salts. There are implications for the existence of life on the planet today, because a",exact_duplicate|near_duplicate|semantic_duplicate|same_template_different_content|related_but_both_valuable|false_positive|unclear
,shard_00151.parquet:15146,shard_00007.parquet:34061,0.9859956502914429,2453,2815,"Enable Your Animals To Reach Their Full Potential Utilizing Science to Work for Your Herd Science is on Our Side Chelated Trace Minerals = Trace minerals are essential nutritional components of animal feed rations that make a big difference to your animal's health. That part seems obvious, but what many operations don't realize is how important these minerals are to maximize your animal's food utilization and to improve immunity and reproductive potential. Not all trace minerals are created equally. Since the digestive system has two main functions, digestion and absorption, it's important to understand the difference between those two terms. Digestion is the mechanical and chemical breakdown of food material to prepare for absorption. Absorption is the passage of molecules through the mucous membranes of the small intestines to the blood or lymph system for distribution to the body’s cells. Since the small intestine's absorption process comes after the stomach's digestion process, using amino acid chelated minerals is extremely valuable to your operation. Most minerals break down during digestion, but our amino acid chelated minerals are chemically formulated to withstand the stom","Enable Your Animals To Reach Their Full Potential Putting Science to Work for Your Herd Science is on Our Side Chelated Trace Minerals = Trace minerals are essential nutritional components of animal feed rations that make a big difference to your animal's health. That part seems obvious, but what many operations don't realize is how important these minerals are to maximize your animal's food utilization and to improve immunity and reproductive potential. Not all trace minerals are created equally. Since the digestive system has two main functions, digestion and absorption, it's important to understand the difference between those two terms. Digestion is the mechanical and chemical breakdown of food material to prepare for absorption. Absorption is the passage of molecules through the mucous membranes of the small intestines to the blood or lymph system for distribution to the body’s cells. Since the small intestine's absorption process comes after the stomach's digestion process, using amino acid chelated minerals is extremely valuable to your operation. Most minerals break down during digestion, but our amino acid chelated minerals are chemically formulated to withstand the stomac",exact_duplicate|near_duplicate|semantic_duplicate|same_template_different_content|related_but_both_valuable|false_positive|unclear
,shard_00059.parquet:23547,shard_00147.parquet:12216,1.0000004768371582,2573,2573,"This image of Candor Chasma's eastern end was taken by the Compact Reconnaissance Imaging Spectrometer for Mars (CRISM) at 0655 UTC (2:55 a.m. EDT) on March 24, 2007. CRISM's image captured 544 colors covering 0.36-3.92 micrometers, and shows features as small as 100 meters (330 feet) across. The region covered is roughly 10 kilometers (6.2 miles) at its narrowest point. Designed to look for a variety of materials on the walls and floor of Candor Chasma, this CRISM observation is somewhat unique in that it is extended along an extended path across the chasma floor to capture extra territory at the expense of spatial resolution. Candor Chasma is a deep, elongated, steep-sided depression some 813 kilometers (505 miles) in length. It is one of two large chasmata that make up the northern end of the Valles Marineris system. The top image, which illustrates the long path CRISM's cameras scanned to extend the observation in the along-track direction, shows the CRISM image on top of a mosaic of images from the Thermal Emission Imaging System (THEMIS) on Mars Odyssey. The lower two false-color images offer a glimpse of the topography and mineralogy contained within this large chasma. These","This image of Candor Chasma's eastern end was taken by the Compact Reconnaissance Imaging Spectrometer for Mars (CRISM) at 0655 UTC (2:55 a.m. EDT) on March 24, 2007. CRISM's image captured 544 colors covering 0.36-3.92 micrometers, and shows features as small as 100 meters (330 feet) across. The region covered is roughly 10 kilometers (6.2 miles) at its narrowest point. Designed to look for a variety of materials on the walls and floor of Candor Chasma, this CRISM observation is somewhat unique in that it is extended along an extended path across the chasma floor to capture extra territory at the expense of spatial resolution. Candor Chasma is a deep, elongated, steep-sided depression some 813 kilometers (505 miles) in length. It is one of two large chasmata that make up the northern end of the Valles Marineris system. The top image, which illustrates the long path CRISM's cameras scanned to extend the observation in the along-track direction, shows the CRISM image on top of a mosaic of images from the Thermal Emission Imaging System (THEMIS) on Mars Odyssey. The lower two false-color images offer a glimpse of the topography and mineralogy contained within this large chasma. These",exact_duplicate|near_duplicate|semantic_duplicate|same_template_different_content|related_but_both_valuable|false_positive|unclear
,shard_00043.parquet:43027,shard_00129.parquet:28726,0.9999579191207886,8107,8222,"Johann Weikhard von Valvasor |Johann Weikhard von Valvasor Janez Vajkard Valvasor Valvasor in 1689 Laibach, Carniola, (now Ljubljana, Slovenia) |Died||September or October 1693 (aged 52) |Known for||nobleman, scholar, polymath| |Spouse||Anna Rosina Valvasor née Grafenweger| Johann Weikhard Freiherr von Valvasor[Note 1] or Johann Weichard Freiherr von Valvasor[Note 2] (Slovene: Janez Vajkard Valvasor, pronounced [ˈʋáːlʋazɔɾ]) or simply Valvasor (baptized on 28 May 1641 – September or October 1693) was a natural historian from Carniola, present-day Slovenia, and a fellow of the Royal Society in London. He is known as a pioneer of study of karst phenomena. Together with his other writings, until the late 19th century his best-known work—the 1689 Glory of the Duchy of Carniola, published in 15 books in four volumes—was the main source for older Slovenian history, making him one of the precursors of modern Slovenian historiography. Valvasor was born in the town of Ljubljana, then Duchy of Carniola, now the capital of Slovenia. In the 16th century, It was Johann Baptist Valvasor who established the family Valvasor in the Duchy of Carniola in central Europe in a part of Austria that is no","Johann Weikhard von Valvasor |Johann Weikhard von Valvasor Janez Vajkard Valvasor Valvasor in 1689 Laibach, Carniola, (now Ljubljana, Slovenia) |Died||September or October 1693 (aged 52) |Known for||nobleman, scholar, polymath| |Spouse||Anna Rosina Valvasor née Grafenweger| Johann Weikhard Freiherr von Valvasor[Note 1] or Johann Weichard Freiherr von Valvasor[Note 2] (Slovene: Janez Vajkard Valvasor, pronounced [ˈʋáːlʋazɔr]) or simply Valvasor (baptized on 28 May 1641 – September or October 1693) was a natural historian from Carniola, present-day Slovenia, and a fellow of the Royal Society in London. He is known as a pioneer of study of karst phenomena. Together with his other writings, until the late 19th century his best-known work—the 1689 Glory of the Duchy of Carniola, published in 15 books in four volumes—was the main source for older Slovenian history, making him one of the precursors of modern Slovenian historiography. Valvasor was born in the town of Ljubljana, then Duchy of Carniola, now the capital of Slovenia. In the 16th century, It was Johann Baptist Valvasor who established the family Valvasor in the Duchy of Carniola in central Europe in a part of Austria that is no",exact_duplicate|near_duplicate|semantic_duplicate|same_template_different_content|related_but_both_valuable|false_positive|unclear
,shard_00169.parquet:11287,shard_00066.parquet:2049,0.998252809047699,3089,3107,"eso9807 — Organisation Release Pointing the First 8.2-m VLT Telescope 17 February 1998 Now that the big mechanical pieces of the first 8.2-metre unit telescope (UT1) of ESO's Very Large Telescope (VLT) have been assembled, the work areas have shifted towards the many other components that are needed to make the first giant optical telescope in the southern hemisphere operational. Although most of these items may be of less impressive dimensions, they are equally indispensable to make a telescope of this size and weight point towards a given direction and follow the motion of the celestial objects to be observed with superior accuracy. Some the most crucial components for the orientation of the UT1 have just been installed and are now being tested with success. They include the encoders which allow to read the position of the two telescope axes with the highest possible precision. The telescope turns around the vertical azimuthal axis on circular hydrostatic tracks, while the horizontal altitude axis tilts the telescope tube between zenith and the horizon. Due to some difficulties in getting the originally foreseen encoder on time, ESO decided late last year to mount a steel band LI","eso9807 — Organisation Release Pointing the First 8.2-m VLT Telescope 17 February 1998 Now that the big mechanical pieces of the first 8.2-metre unit telescope (UT1) of ESO's Very Large Telescope (VLT) have been assembled, the work areas have shifted towards the many other components that are needed to make the first giant optical telescope in the southern hemisphere operational. Although most of these items may be of less impressive dimensions, they are equally indispensable to make a telescope of this size and weight point towards a given direction and follow the motion of the celestial objects to be observed with superior accuracy. Some the most crucial components for the orientation of the UT1 have just been installed and are now being tested with success. They include the encoders which allow to read the position of the two telescope axes with the highest possible precision. The telescope turns around the vertical azimuthal axis on circular hydrostatic tracks, while the horizontal altitude axis tilts the telescope tube between zenith and the horizon. Due to some difficulties in getting the originally foreseen encoder on time, ESO decided late last year to mount a steel band LI",exact_duplicate|near_duplicate|semantic_duplicate|same_template_different_content|related_but_both_valuable|false_positive|unclear
,shard_00035.parquet:40546,shard_00068.parquet:13423,1.0000003576278687,1297,1297,"To use the Force, a Jedi must remain at harmony with it. To act in dissonance depletes one's power. The Force is created and sustained by life. The Jedi acts to preserve life. To kill is wrong. Yet it is often necessary to kill. The Jedi may kill in self-defense or in the defense of others. You may kill, if in doing so, life is preserved. But you must know, always, that killing is wrong. When you kill, you commit a crime against the Force. Though you may know that you do so for the greater good, and the greater good justifies your act, you must know that the death remains as a stain upon your The Jedi does not act for personal gain of wealth or power. You must act to gain knowledge; to sustain freedom, life and learning; to defeat those who impose tyranny, death and ignorance. Sometimes, wealth or power is needed to achieve the Jedi's goals. Money is required for the purchase of goods; power is required to obtain the help of others. To achieve one's goals, a Jedi may obtain wealth or power, but interested in it for it's own sake, and will surrender it once it's goals are achieved. A Jedi never acts from hatred, anger, fear or aggression. A Jedi must act when calm, at peace with the","To use the Force, a Jedi must remain at harmony with it. To act in dissonance depletes one's power. The Force is created and sustained by life. The Jedi acts to preserve life. To kill is wrong. Yet it is often necessary to kill. The Jedi may kill in self-defense or in the defense of others. You may kill, if in doing so, life is preserved. But you must know, always, that killing is wrong. When you kill, you commit a crime against the Force. Though you may know that you do so for the greater good, and the greater good justifies your act, you must know that the death remains as a stain upon your The Jedi does not act for personal gain of wealth or power. You must act to gain knowledge; to sustain freedom, life and learning; to defeat those who impose tyranny, death and ignorance. Sometimes, wealth or power is needed to achieve the Jedi's goals. Money is required for the purchase of goods; power is required to obtain the help of others. To achieve one's goals, a Jedi may obtain wealth or power, but interested in it for it's own sake, and will surrender it once it's goals are achieved. A Jedi never acts from hatred, anger, fear or aggression. A Jedi must act when calm, at peace with the",exact_duplicate|near_duplicate|semantic_duplicate|same_template_different_content|related_but_both_valuable|false_positive|unclear
,shard_00127.parquet:8959,shard_00040.parquet:14772,0.9999998211860657,5815,5815,"People in the township of Khayelitsha near Cape Town have been managing water shortages for ages. EPA/Nic Bothma Discussions of the water crisis that has hit Cape Town tend to focus on supply and demand. In other words, a severe and unusual drought has created a situation in which there is not enough water (supply) to meet people’s needs (demand). The City of Cape Town is focused on increasing supply through use of aquifers and temporary desalination and decreasing demand through restrictions. It announced an impending Day Zero, now pegged for July, as the day when water will be cut off and people will be forced to collect water from one of 200 collection points. Water shortages aren’t just being felt in the Western Cape. Other parts of the country, such as the Eastern Cape and KwaZulu-Natal, are also being affected by drought and most major metros have introduced water restrictions. Politicians have started using the term “new normal” to mean that people must learn to live with less water. But this masks the political decisions being made around allocation: a “new normal” must make sure that everyone in urban areas has equal access to water and that the law is followed when alloca","People in the township of Khayelitsha near Cape Town have been managing water shortages for ages. EPA/Nic Bothma Discussions of the water crisis that has hit Cape Town tend to focus on supply and demand. In other words, a severe and unusual drought has created a situation in which there is not enough water (supply) to meet people’s needs (demand). The City of Cape Town is focused on increasing supply through use of aquifers and temporary desalination and decreasing demand through restrictions. It announced an impending Day Zero, now pegged for July, as the day when water will be cut off and people will be forced to collect water from one of 200 collection points. Water shortages aren’t just being felt in the Western Cape. Other parts of the country, such as the Eastern Cape and KwaZulu-Natal, are also being affected by drought and most major metros have introduced water restrictions. Politicians have started using the term “new normal” to mean that people must learn to live with less water. But this masks the political decisions being made around allocation: a “new normal” must make sure that everyone in urban areas has equal access to water and that the law is followed when alloca",exact_duplicate|near_duplicate|semantic_duplicate|same_template_different_content|related_but_both_valuable|false_positive|unclear
,shard_00025.parquet:7808,shard_00015.parquet:40406,1.0000004768371582,8333,8333,"There's a subtle but steady shift happening in classrooms across the nation. More and more, schools are seeking efficient, cost-effective alternatives to using paper and supporting over-priced textbook companies. One way is by supporting technology in schools. Schools are seeking ways to upgrade and sustain wireless infrastructures and integrate mobile devices that broaden teaching and learning opportunities. Similarly, schools are decreasing their dependency on paper and incorporating digital workflows. Setting the Stage for Creative Exploration and Inquiry What's exciting about this shift in content curation, creation and distribution is that it allows teachers opportunities to work with the most current information available and serve as the expert when vetting content. Many new teachers are handed a textbook and curriculum map, and then sent into the classroom. While this process provides structure, it limits current information and assumes that we believe exactly what the textbook company is presenting. This is not to say textbook companies are in the business of writing skewed versions of history, science or math, but rather that students are provided with one viewpoint on th","There's a subtle but steady shift happening in classrooms across the nation. More and more, schools are seeking efficient, cost-effective alternatives to using paper and supporting over-priced textbook companies. One way is by supporting technology in schools. Schools are seeking ways to upgrade and sustain wireless infrastructures and integrate mobile devices that broaden teaching and learning opportunities. Similarly, schools are decreasing their dependency on paper and incorporating digital workflows. Setting the Stage for Creative Exploration and Inquiry What's exciting about this shift in content curation, creation and distribution is that it allows teachers opportunities to work with the most current information available and serve as the expert when vetting content. Many new teachers are handed a textbook and curriculum map, and then sent into the classroom. While this process provides structure, it limits current information and assumes that we believe exactly what the textbook company is presenting. This is not to say textbook companies are in the business of writing skewed versions of history, science or math, but rather that students are provided with one viewpoint on th",exact_duplicate|near_duplicate|semantic_duplicate|same_template_different_content|related_but_both_valuable|false_positive|unclear
,shard_00086.parquet:32882,shard_00149.parquet:39533,1.000000238418579,12054,12054,"Has the time come for a revival of the “cell state” perspective? Jonathan Birch looks at the application of social evolution theory to the origins of multicellular life. The “cell state” metaphor In the 19th century, biologists came to appreciate for the first time the fundamentality of the cell to all life on Earth. One of the early pioneers of cell biology, Rudolf Virchow, realized that the discovery of the cell brought with it a new way of seeing the organism. He described the organism as a “cell state”, or Zellenstaat, a “society of cells, a tiny, well-ordered state, with all of the accessories – high officials and underlings, servants and masters, the great and the small”.1 Virchow’s vision was widely supported in late 19th Century German biology. Ernst Haeckel, an influential early advocate of Darwinism, advocated the “cell state” metaphor throughout his career, reflecting towards the end of it that: “The conception of cells as ‘elementary organisms’ led to the further opinion that our own human organism, just like all higher animals and plants, is actually a ‘cell state’, composed of millions of microscopic citizens, the individual cells, which work more or less independentl","Has the time come for a revival of the “cell state” perspective? Jonathan Birch looks at the application of social evolution theory to the origins of multicellular life. The “cell state” metaphor In the 19th century, biologists came to appreciate for the first time the fundamentality of the cell to all life on Earth. One of the early pioneers of cell biology, Rudolf Virchow, realized that the discovery of the cell brought with it a new way of seeing the organism. He described the organism as a “cell state”, or Zellenstaat, a “society of cells, a tiny, well-ordered state, with all of the accessories – high officials and underlings, servants and masters, the great and the small”.1 Virchow’s vision was widely supported in late 19th Century German biology. Ernst Haeckel, an influential early advocate of Darwinism, advocated the “cell state” metaphor throughout his career, reflecting towards the end of it that: “The conception of cells as ‘elementary organisms’ led to the further opinion that our own human organism, just like all higher animals and plants, is actually a ‘cell state’, composed of millions of microscopic citizens, the individual cells, which work more or less independentl",exact_duplicate|near_duplicate|semantic_duplicate|same_template_different_content|related_but_both_valuable|false_positive|unclear
,shard_00074.parquet:29658,shard_00127.parquet:22189,1.0000007152557373,819,819,"CATS THEATRE CLUB About Theatre Club: CATS Theatre club will offer a platform for all students to learn to express, create and innovate through speech and drama. In these sessions children will be exposed to different kinds of creative mediums like mimes, voice modulations, recitations, one acts, shadow theater etc. Objective: Dramatic Arts education is an important means of stimulating creativity in problem solving.In addition to its intrinsic educational value, Drama can REINFORCE the rest of the school curriculum. Since communication and empathy are central to Drama, a student who has explored in the Drama classroom will be better able to UNDERSTAND IDEAS in History and Current Events. “Tell me and I will forget. Show me and I will remember. Involve me and I will understand.” Twice a week for an hour each","CATS THEATRE CLUB About Theatre Club: CATS Theatre club will offer a platform for all students to learn to express, create and innovate through speech and drama. In these sessions children will be exposed to different kinds of creative mediums like mimes, voice modulations, recitations, one acts, shadow theater etc. Objective: Dramatic Arts education is an important means of stimulating creativity in problem solving.In addition to its intrinsic educational value, Drama can REINFORCE the rest of the school curriculum. Since communication and empathy are central to Drama, a student who has explored in the Drama classroom will be better able to UNDERSTAND IDEAS in History and Current Events. “Tell me and I will forget. Show me and I will remember. Involve me and I will understand.” Twice a week for an hour each",exact_duplicate|near_duplicate|semantic_duplicate|same_template_different_content|related_but_both_valuable|false_positive|unclear
,shard_00121.parquet:18972,shard_00020.parquet:17398,1.0000005960464478,1815,1815,"‘Tis the season to catch a cold and many turn to liquid cold medicine to calm the symptoms. A new study from Cornell University finds that using ordinary kitchen spoons when pouring medicine leads to an increased risk of under or overdosing. According to Mayo Clinic, a surprising 70 percent of people still use kitchen spoons when taking liquid medication. 195 students at Cornell University were asked to pour 5 milliliters (a teaspoon) of cold medicine into kitchen spoons of various sizes. The New York Times reports that first, the participants poured the medicine into an actual teaspoon to provide them with a better understanding of the amount. They were then asked to pour 5 mL into a medium-sized spoon and a large spoon. Although the students seemed confident in their measurements, they poured an average of 8 percent under the prescribed dose when using the medium-sized spoon, and an average of 12 percent more than the correct dose when using a larger spoon. Brian Wansink, lead study author and Director of Cornell Food and Brand Lab tells Live Science: “Twelve percent more may not sound like a lot, but this goes on every four to eight hours, for up to four days…So it really adds u","‘Tis the season to catch a cold and many turn to liquid cold medicine to calm the symptoms. A new study from Cornell University finds that using ordinary kitchen spoons when pouring medicine leads to an increased risk of under or overdosing. According to Mayo Clinic, a surprising 70 percent of people still use kitchen spoons when taking liquid medication. 195 students at Cornell University were asked to pour 5 milliliters (a teaspoon) of cold medicine into kitchen spoons of various sizes. The New York Times reports that first, the participants poured the medicine into an actual teaspoon to provide them with a better understanding of the amount. They were then asked to pour 5 mL into a medium-sized spoon and a large spoon. Although the students seemed confident in their measurements, they poured an average of 8 percent under the prescribed dose when using the medium-sized spoon, and an average of 12 percent more than the correct dose when using a larger spoon. Brian Wansink, lead study author and Director of Cornell Food and Brand Lab tells Live Science: “Twelve percent more may not sound like a lot, but this goes on every four to eight hours, for up to four days…So it really adds u",exact_duplicate|near_duplicate|semantic_duplicate|same_template_different_content|related_but_both_valuable|false_positive|unclear
,shard_00046.parquet:12319,shard_00071.parquet:53058,0.9999999403953552,4036,4036,"This tutorial describes how to define a ROI (region of interest) by creating an exclusion model. In contrast to ROI annotations, this allows us the automated ROI creation using machine learning. This technique can be combined with manual drawn (e.g. exclusion) annotation. An exclusion model is created best when setting the image zoom so that you overview the whole image (e.g. use a small zoom factor). It is strongly recommended to create exclusion models and fine grained models (e.g. classification or segmentation models) separately and then later combine them (when the fine grained model is active, use exclusion model -> load and set local/server). 1) Open an example image, set the zoom so that you overview the whole image. In the Exclusion tab, click on setup classes . This defined per default two inclusion and two exclusion classes which should be sufficient for most cases. (You can click on the class setup (F4) and define further inclusion / exclusion classes – be sure to set the type in the drop-down to inclusion or exclusion!). Select a class from the drop-down and draw roughly representative regions per inclusion and exclusion class in your image [4, 5] using the Polygon to","This tutorial describes how to define a ROI (region of interest) by creating an exclusion model. In contrast to ROI annotations, this allows us the automated ROI creation using machine learning. This technique can be combined with manual drawn (e.g. exclusion) annotation. An exclusion model is created best when setting the image zoom so that you overview the whole image (e.g. use a small zoom factor). It is strongly recommended to create exclusion models and fine grained models (e.g. classification or segmentation models) separately and then later combine them (when the fine grained model is active, use exclusion model -> load and set local/server). 1) Open an example image, set the zoom so that you overview the whole image. In the Exclusion tab, click on setup classes . This defined per default two inclusion and two exclusion classes which should be sufficient for most cases. (You can click on the class setup (F4) and define further inclusion / exclusion classes – be sure to set the type in the drop-down to inclusion or exclusion!). Select a class from the drop-down and draw roughly representative regions per inclusion and exclusion class in your image [4, 5] using the Polygon to",exact_duplicate|near_duplicate|semantic_duplicate|same_template_different_content|related_but_both_valuable|false_positive|unclear
,shard_00031.parquet:35133,shard_00139.parquet:32974,1.0000001192092896,3247,3247,"Many of us find today’s COVID-19 face masks a little uncomfortable and annoying, but not Bay Science Teacher Laura Diaz. She welcomes the protection. In fact, she wishes she’d been offered this kind of protection from an equally hazardous community health threat when she was a child. Growing up in Pittsburg, CA, Laura recalls what it was like living in the shadow of a Dow Chemical plant. “My siblings and I spent most of our childhood playing outside. I had no idea that we had been exposed to toxic air until after unfolding the environmental justice story that plagued – and continues to plague – the neighborhood where I grew up.” It wasn’t until a college professor introduced Laura to data mapping that she began to piece together a dark puzzle. Environmental data mapping layers pollution indicators and demographics over geographical maps to reveal correlations between public health issues and the environment. When Laura studied a data map of her hometown, she was shocked and angry to find that Pittsburg had a grim pollution profile and was in the 99th percentile for asthma. Turns out that Dow had a documented history of releasing toxins into the environment including sulfur dioxide,","Many of us find today’s COVID-19 face masks a little uncomfortable and annoying, but not Bay Science Teacher Laura Diaz. She welcomes the protection. In fact, she wishes she’d been offered this kind of protection from an equally hazardous community health threat when she was a child. Growing up in Pittsburg, CA, Laura recalls what it was like living in the shadow of a Dow Chemical plant. “My siblings and I spent most of our childhood playing outside. I had no idea that we had been exposed to toxic air until after unfolding the environmental justice story that plagued – and continues to plague – the neighborhood where I grew up.” It wasn’t until a college professor introduced Laura to data mapping that she began to piece together a dark puzzle. Environmental data mapping layers pollution indicators and demographics over geographical maps to reveal correlations between public health issues and the environment. When Laura studied a data map of her hometown, she was shocked and angry to find that Pittsburg had a grim pollution profile and was in the 99th percentile for asthma. Turns out that Dow had a documented history of releasing toxins into the environment including sulfur dioxide,",exact_duplicate|near_duplicate|semantic_duplicate|same_template_different_content|related_but_both_valuable|false_positive|unclear
,shard_00053.parquet:16111,shard_00101.parquet:11485,0.9862626194953918,3048,3017,"Stamp collecting, knitting, playing basketball or painting: these are the specific things that come to mind when people think of avocations. Attempt to think of beekeeping as a hobby. Keeping bees is a pastime that is unique, it can be entertaining and educational; it also can be a lucrative hobby. Beekeeping or apiculture is the preservation of honey bee colonies. Apiary is where the bees are kept. Apiarist or a beekeeper is someone who keeps honey bees for the intent of raising bees and queens to sell to other farmers, and fastening products including honey, beeswax, pollen. There are commercial beekeeping: residential, hobby beekeepers or hobby beekeeping, sideliners, or different types of beekeepers. Residential beekeeping is usually kept bees in the most crowded area in urban environment. Make sure you know the laws, regulations and requirements because some areas do not allow beekeeping before keeping bees in residential area. Most beekeepers are hobby beekeepers; they keep bees as a hobby but they have a day job that is different, and just find beekeeping gratifying. Just several hives are typically owned by these people. They will have interest in ecology. A sideline beekee","Stamp collecting, knitting, playing with basketball or painting: these are the certain things that come to mind when folks think of avocations. Make an effort to think of beekeeping as a hobby. Keeping bees is an unique pastime, it can be amusing and educational; it also can be a profitable hobby. Beekeeping or apiculture is the preservation of honey bee colonies. Apiary is where the bees are kept. Apiarist or a beekeeper is someone who keeps honey bees for the intent of lifting bees and queens to sell to other farmers, and fixing products including honey, beeswax, pollen. There are commercial beekeeping: residential, hobby beekeepers or hobby beekeeping, sideliners, or different kinds of beekeepers. Residential beekeeping is normally kept bees in the most busy place in urban surroundings. Be sure you know the laws, regulations and demands because some areas do not allow beekeeping, before keeping bees in residential area. Most beekeepers are hobby beekeepers; they’ve another day job, and find beekeeping gratifying although they keep bees as a hobby. These folks generally own just a couple of hives. They have interest in ecology. A sideline beekeeper wants to make a profit but reli",exact_duplicate|near_duplicate|semantic_duplicate|same_template_different_content|related_but_both_valuable|false_positive|unclear
,shard_00079.parquet:33786,shard_00112.parquet:44681,0.9988778829574585,2144,2124,"Remains of Minoan Fresco Found at Tel Kabri Remnants of a Minoan-style fresco – the first of its kind ever discovered by archaeologists in Israel – were found at the Tel Kabri excavations. By Gil Ronen First Publish: 11/8/2009, 8:12 PM / Last Update: 11/8/2009, 8:47 PM Israel news photo Remnants of a Minoan fresco – the first of its kind ever discovered by archaeologists in Israel – were found at the Tel Kabri excavations this past excavation season. Minoan frescoes, or wall paintings, are typified by a blue background. The fresco joins other Aegean-style paintings that were found in the ancient Canaanite palace in the tel. “Without a doubt, there was a conscious decision by the city's rulers to become a part of the Mediterranean culture and not to adopt a Syrian and Mesopotamian art style like other cities in Canaan did,” said Dr. Assaf Yasur Landau of Haifa University, who led the dig. “The Canaanites who were living in the Levant also wanted to feel like they were a part of Europe,” he added with a smile. Tel Kabri, located near Kibbutz Kabri near Nahariya, contains the remains of a Canaanite city from the Middle Bronze Era (2000 - 1550 BCE). At its center stood the palace of th","Remains of Minoan Fresco Found at Tel Kabri Remnants of a Minoan-style fresco – the first of its kind ever discovered by archaeologists in Israel – were found at the Tel Kabri excavations. By Gil Ronen First Publish: 11/8/2009, 8:12 PM / Last Update: 11/8/2009, 8:47 PM Israel news photo Remnants of a Minoan fresco – the first of its kind ever discovered by archaeologists in Israel – were found at the Tel Kabri excavations this past excavation season. Minoan frescoes, or wall paintings, are typified by a blue background. The fresco joins other Aegean-style paintings that were found in the ancient Canaanite palace in the tel. “Without a doubt, there was a conscious decision by the city's rulers to become a part of the Mediterranean culture and not to adopt a Syrian and Mesopotamian art style like other cities in Canaan did,” said Dr. Assaf Yasur Landau of Haifa University, who led the dig. “The Canaanites who were living in the Levant also wanted to feel like they were a part of Europe,” he added with a smile. Tel Kabri, located near Kibbutz Kabri near Nahariya, contains the remains of a Canaanite city from the Middle Bronze Era (2000 - 1550 BCE). At its center stood the palace of th",exact_duplicate|near_duplicate|semantic_duplicate|same_template_different_content|related_but_both_valuable|false_positive|unclear
,shard_00029.parquet:29477,shard_00169.parquet:18023,1.0,2260,2260,"As I write this post, I hear a duck flying toward the park and smaller birds singing in the trees. I walked with a friend and her dog this morning through beautiful Willow Glen, a neighborhood known for it’s established trees, beautiful gardens and eclectic homes. Some days I pinch myself that I live in such a beautiful place. You live here too. It’s called Earth. Origins of Earth Day The idea came to Earth Day founder Gaylord Nelson, then a U.S. Senator from Wisconsin, after witnessing the ravages of the 1969 massive oil spill in Santa Barbara, California. Inspired by the student anti-war movement, he realized that if he could infuse that energy with an emerging public consciousness about air and water pollution, it would force environmental protection onto the national political agenda. Senator Nelson announced the idea for a “national teach-in on the environment” to the national media; persuaded Pete McCloskey, a conservation-minded Republican Congressman, to serve as his co-chair; and recruited Denis Hayes as national coordinator. Hayes built a national staff of 85 to promote events across the land. As a result, on the 22nd of April, 20 million Americans took to the streets, pa","As I write this post, I hear a duck flying toward the park and smaller birds singing in the trees. I walked with a friend and her dog this morning through beautiful Willow Glen, a neighborhood known for it’s established trees, beautiful gardens and eclectic homes. Some days I pinch myself that I live in such a beautiful place. You live here too. It’s called Earth. Origins of Earth Day The idea came to Earth Day founder Gaylord Nelson, then a U.S. Senator from Wisconsin, after witnessing the ravages of the 1969 massive oil spill in Santa Barbara, California. Inspired by the student anti-war movement, he realized that if he could infuse that energy with an emerging public consciousness about air and water pollution, it would force environmental protection onto the national political agenda. Senator Nelson announced the idea for a “national teach-in on the environment” to the national media; persuaded Pete McCloskey, a conservation-minded Republican Congressman, to serve as his co-chair; and recruited Denis Hayes as national coordinator. Hayes built a national staff of 85 to promote events across the land. As a result, on the 22nd of April, 20 million Americans took to the streets, pa",exact_duplicate|near_duplicate|semantic_duplicate|same_template_different_content|related_but_both_valuable|false_positive|unclear
,shard_00057.parquet:22931,shard_00048.parquet:48939,1.0000003576278687,2874,2874,"Aug. 14, 2018: E-RAD is a new model of aviation radiation from Spaceweather.com and Earth to Sky Calculus. It can predict how much cosmic radiation a passenger will absorb flying on any commercial jet across the USA. Researchers have long known that cosmic rays penetrate the hulls of commercial aircraft. At typical cruising altitudes, pilots, flight attendants and passengers typically receive a dose rate 40 to 70 times higher than natural radiation on the ground below. The higher a plane flies, the more radiation it receives. This has prompted the International Commission on Radiological Protection (ICRP) to classify pilots as occupational radiation workers–just like nuclear power plant engineers. Most people stepping onboard an airplane have no idea they are about to encounter cosmic rays–much less do they know what the dose rate might be. And that is where E-RAD comes in. Enter a flight number and voila!–E-RAD predicts your exposure to cosmic rays. This new model has been years in the making. Since Jan. 2015, Spaceweather.com and the students of Earth to Sky Calculus have been monitoring cosmic rays in airplanes. Our method is simple: We board planes carrying the same cosmic ray","Aug. 14, 2018: E-RAD is a new model of aviation radiation from Spaceweather.com and Earth to Sky Calculus. It can predict how much cosmic radiation a passenger will absorb flying on any commercial jet across the USA. Researchers have long known that cosmic rays penetrate the hulls of commercial aircraft. At typical cruising altitudes, pilots, flight attendants and passengers typically receive a dose rate 40 to 70 times higher than natural radiation on the ground below. The higher a plane flies, the more radiation it receives. This has prompted the International Commission on Radiological Protection (ICRP) to classify pilots as occupational radiation workers–just like nuclear power plant engineers. Most people stepping onboard an airplane have no idea they are about to encounter cosmic rays–much less do they know what the dose rate might be. And that is where E-RAD comes in. Enter a flight number and voila!–E-RAD predicts your exposure to cosmic rays. This new model has been years in the making. Since Jan. 2015, Spaceweather.com and the students of Earth to Sky Calculus have been monitoring cosmic rays in airplanes. Our method is simple: We board planes carrying the same cosmic ray",exact_duplicate|near_duplicate|semantic_duplicate|same_template_different_content|related_but_both_valuable|false_positive|unclear
,shard_00088.parquet:48558,shard_00011.parquet:50919,0.9999997615814209,3096,3096,"From the Labs: Biomedicine New publications, experiments and breakthroughs in biomedicine–and what they mean. Primates pass a fluorescence gene to their offspring. Source: “Generation of transgenic non-human primates with germline transmission” Erika Sasaki, Hiroshi Suemizu, et al. Nature 459: 523-527 Results: Scientists transferred a gene derived from jellyfish into marmoset monkeys, causing them to produce a protein that makes them glow green. The monkeys then passed the gene for the fluorescent protein to their offspring, which glow as well. Why it matters: Genetically engineered mice have become common and vital tools for biomedical research. Now it’s possible, for the first time, to make genetically engineered strains of primates. Scientists could use the modified animals to study neurological diseases such as Parkinson’s, which cannot be adequately reproduced in rodents. Methods: To create the transgenic monkeys, researchers injected a virus carrying the gene for green fluorescent protein, or GFP, into 91 marmoset embryos. Eighty healthy transgenic embryos were then transplanted into surrogate mothers, which gave birth to five glowing offspring. Three glowing second-generatio","From the Labs: Biomedicine New publications, experiments and breakthroughs in biomedicine–and what they mean. Primates pass a fluorescence gene to their offspring. Source: “Generation of transgenic non-human primates with germline transmission” Erika Sasaki, Hiroshi Suemizu, et al. Nature 459: 523-527 Results: Scientists transferred a gene derived from jellyfish into marmoset monkeys, causing them to produce a protein that makes them glow green. The monkeys then passed the gene for the fluorescent protein to their offspring, which glow as well. Why it matters: Genetically engineered mice have become common and vital tools for biomedical research. Now it’s possible, for the first time, to make genetically engineered strains of primates. Scientists could use the modified animals to study neurological diseases such as Parkinson’s, which cannot be adequately reproduced in rodents. Methods: To create the transgenic monkeys, researchers injected a virus carrying the gene for green fluorescent protein, or GFP, into 91 marmoset embryos. Eighty healthy transgenic embryos were then transplanted into surrogate mothers, which gave birth to five glowing offspring. Three glowing second-generatio",exact_duplicate|near_duplicate|semantic_duplicate|same_template_different_content|related_but_both_valuable|false_positive|unclear
,shard_00134.parquet:16909,shard_00012.parquet:22996,1.0000004768371582,5233,5233,"Fascinating facts about George Eastman inventor of the first film in roll form in1884 and the Kodak camera in 1888. Eastman photo courtesy Rochester University invent. First to patent. First practical. Entrepreneur. Waterville, New York 1932 in in Rochester, New York Eastman, George American inventor and philanthropist, who played a leading role in transforming photography from an expensive hobby of a few devotees into a relatively inexpensive and immensely He was born in Waterville, New York, and was self-educated. In 1884 Eastman patented the first film in roll form to prove practicable; in 1888 he perfected the Kodak camera, the first camera designed specifically for roll film. In 1892 he established the Eastman Kodak Company, at Rochester, New York, one of the first firms to mass-produce standardized photography equipment. This company also manufactured the flexible transparent film, devised by Eastman in 1889, which proved vital to the subsequent development of the motion picture industry. Eastman was associated with the company in an administrative and an executive capacity until his death and contributed much to the development of its notable research facilities. He was also","Fascinating facts about George Eastman inventor of the first film in roll form in1884 and the Kodak camera in 1888. Eastman photo courtesy Rochester University invent. First to patent. First practical. Entrepreneur. Waterville, New York 1932 in in Rochester, New York Eastman, George American inventor and philanthropist, who played a leading role in transforming photography from an expensive hobby of a few devotees into a relatively inexpensive and immensely He was born in Waterville, New York, and was self-educated. In 1884 Eastman patented the first film in roll form to prove practicable; in 1888 he perfected the Kodak camera, the first camera designed specifically for roll film. In 1892 he established the Eastman Kodak Company, at Rochester, New York, one of the first firms to mass-produce standardized photography equipment. This company also manufactured the flexible transparent film, devised by Eastman in 1889, which proved vital to the subsequent development of the motion picture industry. Eastman was associated with the company in an administrative and an executive capacity until his death and contributed much to the development of its notable research facilities. He was also",exact_duplicate|near_duplicate|semantic_duplicate|same_template_different_content|related_but_both_valuable|false_positive|unclear
,shard_00162.parquet:16251,shard_00144.parquet:45206,0.9856060743331909,4923,4455,"Marijuana and its receptor protein in brain control epilepsy VCU study is first to test anticonvulsant potential of marijuana and brain recurrent seizures Tuesday, Sept. 30, 2003 RICHMOND, Va. – Ingredients in marijuana and the cannabinoid receptor protein produced naturally in the body to regulate the central nervous system and other bodily functions play a critical role in controlling spontaneous seizures in epilepsy, according to a new study by researchers at Virginia Commonwealth University. The study, the first to look at marijuana and the brain's cannabinoid system in live animals with spontaneous, recurrent seizures, suggests new avenues that researchers can explore in their search for more-effective drugs to treat epileptic patients who don't respond to today's anticonvulsant medications or surgery. The results appear in the Oct. 1 issue of the Journal of Pharmacology and Experimental Therapeutics. ""Although marijuana is illegal in the United States, individuals both here and abroad report that marijuana has been therapeutic for them in the treatment of a variety of ailments, including epilepsy,"" says Dr. Robert J. DeLorenzo, professor of neurology in the VCU School of Medi","Sept. 30, 2003 Marijuana and its receptor protein in brain control epilepsy VCU study is first to test anticonvulsant potential of marijuana and brain recurrent seizures Share this story RICHMOND, Va. – Ingredients in marijuana and the cannabinoid receptor protein produced naturally in the body to regulate the central nervous system and other bodily functions play a critical role in controlling spontaneous seizures in epilepsy, according to a new study by researchers at Virginia Commonwealth University. The study, the first to look at marijuana and the brain's cannabinoid system in live animals with spontaneous, recurrent seizures, suggests new avenues that researchers can explore in their search for more-effective drugs to treat epileptic patients who don't respond to today's anticonvulsant medications or surgery. The results appear in the Oct. 1 issue of the Journal of Pharmacology and Experimental Therapeutics. ""Although marijuana is illegal in the United States, individuals both here and abroad report that marijuana has been therapeutic for them in the treatment of a variety of ailments, including epilepsy,"" says Dr. Robert J. DeLorenzo, professor of neurology in the VCU School",exact_duplicate|near_duplicate|semantic_duplicate|same_template_different_content|related_but_both_valuable|false_positive|unclear
,shard_00003.parquet:16848,shard_00158.parquet:13349,1.0000001192092896,790,790,"The Microteaching Experience: Student Perspectives What is microteaching? Why wait for student evaluations to receive feedback on teaching practices? Microteaching provides an opportunity for faculty and teaching assistants to improve their teaching practices through a “teach, critique, re-teach” model. Microteaching is valuable for both new and experienced faculty to hone their teaching practices. It is often used in pre-service teacher training programs to provide additional experience before or during the clinical experiences.Microteaching is a concentrated, focused form of peer feedback and discussion that can improve teaching strategies. It was developed in the early and mid 1960′s by Dwight Allen and his colleagues at the Stanford Teacher Education Program (Politzer, 1969).","The Microteaching Experience: Student Perspectives What is microteaching? Why wait for student evaluations to receive feedback on teaching practices? Microteaching provides an opportunity for faculty and teaching assistants to improve their teaching practices through a “teach, critique, re-teach” model. Microteaching is valuable for both new and experienced faculty to hone their teaching practices. It is often used in pre-service teacher training programs to provide additional experience before or during the clinical experiences.Microteaching is a concentrated, focused form of peer feedback and discussion that can improve teaching strategies. It was developed in the early and mid 1960′s by Dwight Allen and his colleagues at the Stanford Teacher Education Program (Politzer, 1969).",exact_duplicate|near_duplicate|semantic_duplicate|same_template_different_content|related_but_both_valuable|false_positive|unclear
,shard_00000.parquet:25495,shard_00164.parquet:9098,1.0000005960464478,14451,14451,"- Ban Calf-Roping at the Calgary Stampede - Changing public attitudes — Reining in rodeo in Vancouver and Surrey, BC - Why is rodeo inhumane - Specific rodeo events - Arguments defending rodeo VHS is opposed to rodeo because most rodeo events involve the use of fear, stress or pain to make animals perform. There is also considerable risk of injury or death for the animals. These risks and the suffering the animals endure are especially unacceptable, given the unnecessary and frivolous nature of rodeo as entertainment. Virtually all animal welfare organizations in Canada oppose rodeo, including the Canadian Federation of Humane Societies and the Humane Society of Canada. Rodeo is banned in the U.K., Holland, and several other U.S. and European jurisdictions. It is opposed by the American SPCA, the Royal New Zealand SPCA and the Australian SPCA. In Canada, the City of Vancouver and the District of North Vancouver have banned rodeos. Changing public attitudes – reining in rodeo in Vancouver and Surrey, BC Rodeo is not illegal in most places. However, if other animals, such as dogs, were subjected to the same treatment it is likely charges under the Criminal Code of Canada or provincia","- Ban Calf-Roping at the Calgary Stampede - Changing public attitudes — Reining in rodeo in Vancouver and Surrey, BC - Why is rodeo inhumane - Specific rodeo events - Arguments defending rodeo VHS is opposed to rodeo because most rodeo events involve the use of fear, stress or pain to make animals perform. There is also considerable risk of injury or death for the animals. These risks and the suffering the animals endure are especially unacceptable, given the unnecessary and frivolous nature of rodeo as entertainment. Virtually all animal welfare organizations in Canada oppose rodeo, including the Canadian Federation of Humane Societies and the Humane Society of Canada. Rodeo is banned in the U.K., Holland, and several other U.S. and European jurisdictions. It is opposed by the American SPCA, the Royal New Zealand SPCA and the Australian SPCA. In Canada, the City of Vancouver and the District of North Vancouver have banned rodeos. Changing public attitudes – reining in rodeo in Vancouver and Surrey, BC Rodeo is not illegal in most places. However, if other animals, such as dogs, were subjected to the same treatment it is likely charges under the Criminal Code of Canada or provincia",exact_duplicate|near_duplicate|semantic_duplicate|same_template_different_content|related_but_both_valuable|false_positive|unclear
,shard_00009.parquet:28958,shard_00046.parquet:35162,1.000000238418579,2365,2365,"Kuril Kamchatka Biodiversity Studies — KuramBio Four deep-sea expeditions (SoJaBio, KuramBio, SokhoBio, KuramBio II) to the Northwest Pacific have been conducted between 2010 and 2016 as a German-Russian collaborative enterprise. These investigated the patterns and processes of biodiversity and biogeography, such as species turnover, connectivity, range extensions and evolution in the Kuril Kamchatka Trench (KKT) region. Specific hypotheses that have been tested during the recent KuramBio II expedition were that (1) the hadal of the KKT is characterized by a high number of species; that (2) the number of endemic species increases with increasing depth in the KKT; and that (3) the hadal depths of the KKT are a barrier to dispersal and gene flow separating faunas of the Sea of Okhotsk from that of the abyssal NW Pacific. These expeditions were designed to complement the wide-ranging Russian deep-sea sampling campaigns of the 20th century conducted with the Russian research vessel RV Vityaz. The species inventory of the KKT region was added on by application of state-of-the-art sampling gear and analysis techniques providing a robust taxonomic foundation upon which biogeographic and b","Kuril Kamchatka Biodiversity Studies — KuramBio Four deep-sea expeditions (SoJaBio, KuramBio, SokhoBio, KuramBio II) to the Northwest Pacific have been conducted between 2010 and 2016 as a German-Russian collaborative enterprise. These investigated the patterns and processes of biodiversity and biogeography, such as species turnover, connectivity, range extensions and evolution in the Kuril Kamchatka Trench (KKT) region. Specific hypotheses that have been tested during the recent KuramBio II expedition were that (1) the hadal of the KKT is characterized by a high number of species; that (2) the number of endemic species increases with increasing depth in the KKT; and that (3) the hadal depths of the KKT are a barrier to dispersal and gene flow separating faunas of the Sea of Okhotsk from that of the abyssal NW Pacific. These expeditions were designed to complement the wide-ranging Russian deep-sea sampling campaigns of the 20th century conducted with the Russian research vessel RV Vityaz. The species inventory of the KKT region was added on by application of state-of-the-art sampling gear and analysis techniques providing a robust taxonomic foundation upon which biogeographic and b",exact_duplicate|near_duplicate|semantic_duplicate|same_template_different_content|related_but_both_valuable|false_positive|unclear
,shard_00120.parquet:14518,shard_00091.parquet:37554,1.0000004768371582,3056,3056,"The natural science collection comprises around 800,000 specimens, and is hugely diverse in terms of subject area, specimen type, and taxonomic range. It is Designated as being of national and international significance. The geology collection includes a wide range of fossils, minerals, rocks and meteorites, telling the story of our planet’s history. Yorkshire’s geology is very well represented, and the mineralogy collection is a particular strength comprising a range of British and largely European specimens including some significant rarities and a modest collection of cut and polished gemstones. There are a number of type and figured specimens in the fossil collection and some rare assemblages of excavated cave material including Raygill fissure and Victoria Cave. Highlights of the palaeontology collection include a Giant Deer (formerly Irish elk) skeleton, ichthyosaur skeletons, and the Armley Hippo. The zoology collection includes shells, skeletal material, microscope slides, taxidermy, skins, eggs and spirit specimens. This material represents a vast range of biodiversity including vertebrates, arthropods and molluscs. The conchology collection (shells) is a particular streng","The natural science collection comprises around 800,000 specimens, and is hugely diverse in terms of subject area, specimen type, and taxonomic range. It is Designated as being of national and international significance. The geology collection includes a wide range of fossils, minerals, rocks and meteorites, telling the story of our planet’s history. Yorkshire’s geology is very well represented, and the mineralogy collection is a particular strength comprising a range of British and largely European specimens including some significant rarities and a modest collection of cut and polished gemstones. There are a number of type and figured specimens in the fossil collection and some rare assemblages of excavated cave material including Raygill fissure and Victoria Cave. Highlights of the palaeontology collection include a Giant Deer (formerly Irish elk) skeleton, ichthyosaur skeletons, and the Armley Hippo. The zoology collection includes shells, skeletal material, microscope slides, taxidermy, skins, eggs and spirit specimens. This material represents a vast range of biodiversity including vertebrates, arthropods and molluscs. The conchology collection (shells) is a particular streng",exact_duplicate|near_duplicate|semantic_duplicate|same_template_different_content|related_but_both_valuable|false_positive|unclear
,shard_00079.parquet:13939,shard_00153.parquet:34873,1.0000001192092896,3754,3754,"One of the mysteries of the English language finally explained. 1North American A red deer of a large race native to North America. Cervus canadensis, family CervidaeAlso called wapiti - 1.1British another term for moose - ‘Traditionally, the Blackfoot made their clothing from the hides of buffalo, deer, elk, and antelope.’ - ‘It had yielded both mule deer and elk for us in the past.’ - ‘In some parts of America, people like to hunt deer, elk and bears, while in other areas they hunt wild boars.’ - ‘Since the area was once home to buffalo, elk, deer, and antelope herds, grazing is another management tool.’ - ‘Although they scavenge less often than Bald Eagles, they will eat carrion of deer and elk, especially in winter.’ - ‘As these species became extinct, the giant birds switched to bison, elk, and deer.’ - ‘Prion diseases occur in sheep, goats, mink, mule deer, elk, cats and cows.’ - ‘Not long ago my friend Steve Johns was talking with a Colorado hunting guide who had led Koenig on elk and mule deer hunts.’ - ‘The land around the ranch is a protected wintering area for elk, deer and bighorn sheep.’ - ‘Deer, elk, and sometimes bobcat and coyote may be seen or heard from the cabin","One of the mysteries of the English language finally explained. 1North American A red deer of a large race native to North America. Cervus canadensis, family CervidaeAlso called wapiti - 1.1British another term for moose - ‘Traditionally, the Blackfoot made their clothing from the hides of buffalo, deer, elk, and antelope.’ - ‘It had yielded both mule deer and elk for us in the past.’ - ‘In some parts of America, people like to hunt deer, elk and bears, while in other areas they hunt wild boars.’ - ‘Since the area was once home to buffalo, elk, deer, and antelope herds, grazing is another management tool.’ - ‘Although they scavenge less often than Bald Eagles, they will eat carrion of deer and elk, especially in winter.’ - ‘As these species became extinct, the giant birds switched to bison, elk, and deer.’ - ‘Prion diseases occur in sheep, goats, mink, mule deer, elk, cats and cows.’ - ‘Not long ago my friend Steve Johns was talking with a Colorado hunting guide who had led Koenig on elk and mule deer hunts.’ - ‘The land around the ranch is a protected wintering area for elk, deer and bighorn sheep.’ - ‘Deer, elk, and sometimes bobcat and coyote may be seen or heard from the cabin",exact_duplicate|near_duplicate|semantic_duplicate|same_template_different_content|related_but_both_valuable|false_positive|unclear
,shard_00034.parquet:43261,shard_00001.parquet:33305,1.0000008344650269,528,528,"- Word Combinations (adjective), Word Parts |part of speech: ||using or characterized by many or superfluous words; wordy. The committee chair is a verbose person, and this adds greatly to the length of meetings.My thoughts began to wander during the superintendent's verbose speech. - garrulous, long-winded, loquacious, pleonastic, prolix, redundant, wordy - concise, laconic, succinct - similar words: - chatty, diffuse, effusive, gabby, lengthy, talkative, voluble, windy ||verbosely (adv.), verboseness (n.), verbosity (n.)","- Word Combinations (adjective), Word Parts |part of speech: ||using or characterized by many or superfluous words; wordy. The committee chair is a verbose person, and this adds greatly to the length of meetings.My thoughts began to wander during the superintendent's verbose speech. - garrulous, long-winded, loquacious, pleonastic, prolix, redundant, wordy - concise, laconic, succinct - similar words: - chatty, diffuse, effusive, gabby, lengthy, talkative, voluble, windy ||verbosely (adv.), verboseness (n.), verbosity (n.)",exact_duplicate|near_duplicate|semantic_duplicate|same_template_different_content|related_but_both_valuable|false_positive|unclear
,shard_00077.parquet:52554,shard_00159.parquet:15290,0.9999997615814209,29728,29728,"|Studies concerning ancient military activity in the Romanian area offer, a revealing insight into an original military culture gained developed through long experience, ancient teachings, an unbreakable desire for freedom (highly spread in the North-Balkan Thracian civilization) and skillful and renowned leadership under leaders such as Decebal. The decision to give Decebal the royal title had a precise reason: this choice was made by the king Duras and his council 86 AD in response to Roman preparations for military operations against the free land of the Getae in the North Danube.| In the face of this great threat the Dacians had to act quickly: the resistance in front of the attacks had to be organized, the anarchical tendencies of local leaders had to be put off, the whole population had to contribute to the general improvement of the defensive system ,discipline had to be imposed, the Dacian army mustered and organized, a reliable and practical system of alliances had to negotiated and so on. All these could be achieved only through the wise leadership of a young, strong commander and a skilled diplomat. Naming Decebal king of the Dacians was a practical and realistic solutio","|Studies concerning ancient military activity in the Romanian area offer, a revealing insight into an original military culture gained developed through long experience, ancient teachings, an unbreakable desire for freedom (highly spread in the North-Balkan Thracian civilization) and skillful and renowned leadership under leaders such as Decebal. The decision to give Decebal the royal title had a precise reason: this choice was made by the king Duras and his council 86 AD in response to Roman preparations for military operations against the free land of the Getae in the North Danube.| In the face of this great threat the Dacians had to act quickly: the resistance in front of the attacks had to be organized, the anarchical tendencies of local leaders had to be put off, the whole population had to contribute to the general improvement of the defensive system ,discipline had to be imposed, the Dacian army mustered and organized, a reliable and practical system of alliances had to negotiated and so on. All these could be achieved only through the wise leadership of a young, strong commander and a skilled diplomat. Naming Decebal king of the Dacians was a practical and realistic solutio",exact_duplicate|near_duplicate|semantic_duplicate|same_template_different_content|related_but_both_valuable|false_positive|unclear
,shard_00080.parquet:31338,shard_00165.parquet:30807,0.9781071543693542,10625,10297,"Practices for Improving Emotional and Physical Well-Being Posted at www.helpguide.org - Practicing mindfulness improves both mental and physical health. - Mindfulness involves both concentration (a form of meditation) and acceptance. Deliberately pay attention to thoughts and sensations without judgment. - It takes practice to become comfortable with mindfulness techniques. If one method does not work for you, try another. It’s a busy world. You fold the laundry while keeping one eye on the kids and another on the television. You plan your day while listening to the radio and commuting to work, and then plan your weekend. But in the rush to accomplish necessary tasks, you may find yourself losing your connection with the present moment – missing out on what you’re doing and how you’re feeling. Did you notice whether you felt well-rested this morning or that forsythia is in bloom along your route to work? Mindfulness is the practice of purposely focusing your attention on the present moment and accepting it without judgment. Mindfulness is now being examined scientifically and has been found to be a key element in happiness. Mindfulness is the practice of purposely focusing your att","Benefits of Mindfulness Practices for Improving Emotional and Physical Well-Being - Practicing mindfulness improves both mental and physical health. - Mindfulness involves both concentration (a form of meditation) and acceptance. Deliberately pay attention to thoughts and sensations without judgment. - It takes practice to become comfortable with mindfulness techniques. If one method doesn’t work for you, try another. It’s a busy world. You fold the laundry while keeping one eye on the kids and another on the television. You plan your day while listening to the radio and commuting to work, and then plan your weekend. But in the rush to accomplish necessary tasks, you may find yourself losing your connection with the present moment—missing out on what you’re doing and how you’re feeling. Did you notice whether you felt well-rested this morning or that forsythia is in bloom along your route to work? Mindfulness is the practice of purposely focusing your attention on the present moment—and accepting it without judgment. Mindfulness is now being examined scientifically and has been found to be a key element in happiness. The cultivation of mindfulness has roots in Buddhism, but most re",exact_duplicate|near_duplicate|semantic_duplicate|same_template_different_content|related_but_both_valuable|false_positive|unclear
,shard_00102.parquet:19611,shard_00120.parquet:11200,0.979901134967804,1804,1882,"• minion • Part of Speech: Noun Meaning: 1. A servile obsequious toady; a brown-noser or slavish sycophant. 2. A favorite, teacher?s pet, someone's darling. Notes: Even though we hear this word only rarely today, it comes to us with an abstract noun, minionism (or the even rarer minionship). The noun itself has been used as a verb, as to minion someone to your whims and fancies. I would recommend avoiding the suffix -ize; minionize changes the character of this otherwise lovely word too much. In Play: Minion is used far more frequently in the first sense above than in the second: ""When the boss arrived, surrounded by his minions and toadies, the meeting sailed far off its planned course."" The second meaning is not far off the first, though, which keeps it viable: ""The new finance officer, Gladys Friday, has become the president's minion and probably will get a big bonus and promotion this year."" Word History: Today?s Good Word is a variant of mignon ""petite and pretty"", as in filet mignon. In French and Italian the digraph GN is pronounced [ny], as we see in such borrowed words as poignant, lasagna, and cognac. However, English prefers to spell this sound as NI, hence the shift to","• minion • min-yên • Hear it! Part of Speech: Noun Meaning: 1. A servile obsequious toady; a brown-noser or slavish sycophant. 2. A favorite, teacher's pet, someone's darling. Notes: Even though we hear this word only rarely today, except in reference to the cute little cartoon characters, It comes to us with an abstract noun, minionism (or the even rarer minionship). The noun itself has been used as a verb, as to minion someone to your whims and fancies. I would recommend avoiding the suffix -ize; minionize changes the character of this otherwise lovely word too much. In Play: Minion is used far more frequently in the first sense above than in the second: ""When the boss arrived, surrounded by his minions and toadies, the meeting sailed far off its planned course."" The second meaning is not far off the first, though, which keeps it viable: ""The new finance officer, Gladys Friday, has become the president's minion and probably will get a big bonus and promotion this year."" Word History: Today's Good Word is a variant of mignon ""petite and pretty"", as in filet mignon. In French and Italian the digraph GN is pronounced [ny], as we see in such borrowed words as poignant, lasagna, and c",exact_duplicate|near_duplicate|semantic_duplicate|same_template_different_content|related_but_both_valuable|false_positive|unclear
,shard_00017.parquet:13015,shard_00060.parquet:44205,0.9733110666275024,6197,6143,"Self-reliance and sustainability in the 21st century. Our current power grids are dumb. They are great examples of 20th-century technology, but they are going to get much better. We have the technology, today, to make our power grid more sustainable, cleaner, more robust and more reliable just by replacing old-fashioned metering with “smart-metering” and agreeing to pay enterprising power consumers for generating some of their own electricity. Today, almost all our electricity is distributed from power plants through the “power grid” to users. The electricity only flows one way. The utility generates the power. The power flows through wires to homes and businesses. The homes and businesses use the power. The utility measures how much power is used, and charges the customer. The new, smarter grid, allows every power customer to become a power generator as well as a power consumer. The consumer and the utility are “interconnected.” “Smart meters” measure the power flowing both directions and compensates the customers for their contribution to the power supply. Where “net metering” is available, utilities measure the customer’s “net” usage. If you can generate some of your own electri","Our current power grids are dumb. They are great examples of 20th-century technology, but they are going to get much better. We have the technology, today, to make our power grid more sustainable, cleaner, more robust and more reliable just by replacing old-fashioned metering with “smart-metering” and agreeing to pay enterprising power consumers for generating some of their own electricity. Today, almost all our electricity is distributed from power plants through the “power grid” to users. The electricity only flows one way. The utility generates the power. The power flows through wires to homes and businesses. The homes and businesses use the power. The utility measures how much power is used, and charges the customer. The new, smarter grid, allows every power customer to become a power generator as well as a power consumer. The consumer and the utility are “interconnected.” “Smart meters” measure the power flowing both directions and compensates the customers for their contribution to the power supply. Where “net metering” is available, utilities measure the customer’s “net” usage. If you can generate some of your own electricity – with photovoltaics, wind or any other generator",exact_duplicate|near_duplicate|semantic_duplicate|same_template_different_content|related_but_both_valuable|false_positive|unclear
,shard_00166.parquet:45509,shard_00076.parquet:39175,0.9769070744514465,5466,4502,"A geyser is a vent in Earth's surface that periodically ejects a column of hot water and steam. Even a small geyser is an amazing phenomenon; however some geysers have eruptions that blast thousands of gallons of boiling hot water up to a few hundred feet in the air. Old Faithful is the world's best known geyser. It is located in Yellowstone National Park (USA). Old Faithful erupts every 60 to 90 minutes and blasts a few thousand gallons of boiling hot water between 100 and 200 feet into the air. Geysers are extremely rare features. They occur only where there is a coincidence of unusual conditions. Worldwide there are only about 1000 geysers and most of those are located in Yellowstone National Park (USA). Conditions Required for Geysers 1) hot rocks below 2) an ample ground water source 3) a subsurface water reservoir 4) fissures to deliver water to the surface Where are Geysers Found? Most of the world's geysers occur in just five countries: 1) the United States, 2) Russia, 3) Chile, 4) New Zealand and 5) Iceland. All of these locations are where there is geologically recent volcanic activity and a source of hot rock Geysers in the United States Umnak Island, Alaska Kanaga Islan","A geyser is a vent in Earth's surface that periodically ejects a column of hot water and steam. Even a small geyser is an amazing phenomenon; however, some geysers have eruptions that blast thousands of gallons of boiling-hot water up to a few hundred feet in the air. Old Faithful is the world's best-known geyser. It is located in Yellowstone National Park (USA). Old Faithful erupts every 60 to 90 minutes and blasts a few thousand gallons of boiling-hot water between 100 and 200 feet into the air. Geysers are extremely rare features. They occur only where there is a coincidence of unusual conditions. Worldwide there are only about 1000 geysers, and most of those are located in Yellowstone National Park (USA). Most of the world's geysers occur in just five countries: 1) the United States, 2) Russia, 3) Chile, 4) New Zealand, and 5) Iceland. All of these locations are where there is geologically recent volcanic activity and a source of hot rock below. Most geysers erupt irregularly and infrequently. However, a few are known for regular eruptions. The most famous, named ""Old Faithful"" in recognition of its regular eruptions, is located in Yellowstone National Park (USA) and erupts abo",exact_duplicate|near_duplicate|semantic_duplicate|same_template_different_content|related_but_both_valuable|false_positive|unclear
,shard_00000.parquet:49935,shard_00128.parquet:50458,0.9999995231628418,7089,7089,"Since Sept. 11, 2001, many Americans have been askingthe same question: When will the terrorists strike again? The National Society of Professional Engineers recently conducted a poll and found that virtually 100 percent of the population believes another strike is imminent. Sixty-five percent of the respondents believe the next attack will be against the infrastructure of the United States - a strike against valuable systems like communications, water supplies, electric utilities and natural gas suppliers. Oil refineries could also be added to the list. Unlike during World War II right after Pearl Harbor, it is difficult for citizens to feel connected to the battle against terrorism, even though the initial attack was directly on mainland America and the target was primarily civilians. After the Japanese hit Hawaii on Dec. 7, 1941, people from Honolulu to Denver, Colo., feared an island and West Coast invasion by the country of the rising sun. Formidable measures were enacted within the U.S. civilian population in case the scenario should take place. As unprepared as civilians were for war in 1941, individual Americans seem even more unprepared in 2002. For many U.S. citizens, the","Since Sept. 11, 2001, many Americans have been askingthe same question: When will the terrorists strike again? The National Society of Professional Engineers recently conducted a poll and found that virtually 100 percent of the population believes another strike is imminent. Sixty-five percent of the respondents believe the next attack will be against the infrastructure of the United States - a strike against valuable systems like communications, water supplies, electric utilities and natural gas suppliers. Oil refineries could also be added to the list. Unlike during World War II right after Pearl Harbor, it is difficult for citizens to feel connected to the battle against terrorism, even though the initial attack was directly on mainland America and the target was primarily civilians. After the Japanese hit Hawaii on Dec. 7, 1941, people from Honolulu to Denver, Colo., feared an island and West Coast invasion by the country of the rising sun. Formidable measures were enacted within the U.S. civilian population in case the scenario should take place. As unprepared as civilians were for war in 1941, individual Americans seem even more unprepared in 2002. For many U.S. citizens, the",exact_duplicate|near_duplicate|semantic_duplicate|same_template_different_content|related_but_both_valuable|false_positive|unclear
,shard_00093.parquet:24352,shard_00154.parquet:51356,1.0000008344650269,8471,8471,"The following declaration was adopted on Nov. 24, 1984 by over 1,500 citizens from more than fifty countries, at the Third International Conference of the Schiller Institute. The Declaration of the Inalienable Rights of Man is based the American Declaration of Independence of 1776, with only a few changes introduced to take into account different particular features of the global struggle for human freedom and dignity today. When in the Course of human events, it becomes necessary for the peoples in the world to dissolve the political bands which have connected them with one another, and to assume among the powers of the Earth, the separate and equal station to which the Laws of Nature and of Nature’s God entitle them, a decent respect to the opinions of mankind requires that they should declare the causes which impel them to separation We hold these truths to be self-evident: that all men are created equal; that they are endowed by their Creator with certain inalienable Rights; that among these are Life, Liberty, and the pursuit of Happiness. That to secure these rights, governments are instituted among Men, deriving their just powers from the consent of the governed; That wheneve","The following declaration was adopted on Nov. 24, 1984 by over 1,500 citizens from more than fifty countries, at the Third International Conference of the Schiller Institute. The Declaration of the Inalienable Rights of Man is based the American Declaration of Independence of 1776, with only a few changes introduced to take into account different particular features of the global struggle for human freedom and dignity today. When in the Course of human events, it becomes necessary for the peoples in the world to dissolve the political bands which have connected them with one another, and to assume among the powers of the Earth, the separate and equal station to which the Laws of Nature and of Nature’s God entitle them, a decent respect to the opinions of mankind requires that they should declare the causes which impel them to separation We hold these truths to be self-evident: that all men are created equal; that they are endowed by their Creator with certain inalienable Rights; that among these are Life, Liberty, and the pursuit of Happiness. That to secure these rights, governments are instituted among Men, deriving their just powers from the consent of the governed; That wheneve",exact_duplicate|near_duplicate|semantic_duplicate|same_template_different_content|related_but_both_valuable|false_positive|unclear
,shard_00152.parquet:40798,shard_00143.parquet:19885,0.9821264147758484,3868,3965,"|This article needs additional citations for verification. (December 2010)| In agriculture and gardening, a cold frame is a transparent-roofed enclosure, built low to the ground, used to protect plants from adverse weather, primarily excessive cold or wet. The transparent top admits sunlight and prevents heat escape via convection that would otherwise occur, particularly at night. Essentially, a cold frame functions as a miniature greenhouse to extend the growing season. Historically, cold frames were built to be used in addition to a heated greenhouse. The name itself exemplifies the distinction between the warm greenhouse and the unheated cold frame. They were frequently built as part of the greenhouse's foundation brickwork along the southern wall (in northern latitudes). This allowed seeds to be germinated in the greenhouse and then easily moved to the attached cold frame to be ""hardened-off"" before final planting outside. Cold frames are similar to some enclosed hotbeds, also called hotboxes. The difference is in the amount of heat generated inside. This is parallel to the way that some greenhouses are called ""hothouses"" to emphasize their higher temperature, achieved either b","In agriculture and gardening, a cold frame is a transparent-roofed enclosure, built low to the ground, used to protect plants from adverse weather, primarily excessive cold or wet. The transparent top admits sunlight and prevents heat escape via convection that would otherwise occur, particularly at night. Essentially, a cold frame functions as a miniature greenhouse to extend the growing season. Historically, cold frames were built to be used in addition to a heated greenhouse. The name itself exemplifies the distinction between the warm greenhouse and the unheated cold frame. They were frequently built as part of the greenhouse's foundation brickwork along the southern wall (in northern latitudes). This allowed seeds to be germinated in the greenhouse and then easily moved to the attached cold frame to be ""hardened-off"" before final planting outside. Cold frames are similar to some enclosed hotbeds, also called hotboxes. The difference is in the amount of heat generated inside. This is parallel to the way that some greenhouses are called ""hothouses"" to emphasize their higher temperature, achieved either by the solar effects alone or by auxiliary heating via a heater or HVAC syste",exact_duplicate|near_duplicate|semantic_duplicate|same_template_different_content|related_but_both_valuable|false_positive|unclear
,shard_00160.parquet:8155,shard_00093.parquet:28268,0.9981282353401184,4922,4975,"Residents of south Georgia counties are discovering what it means to live in poverty through simulations administered by University of Georgia Cooperative Extension. In these simulations, between 50 and 80 attendees are split into groups of varying structures mimicking different family dynamics. On the walls of the room, there are different resources one would find in a city, ranging from a hospital or school to a pawn shop. Families are provided a scenario and their family dynamic, and must live for “a week” in 15 minutes. For example, these families must put themselves in the shoes of a single mother of two who needs to apply for welfare, or a married couple who have just lost their jobs. Families then come back to strategize for the next “week.” After four rounds, they come back and discuss what they’ve learned. “The simulation involves a lot of situations that many people never think about that are issues for people living in poverty,” said Roxie Price, the UGA Extension Family and Consumer Sciences (FACS) agent in Tift County, Georgia. “They may have a situation where they have to go to (the Georgia Division of Family and Children Services) and apply for food assistance. There","Residents of south Georgia counties are discovering what it means to live in poverty through simulations administered by University of Georgia Cooperative Extension. In these simulations, between 50 and 80 attendees are split into groups of varying structures mimicking different family dynamics. On the walls of the room, there are different resources one would find in a city, ranging from a hospital or school to a pawn shop. Families are provided a scenario and their family dynamic, and must live for “a week” in 15 minutes. For example, these families must put themselves in the shoes of a single mother of two who needs to apply for welfare, or a married couple who have just lost their jobs. Families then come back to strategize for the next “week.” After four rounds, they come back and discuss what they’ve learned. “The simulation involves a lot of situations that many people never think about that are issues for people living in poverty,” said Roxie Price, the UGA Extension Family and Consumer Sciences (FACS) agent in Tift County, Georgia. “They may have a situation where they have to go to (the Georgia Division of Family and Children Services) and apply for food assistance. There",exact_duplicate|near_duplicate|semantic_duplicate|same_template_different_content|related_but_both_valuable|false_positive|unclear
,shard_00160.parquet:13741,shard_00156.parquet:17190,0.9999994039535522,1547,1547,"In 2009 the Navy announced plans to construct a 500 square mile warfare training ground for submarines, near the coast of southern Georgia and northern Florida. Normally, this might not be a controversially newsworthy item, since the Navy is charged with protecting our shores. However, the proposed training ground is adjacent to the only known calving grounds of the critically endangered North Atlantic right whale (Eubalaena glacialis), or NARW. Estimates for this species’ population go no higher than 475 animals. Thus, every birth is critical for rebuilding the numbers if they are to avoid extinction. In 2010, several environmental groups, represented by the Southern Environmental Law Center, sued to stop the project, claiming it was too close to the calving ground and that the activities in the training range would endanger the lives of these animals. Their concerns for moms and newborns mirror the issues facing all right whales – ship strike, entanglement and noise disturbance. NARWs typically spend their lives within 50 miles of the shore. Earlier this week a U.S. District Court judge rejected the lawsuit, thus enabling the Navy to continue with its plans to construct their tra","In 2009 the Navy announced plans to construct a 500 square mile warfare training ground for submarines, near the coast of southern Georgia and northern Florida. Normally, this might not be a controversially newsworthy item, since the Navy is charged with protecting our shores. However, the proposed training ground is adjacent to the only known calving grounds of the critically endangered North Atlantic right whale (Eubalaena glacialis), or NARW. Estimates for this species’ population go no higher than 475 animals. Thus, every birth is critical for rebuilding the numbers if they are to avoid extinction. In 2010, several environmental groups, represented by the Southern Environmental Law Center, sued to stop the project, claiming it was too close to the calving ground and that the activities in the training range would endanger the lives of these animals. Their concerns for moms and newborns mirror the issues facing all right whales – ship strike, entanglement and noise disturbance. NARWs typically spend their lives within 50 miles of the shore. Earlier this week a U.S. District Court judge rejected the lawsuit, thus enabling the Navy to continue with its plans to construct their tra",exact_duplicate|near_duplicate|semantic_duplicate|same_template_different_content|related_but_both_valuable|false_positive|unclear
,shard_00012.parquet:28175,shard_00012.parquet:31416,1.0,14376,14376,"In the early years of radio, the BBC aired a series about famous exiles in London. One episode included an interview with an elderly man long retired from his job in the British Museum’s reading room. The man was asked if he remembered a patron by the name of Karl Marx, who for many years toiled at the museum on what would become his masterpiece, Das Kapital. At first the retiree drew a blank, but after he was given several clues — Marx sat in the same seat every day, wore a thick graying beard, endured painful boils, and endlessly requested materials about political economy — the man’s memory came alive. “Oh Mr Marx, yes, to be sure. Gave us a lot of work ’e did, with all ’is calls for books and papers. And then one day ’e just stopped coming. And you know what’s a funny thing, sir? Nobody’s ever ’eard of ’im since!” Marx himself half expected Capital to tumble into oblivion. As he was preparing to send it to press in 1867, he suggested that his friend Friedrich Engels read Balzac’s The Unknown Masterpiece. It was a sardonic recommendation. The Unknown Masterpiece tells the story of a painter who spends decades laboring on a single painting in an effort to render a perfectly accur","In the early years of radio, the BBC aired a series about famous exiles in London. One episode included an interview with an elderly man long retired from his job in the British Museum’s reading room. The man was asked if he remembered a patron by the name of Karl Marx, who for many years toiled at the museum on what would become his masterpiece, Das Kapital. At first the retiree drew a blank, but after he was given several clues — Marx sat in the same seat every day, wore a thick graying beard, endured painful boils, and endlessly requested materials about political economy — the man’s memory came alive. “Oh Mr Marx, yes, to be sure. Gave us a lot of work ’e did, with all ’is calls for books and papers. And then one day ’e just stopped coming. And you know what’s a funny thing, sir? Nobody’s ever ’eard of ’im since!” Marx himself half expected Capital to tumble into oblivion. As he was preparing to send it to press in 1867, he suggested that his friend Friedrich Engels read Balzac’s The Unknown Masterpiece. It was a sardonic recommendation. The Unknown Masterpiece tells the story of a painter who spends decades laboring on a single painting in an effort to render a perfectly accur",exact_duplicate|near_duplicate|semantic_duplicate|same_template_different_content|related_but_both_valuable|false_positive|unclear
,shard_00028.parquet:41859,shard_00077.parquet:40090,1.0000009536743164,2231,2231,"The U.S. Geological Survey (USGS) began a study in 2008 to investigate anticipated changes in summer streamflows and stream temperatures in four coastal Maine river basins and the potential effects of those changes on populations of endangered Atlantic salmon. To achieve this purpose, it was necessary to characterize the quantity and timing of streamflow in these rivers by developing and evaluating a distributed-parameter watershed model for a part of each river basin by using the USGS Precipitation-Runoff Modeling System (PRMS). The GIS (geographic information system) Weasel, a USGS software application, was used to delineate the four study basins and their many subbasins, and to derive parameters for their geographic features. The models were calibrated using a four-step optimization procedure in which model output was evaluated against four datasets for calibrating solar radiation, potential evapotranspiration, annual and seasonal water balances, and daily streamflows. The calibration procedure involved thousands of model runs that used the USGS software application Luca (Let us calibrate). Luca uses the Shuffled Complex Evolution (SCE) global search algorithm to calibrate the m","The U.S. Geological Survey (USGS) began a study in 2008 to investigate anticipated changes in summer streamflows and stream temperatures in four coastal Maine river basins and the potential effects of those changes on populations of endangered Atlantic salmon. To achieve this purpose, it was necessary to characterize the quantity and timing of streamflow in these rivers by developing and evaluating a distributed-parameter watershed model for a part of each river basin by using the USGS Precipitation-Runoff Modeling System (PRMS). The GIS (geographic information system) Weasel, a USGS software application, was used to delineate the four study basins and their many subbasins, and to derive parameters for their geographic features. The models were calibrated using a four-step optimization procedure in which model output was evaluated against four datasets for calibrating solar radiation, potential evapotranspiration, annual and seasonal water balances, and daily streamflows. The calibration procedure involved thousands of model runs that used the USGS software application Luca (Let us calibrate). Luca uses the Shuffled Complex Evolution (SCE) global search algorithm to calibrate the m",exact_duplicate|near_duplicate|semantic_duplicate|same_template_different_content|related_but_both_valuable|false_positive|unclear
,shard_00052.parquet:7847,shard_00130.parquet:22714,0.9919339418411255,3342,2672,"LONDON – Frederic Chopin's habit of drifting off and hallucinating at the piano may have been caused by epilepsy, according to a new study of the 19th-century romantic composer. Chopin's tendency to lapse out of consciousness was interpreted by his partner George Sand, pseudonym of the French novelist Aurore Dudevant, as ""the manifestation of a genius full of sentiment and expression."" But in the analysis published this week, Spanish doctors say Chopin's hallucinations may have been due to a temporal lobe epilepsy rather than the result of any sweeping artistic tendencies. Manuel Vazquez Caruncho and Francisco Branas Fernandez of the Complexo Hospitalario Xeral-Calde in Spain analyzed descriptions of Chopin's hallucinations from those close to him. They propose the French-Polish composer suffered from a type of epilepsy that produces conscious hallucinations that last from seconds to minutes. The research was published in the journal Medical Humanities, a specialist publication of the BMJ. Caruncho and Fernandez cite an extract from Sand's memoir, where she recalls returning to the home she shared with Chopin, along with her son, after a long journey delayed by flooding. The compos","LONDON — Frederic Chopin”s habit of drifting off and hallucinating at the piano may have been caused by epilepsy, according to a new study of the 19th-century romantic composer. Chopin”s tendency to lapse out of consciousness was interpreted by his partner George Sand, pseudonym of French novelist Aurore Dudevant, as “the manifestation of a genius full of sentiment and expression.” But in the analysis published this week, Spanish doctors say Chopin”s hallucinations may have been caused by temporal lobe epilepsy rather than the result of sweeping artistic tendencies. Manuel Vazquez Caruncho and Francisco Branas Fernandez of the Complexo Hospitalario Xeral-Calde in Spain analyzed descriptions of Chopin”s hallucinations from those close to him. They propose the French-Polish composer suffered from a type of epilepsy that produces conscious hallucinations that last from seconds to minutes. The research was published in the journal Medical Humanities, a specialist publication of the BMJ. Caruncho and Fernandez cite an extract from Sand”s memoir, where she recalls returning to the home she shared with Chopin after a long journey delayed by flooding. The composer had been playing one of h",exact_duplicate|near_duplicate|semantic_duplicate|same_template_different_content|related_but_both_valuable|false_positive|unclear
,shard_00106.parquet:48062,shard_00073.parquet:26984,0.9999998211860657,2886,2886,"The lowland forest in the northern “panhandle” of the EcoLab is part of the Crooked Creek flood plain . The lowlands are an area to the north of the EcoLab that shares a boundary with Cold Springs Academy and is south of Interstate 65. There is also a housing edition that is to the west of the lowlands. The silt loam soil of the lowland forest is within the Genessee Series, which is deep and well drained ). The soil of the lowland forest is low in organic matter, has a high moisture capacity with moderate permeability, has slow to very slow runoff, and is subject to occasional flooding. On the northwestern corner of the property, the lowlands slope upward. This area contains Miami silt loan soil, which is deep and well drained. The soil of this area is low in organic matter, has a high moisture capacity with moderate permeability, and a slow to rapid runoff. The pH range of the soils in the lowland area is anywhere from 6.8 to 8.6. When the samples were collected, there were two main types collected: sandy loam and loamy sand. These two soil types are soils that don’t stick together or allow water to flow through quickly. This keeps water sitting on the surface and often causes flo","The lowland forest in the northern “panhandle” of the EcoLab is part of the Crooked Creek flood plain . The lowlands are an area to the north of the EcoLab that shares a boundary with Cold Springs Academy and is south of Interstate 65. There is also a housing edition that is to the west of the lowlands. The silt loam soil of the lowland forest is within the Genessee Series, which is deep and well drained ). The soil of the lowland forest is low in organic matter, has a high moisture capacity with moderate permeability, has slow to very slow runoff, and is subject to occasional flooding. On the northwestern corner of the property, the lowlands slope upward. This area contains Miami silt loan soil, which is deep and well drained. The soil of this area is low in organic matter, has a high moisture capacity with moderate permeability, and a slow to rapid runoff. The pH range of the soils in the lowland area is anywhere from 6.8 to 8.6. When the samples were collected, there were two main types collected: sandy loam and loamy sand. These two soil types are soils that don’t stick together or allow water to flow through quickly. This keeps water sitting on the surface and often causes flo",exact_duplicate|near_duplicate|semantic_duplicate|same_template_different_content|related_but_both_valuable|false_positive|unclear
,shard_00032.parquet:6678,shard_00133.parquet:47874,1.000000238418579,2235,2235,"Do we have a right to online privacy? The Senate Commerce Committee held a hearing on Wednesday about the privacy implications of online advertising. Present for Congress’s first real consideration of the issue were representatives from big-name internet companies such as Google, Microsoft and Facebook. In addition were privacy experts from the Center for Democracy & Technology and the Competitive Enterprise Institute, who followed up the hearing with a heated discussion on the PBS News Hour. Google argued that advertisements, their main source of revenue, are what allow them to keep the bulk of their services free for customers. Targeted ads, they suggested, are also beneficial to customers because they don’t bog us down with largely useless information. Online shoppers or web surfers are exposed only to ads deemed relevant to them – or to what their data say about them. So, what information do internet companies collect for advertising? On a typical search Google will collect your IP address, operating system, browser type, requested search query and cookies. Although generally none of the information collected is personally identifiable, internet users are still largely unaware","Do we have a right to online privacy? The Senate Commerce Committee held a hearing on Wednesday about the privacy implications of online advertising. Present for Congress’s first real consideration of the issue were representatives from big-name internet companies such as Google, Microsoft and Facebook. In addition were privacy experts from the Center for Democracy & Technology and the Competitive Enterprise Institute, who followed up the hearing with a heated discussion on the PBS News Hour. Google argued that advertisements, their main source of revenue, are what allow them to keep the bulk of their services free for customers. Targeted ads, they suggested, are also beneficial to customers because they don’t bog us down with largely useless information. Online shoppers or web surfers are exposed only to ads deemed relevant to them – or to what their data say about them. So, what information do internet companies collect for advertising? On a typical search Google will collect your IP address, operating system, browser type, requested search query and cookies. Although generally none of the information collected is personally identifiable, internet users are still largely unaware",exact_duplicate|near_duplicate|semantic_duplicate|same_template_different_content|related_but_both_valuable|false_positive|unclear
,shard_00061.parquet:7085,shard_00068.parquet:33234,0.9800920486450195,6787,6766,"How to Winterize your Lawn Before It’s Too Late We all love those long, summer days that turn into crisp fall mornings. As the seasons change, and the lawnmower begins to consider hibernation, it’s time to think about your lawn. In order to protect your barefoot-friendly summer haven, you need to put in some work to keep things green. The care your lawn demands depends on a few basic things, such as climate and grass type. This article will help you get informed about how to understand what your lawn needs, and when it needs it. The preparation will pay off when spring brings that grass sprouting to life. This technique is less about the grass itself and more about the soil. Aeration is when you make holes in soil—breaking apart compacted soil and improving soil drainage for your lawn. Soil is a complex system that is very much alive. With an intricate balance of air pockets, nutrient deposits, and microorganisms, it’s a vital part of yard maintenance. Grass roots need room to grow, as well as enough water and nutrients cycling through the soil to keep the network of roots happy. As grass gets mowed, walked on, and otherwise compacted, the movement of these pieces can be stopped de","We all love those long, summer days that turn into crisp fall mornings. As the seasons change, and the lawnmower begins to consider hibernation, it’s time to think about your lawn. In order to protect your barefoot-friendly summer haven, you need to put in some work to keep things green. The care your lawn demands depends on a few basic things, such as climate and grass type. This article will help you get informed about how to understand what your lawn needs, and when it needs it. The preparation will pay off when spring brings that grass sprouting to life. How to Winterize Your Lawn This technique is less about the grass itself and more about the soil. Aeration is when you make holes in soil—breaking apart compacted soil and improving soil drainage for your lawn. Soil is a complex system that is very much alive. With an intricate balance of air pockets, nutrient deposits, and microorganisms, it’s a vital part of yard maintenance. Grass roots need room to grow, as well as enough water and nutrients cycling through the soil to keep the network of roots happy. As grass gets mowed, walked on, and otherwise compacted, the movement of these pieces can be stopped dead in their tracks. I",exact_duplicate|near_duplicate|semantic_duplicate|same_template_different_content|related_but_both_valuable|false_positive|unclear
,shard_00044.parquet:5725,shard_00039.parquet:34139,1.000000238418579,1274,1274,"Connecticut is a state located in the northeastern region of the United States, bordered by Rhode Island, New York, and Massachusetts. It was one of the thirteen colonies that claimed independence from Great Britain during the American Revolutionary War. Jonathan Trumbull was governor of the colony. He was one of the few colonial governors to side with the Patriots, prompting suspicions from the Colonial Assassins. They eventually he discovered he was a member of the Templars, and kept watch over him until his death in 1785. In 1777, the British Army occupied Danbury and threatened to burn the city having become drunk from raiding the local rum stores. The Assassins alerted the local militias who launched an attack, but this prompted the British to set fire. The Culper Ring were active in New Haven, and the Assassins escorted some of their members to safety in West Point, New York, during Tryon's raid. In 1781, the Assassins attempted to kill Benedict Arnold at the Battle of Groton Heights, but were unable to reach him. Nikolai Orelov immigrated to Hartford, Connecticut with his family in 1917. After Anna and Nadya were abducted by the FBI during the Palmer Raids, Nikolai raised hi","Connecticut is a state located in the northeastern region of the United States, bordered by Rhode Island, New York, and Massachusetts. It was one of the thirteen colonies that claimed independence from Great Britain during the American Revolutionary War. Jonathan Trumbull was governor of the colony. He was one of the few colonial governors to side with the Patriots, prompting suspicions from the Colonial Assassins. They eventually he discovered he was a member of the Templars, and kept watch over him until his death in 1785. In 1777, the British Army occupied Danbury and threatened to burn the city having become drunk from raiding the local rum stores. The Assassins alerted the local militias who launched an attack, but this prompted the British to set fire. The Culper Ring were active in New Haven, and the Assassins escorted some of their members to safety in West Point, New York, during Tryon's raid. In 1781, the Assassins attempted to kill Benedict Arnold at the Battle of Groton Heights, but were unable to reach him. Nikolai Orelov immigrated to Hartford, Connecticut with his family in 1917. After Anna and Nadya were abducted by the FBI during the Palmer Raids, Nikolai raised hi",exact_duplicate|near_duplicate|semantic_duplicate|same_template_different_content|related_but_both_valuable|false_positive|unclear
,shard_00072.parquet:39390,shard_00142.parquet:17949,1.0000007152557373,2723,2723,"As African Americans faced first slavery and then Jim Crow, they nestled in the black church as a haven. In the 1950s and ’60s, blacks congregated to fight legal oppression. In The Color of Christ, American religion historians Edward Blum and Paul Harvey argue that blacks and whites were once unified under the mantle of Christianity in efforts to combat societal vice and ills. Yet in more recent decades, black religiosity has shifted. Though many within the black community continue to showcase their religious conservatism, others have slowly drifted away. african american christianity In some spaces, stories are told of glass ceilings but with no mention of those stuck in the basement. Many African American Christians tell stories of driving while black or other times they’ve personally experienced racial profiling. But they are silent when it comes to the devastating impact of police brutality and mass incarceration on poor black communities. Some love to point people’s attention to how their presence has too often caused white people to cross the street or to clutch their purse, but yet turn their faces away from how young black people are stereotyped and criminalized as thugs an","As African Americans faced first slavery and then Jim Crow, they nestled in the black church as a haven. In the 1950s and ’60s, blacks congregated to fight legal oppression. In The Color of Christ, American religion historians Edward Blum and Paul Harvey argue that blacks and whites were once unified under the mantle of Christianity in efforts to combat societal vice and ills. Yet in more recent decades, black religiosity has shifted. Though many within the black community continue to showcase their religious conservatism, others have slowly drifted away. african american christianity In some spaces, stories are told of glass ceilings but with no mention of those stuck in the basement. Many African American Christians tell stories of driving while black or other times they’ve personally experienced racial profiling. But they are silent when it comes to the devastating impact of police brutality and mass incarceration on poor black communities. Some love to point people’s attention to how their presence has too often caused white people to cross the street or to clutch their purse, but yet turn their faces away from how young black people are stereotyped and criminalized as thugs an",exact_duplicate|near_duplicate|semantic_duplicate|same_template_different_content|related_but_both_valuable|false_positive|unclear
,shard_00027.parquet:12221,shard_00070.parquet:18812,1.0000007152557373,8830,8830,"Industry can improve the technology to do so exists. But does the will? Water use in Indian industry is very high due to a combination of factors including obsolete process technology, poor recycling and reuse practices and poor wastewater treatment. Water once used is generally thrown without any further use, even if the water is not much contaminated. Segregation of wastewater from various processes into clean wastewater, (that can be reused) and contaminated water is not commonly done. The result is that even the uncontaminated water gets contaminated after mixing and is discharged as Indian industry, especially thermal power plants, consume majority of their water for cooling requirements. Majority of industries use 'once-through cooling systems', in which water once used for cooling is discharged. Similarly, reuse of non-contact steam condensate is also not favoured in India, though it is virtually clean and can be reused by reducing the total dissolved solids (TDS). The wastewater treatment system in Indian industry is essentially installed to meet the wastewater discharge norms. The design principles do not consider the possibility of recycling and reusing the wastewater. In","Industry can improve the technology to do so exists. But does the will? Water use in Indian industry is very high due to a combination of factors including obsolete process technology, poor recycling and reuse practices and poor wastewater treatment. Water once used is generally thrown without any further use, even if the water is not much contaminated. Segregation of wastewater from various processes into clean wastewater, (that can be reused) and contaminated water is not commonly done. The result is that even the uncontaminated water gets contaminated after mixing and is discharged as Indian industry, especially thermal power plants, consume majority of their water for cooling requirements. Majority of industries use 'once-through cooling systems', in which water once used for cooling is discharged. Similarly, reuse of non-contact steam condensate is also not favoured in India, though it is virtually clean and can be reused by reducing the total dissolved solids (TDS). The wastewater treatment system in Indian industry is essentially installed to meet the wastewater discharge norms. The design principles do not consider the possibility of recycling and reusing the wastewater. In",exact_duplicate|near_duplicate|semantic_duplicate|same_template_different_content|related_but_both_valuable|false_positive|unclear
,shard_00039.parquet:19124,shard_00121.parquet:46960,0.9999991655349731,2842,2842,"Date Posted: April 17, 2019 When you look at a blown-up picture of fleas, you'll notice their hind legs. The length and strength of these legs make fleas capable of jumping 150 times their own height! Imagine if humans could jump 150 times their own height. Since fleas are only about 2 to 3 mm long, the distance still seems small to us, but it’s all they need to get by. Being great jumpers, fleas can easily hop onto rodents that are headed toward your yard, or leap onto pets coming through your door. Once inside, their population will multiply and they can quickly become an unbearable nuisance. Not only will they make you and your pets itchy, but they can also spread diseases and parasites. At Big Blue Bug, we want to make sure flea infestations are out of your hair - or should we say out of your pet’s fur - as soon as possible! The Dangers Fleas Pose Fleas feed on blood. In fact, female fleas need their first blood meal before they can even start laying their eggs. They get this blood from rodents, other wildlife, pets, or humans. Our guide to avoiding flea bites may come in handy for you if you are suffering from flea bites. One of the first signs of a flea infestation will likel","Date Posted: April 17, 2019 When you look at a blown-up picture of fleas, you'll notice their hind legs. The length and strength of these legs make fleas capable of jumping 150 times their own height! Imagine if humans could jump 150 times their own height. Since fleas are only about 2 to 3 mm long, the distance still seems small to us, but it’s all they need to get by. Being great jumpers, fleas can easily hop onto rodents that are headed toward your yard, or leap onto pets coming through your door. Once inside, their population will multiply and they can quickly become an unbearable nuisance. Not only will they make you and your pets itchy, but they can also spread diseases and parasites. At Big Blue Bug, we want to make sure flea infestations are out of your hair - or should we say out of your pet’s fur - as soon as possible! The Dangers Fleas Pose Fleas feed on blood. In fact, female fleas need their first blood meal before they can even start laying their eggs. They get this blood from rodents, other wildlife, pets, or humans. Our guide to avoiding flea bites may come in handy for you if you are suffering from flea bites. One of the first signs of a flea infestation will likel",exact_duplicate|near_duplicate|semantic_duplicate|same_template_different_content|related_but_both_valuable|false_positive|unclear
,shard_00047.parquet:44282,shard_00126.parquet:12653,1.0,1781,1781,"It was a one of a kind field trip on the Mississippi River for about three dozen local middle schoolers. ""Normally I would be in the classroom, but today we took a field trip here, and we're talking about pollution, and the Mississippi River,"" says Orion Middle Schooler Keiffer McCaw. ""This is a big day, it’s been about three years we've been waiting and wanting to something like this,"" says Orion Middle School teacher Jennifer Dean. These kids are getting a firsthand look at the national renowned Living Lands and Waters garbage barge. They're spending the day examining the river, and learning about how fragile our environment is. ""If you pollute stuff into the water it's going to go back to where you drink, which I never really realized that,"" says Orion Middle Schooler Sarah Sletten. These students are some of the first to take advantage of this brand new 1.4 million dollar floating classroom. ""The old barge we had wasn't ADA accessible, it wasn't safe, there was trip hazards, it was kinda like a shack, it was falling apart,"" says Jaymie Schuldt of Living Lands and Waters. The floating classroom is custom-built and just a few months old. It's completely self-sufficient. Its solar","It was a one of a kind field trip on the Mississippi River for about three dozen local middle schoolers. ""Normally I would be in the classroom, but today we took a field trip here, and we're talking about pollution, and the Mississippi River,"" says Orion Middle Schooler Keiffer McCaw. ""This is a big day, it’s been about three years we've been waiting and wanting to something like this,"" says Orion Middle School teacher Jennifer Dean. These kids are getting a firsthand look at the national renowned Living Lands and Waters garbage barge. They're spending the day examining the river, and learning about how fragile our environment is. ""If you pollute stuff into the water it's going to go back to where you drink, which I never really realized that,"" says Orion Middle Schooler Sarah Sletten. These students are some of the first to take advantage of this brand new 1.4 million dollar floating classroom. ""The old barge we had wasn't ADA accessible, it wasn't safe, there was trip hazards, it was kinda like a shack, it was falling apart,"" says Jaymie Schuldt of Living Lands and Waters. The floating classroom is custom-built and just a few months old. It's completely self-sufficient. Its solar",exact_duplicate|near_duplicate|semantic_duplicate|same_template_different_content|related_but_both_valuable|false_positive|unclear
,shard_00020.parquet:37754,shard_00054.parquet:40699,0.9946929812431335,1796,1799,"Version: v1, Published online: 1998 Retrieved June 06, 2020, from https://www.rep.routledge.com/articles/thematic/quantum-mechanics-interpretation-of/v-1 Quantum mechanics developed in the early part of the twentieth century in response to the discovery that energy is quantized, that is, comes in discrete units. At the microscopic level this leads to odd phenomena: light displays particle-like characteristics and particles such as electrons produce wave-like interference patterns. At the level of ordinary objects such effects are usually not evident, but this generalization is subject to striking exceptions and puzzling ambiguities. The fundamental quantum mechanical puzzle is ’superposition of states’. Quantum states can be added together in a manner that recalls the superposition of waves, but the effects of quantum superposition show up only probabilistically in the statistics of many measurements. The details suggest that the world is indefinite in odd ways; for example, that things may not always have well-defined positions or momenta or energies. However, if we accept this conclusion, we have difficulty making sense of such straightforward facts as that measurements have defi","Version: v1, Published online: 1998 Retrieved January 27, 2021, from https://www.rep.routledge.com/articles/thematic/quantum-mechanics-interpretation-of/v-1 Quantum mechanics developed in the early part of the twentieth century in response to the discovery that energy is quantized, that is, comes in discrete units. At the microscopic level this leads to odd phenomena: light displays particle-like characteristics and particles such as electrons produce wave-like interference patterns. At the level of ordinary objects such effects are usually not evident, but this generalization is subject to striking exceptions and puzzling ambiguities. The fundamental quantum mechanical puzzle is ’superposition of states’. Quantum states can be added together in a manner that recalls the superposition of waves, but the effects of quantum superposition show up only probabilistically in the statistics of many measurements. The details suggest that the world is indefinite in odd ways; for example, that things may not always have well-defined positions or momenta or energies. However, if we accept this conclusion, we have difficulty making sense of such straightforward facts as that measurements have d",exact_duplicate|near_duplicate|semantic_duplicate|same_template_different_content|related_but_both_valuable|false_positive|unclear
,shard_00112.parquet:5940,shard_00154.parquet:48701,1.0000003576278687,3588,3588,"Sunday, July 26, 2009 Waterspout and separate tornado near Daytona Beach on 7/24/09 - a similar setting to some landspouts setups in the Plains? Friday 7/24/09 saw a photogenic waterspout in Florida off Ormond Beach (see 1st photo above) just north of Daytona Beach, followed by a tornado inland at Port Orange (see 2nd photo above, south of Daytona Beach) that damaged or destroyed many manufactured homes. The setting for Friday's waterspout and tornado appeared similar in some respects to some landspout tornado settings in the Plains. The second set of graphics above shows lowest elevation angle radar reflectivity images from around 2100 UTC to 2230 UTC on Friday, with some key features labeled. The white dashed line and arrows in the first 2 images indicate the position of a sea breeze boundary inland over eastern Florida, seen by a fine line on Melbourne's radar. Notice how the sea breeze boundary extended back out over the Atlantic near Daytona Beach (DAB) at 2106 UTC, with thunderstorms having formed in a separate convergence zone to the northwest of DAB. By 2141 UTC, these storms had moved east and encountered/converged with the sea breeze boundary near DAB. At this time the wa","Sunday, July 26, 2009 Waterspout and separate tornado near Daytona Beach on 7/24/09 - a similar setting to some landspouts setups in the Plains? Friday 7/24/09 saw a photogenic waterspout in Florida off Ormond Beach (see 1st photo above) just north of Daytona Beach, followed by a tornado inland at Port Orange (see 2nd photo above, south of Daytona Beach) that damaged or destroyed many manufactured homes. The setting for Friday's waterspout and tornado appeared similar in some respects to some landspout tornado settings in the Plains. The second set of graphics above shows lowest elevation angle radar reflectivity images from around 2100 UTC to 2230 UTC on Friday, with some key features labeled. The white dashed line and arrows in the first 2 images indicate the position of a sea breeze boundary inland over eastern Florida, seen by a fine line on Melbourne's radar. Notice how the sea breeze boundary extended back out over the Atlantic near Daytona Beach (DAB) at 2106 UTC, with thunderstorms having formed in a separate convergence zone to the northwest of DAB. By 2141 UTC, these storms had moved east and encountered/converged with the sea breeze boundary near DAB. At this time the wa",exact_duplicate|near_duplicate|semantic_duplicate|same_template_different_content|related_but_both_valuable|false_positive|unclear
,shard_00076.parquet:45438,shard_00110.parquet:35659,1.0000001192092896,723,723,"Nintendo is patenting a method of creating computer game characters which is based on genetics. Programming game characters to have different physical and character traits adds to a game's realism, but is time-consuming and expensive. So Nintendo suggests employing just a handful of highly skilled programmers to compile a library of evolvable behavioural and physical ""genes"" which describe how a creature, such as a tiger, bird or mouse, reacts to stimuli (WO 0068893). An unskilled artist can then simply mix and match these traits to create characters with new abilities and personalities. To continue reading this article, subscribe to receive access to all of newscientist.com, including 20 years of archive content.","Nintendo is patenting a method of creating computer game characters which is based on genetics. Programming game characters to have different physical and character traits adds to a game's realism, but is time-consuming and expensive. So Nintendo suggests employing just a handful of highly skilled programmers to compile a library of evolvable behavioural and physical ""genes"" which describe how a creature, such as a tiger, bird or mouse, reacts to stimuli (WO 0068893). An unskilled artist can then simply mix and match these traits to create characters with new abilities and personalities. To continue reading this article, subscribe to receive access to all of newscientist.com, including 20 years of archive content.",exact_duplicate|near_duplicate|semantic_duplicate|same_template_different_content|related_but_both_valuable|false_positive|unclear
,shard_00139.parquet:3922,shard_00145.parquet:38893,1.0,5986,5986,"Do you know how to raise a happy child? Find out 10 scientific tips for kids. Use parental controls to provide your child with a secure future, along with happiness. No one can claim to have all the answers about how to raise a child. Parenting is draining; physically, emotionally, as well as intellectually. Moreover, it often requires professional sacrifice in addition to financial hardship. Keren Zhims – from raiseyourmind.com has given parents excellent advice, “instead of educating your child to be rich, educate them to be happy. So, when they grow up, they will appreciate the things for their values, not for the price.” Let us find out 10 Scientific Tips for Raising Happy & Healthy Kids. Parenting Tips for modern parents: How to Raise a Happy Child 1) Be happy and optimistic always The best parenting advice is – be happy to make your child happy. Extensive research on children’s physiology has established a significant link between a mother’s depression and the kid’s unruly behavior. Be optimistic and teach your kids to see the brighter side of everything. According to an analysis, confident kids are – healthier, less likely to deal with depression and anxiety, are more succes","Do you know how to raise a happy child? Find out 10 scientific tips for kids. Use parental controls to provide your child with a secure future, along with happiness. No one can claim to have all the answers about how to raise a child. Parenting is draining; physically, emotionally, as well as intellectually. Moreover, it often requires professional sacrifice in addition to financial hardship. Keren Zhims – from raiseyourmind.com has given parents excellent advice, “instead of educating your child to be rich, educate them to be happy. So, when they grow up, they will appreciate the things for their values, not for the price.” Let us find out 10 Scientific Tips for Raising Happy & Healthy Kids. Parenting Tips for modern parents: How to Raise a Happy Child 1) Be happy and optimistic always The best parenting advice is – be happy to make your child happy. Extensive research on children’s physiology has established a significant link between a mother’s depression and the kid’s unruly behavior. Be optimistic and teach your kids to see the brighter side of everything. According to an analysis, confident kids are – healthier, less likely to deal with depression and anxiety, are more succes",exact_duplicate|near_duplicate|semantic_duplicate|same_template_different_content|related_but_both_valuable|false_positive|unclear
,shard_00099.parquet:3917,shard_00092.parquet:44751,1.0000003576278687,2112,2112,"University researchers have found that people with Type 2 diabetes from an affluent background had the same risk of dying as someone without the condition from a deprived area. But the highest risks of suffering an early death remained in patients from the worst off backgrounds who had diabetes. Patients from these areas had almost twice the risk of those from more affluent areas. Previous research has shown that Scotlands most deprived communities have among the worst health records in the UK. Scottish regions account for eight of the bottom ten areas with the lowest life expectancy for British men. But the latest work, published in the journal Diabetes Care, also shows that living in a more affluent area cannot protect you from the worst effects of Type 2 diabetes. This form of diabetes develops during adulthood and is linked to being overweight. Researchers analyzed the health records of 200,000 people in Scotland and found that among the most affluent women with diabetes, the mortality rate was about 12 deaths per 1,000 of the population. For women from the most deprived areas without diabetes, the mortality rate was almost the same at 12.6 per 1,000. Affluent women without dia","University researchers have found that people with Type 2 diabetes from an affluent background had the same risk of dying as someone without the condition from a deprived area. But the highest risks of suffering an early death remained in patients from the worst off backgrounds who had diabetes. Patients from these areas had almost twice the risk of those from more affluent areas. Previous research has shown that Scotlands most deprived communities have among the worst health records in the UK. Scottish regions account for eight of the bottom ten areas with the lowest life expectancy for British men. But the latest work, published in the journal Diabetes Care, also shows that living in a more affluent area cannot protect you from the worst effects of Type 2 diabetes. This form of diabetes develops during adulthood and is linked to being overweight. Researchers analyzed the health records of 200,000 people in Scotland and found that among the most affluent women with diabetes, the mortality rate was about 12 deaths per 1,000 of the population. For women from the most deprived areas without diabetes, the mortality rate was almost the same at 12.6 per 1,000. Affluent women without dia",exact_duplicate|near_duplicate|semantic_duplicate|same_template_different_content|related_but_both_valuable|false_positive|unclear
,shard_00023.parquet:19111,shard_00029.parquet:6398,0.9999997615814209,2148,2148,"About the Village The earliest recorded residents of the Northbrook area were the Potawatomi tribe under Chief Shabbona. In 1833, the tribe ceded their land in Illinois and relocated near Council Bluffs, Iowa. Joel Sterling Sherman and his family bought 159 acres in what we now know as Northbrook’s Central Business District for $1.25 per acre. Soon after, the area was named Shermerville after Mr. Frederick Schermer who donated the land for the first railroad station (Schermer Station and later Shermer Station). By the 1870s, the region was a farm town with well-established brick yards which prospered during the rebuilding that followed the Great Chicago Fire in October 1871. In 1901, following a close referendum, the town was incorporated as Shermerville with about 60 homes and 311 residents. By 1921, residents felt that the Shermerville name had a bad reputation and a naming contest encouraged Edward Landwehr to submit the new name of Northbrook. In 1923, when there were about 500 residents, Northbrook was adopted as the official name. Northbrook grew rapidly after World War II when subdivisions were first developed. In 1940 the population was 1,265 and by 1960 that number increas","About the Village The earliest recorded residents of the Northbrook area were the Potawatomi tribe under Chief Shabbona. In 1833, the tribe ceded their land in Illinois and relocated near Council Bluffs, Iowa. Joel Sterling Sherman and his family bought 159 acres in what we now know as Northbrook’s Central Business District for $1.25 per acre. Soon after, the area was named Shermerville after Mr. Frederick Schermer who donated the land for the first railroad station (Schermer Station and later Shermer Station). By the 1870s, the region was a farm town with well-established brick yards which prospered during the rebuilding that followed the Great Chicago Fire in October 1871. In 1901, following a close referendum, the town was incorporated as Shermerville with about 60 homes and 311 residents. By 1921, residents felt that the Shermerville name had a bad reputation and a naming contest encouraged Edward Landwehr to submit the new name of Northbrook. In 1923, when there were about 500 residents, Northbrook was adopted as the official name. Northbrook grew rapidly after World War II when subdivisions were first developed. In 1940 the population was 1,265 and by 1960 that number increas",exact_duplicate|near_duplicate|semantic_duplicate|same_template_different_content|related_but_both_valuable|false_positive|unclear
,shard_00097.parquet:42015,shard_00114.parquet:43195,0.9743708968162537,1652,1652,"A Landscape History of New England takes a view of New England’s landscapes that goes beyond picture postcard-ready vistas of white-steepled churches, open pastures, and tree-covered mountains. Its chapters, for example, describe the Native American presence in the Maine Woods; offer a history of agriculture told through stone walls, woodlands, and farm buildings; report on the fragile ecology of tourist-friendly Cape Cod beaches; and reveal the ethnic stereotypes informing Colonial Revivalism. Boston’s metropolitan landscape has been two hundred years in the making. From its proto-suburban village centers of 1800 to its far-flung, automobile-centric exurbs of today, Boston has been a national pacesetter for suburbanization. In The Hub’s Metropolis, James O’Connell charts the evolution of Boston’s suburban development. In the 1990s, MIT began a billion-dollar building program that transformed its outdated, run-down campus into an architectural showplace. Funded by the high-tech boom of the 1990s and and driven by a pent-up demand for new space, MIT's ambitious rebuilding produced five major works of architecture: Kevin Roche's Zesiger Sports and Fitness Center, Steven Holl's Simmon","Boston’s metropolitan landscape has been two hundred years in the making. From its proto-suburban village centers of 1800 to its far-flung, automobile-centric exurbs of today, Boston has been a national pacesetter for suburbanization. In The Hub’s Metropolis, James O’Connell charts the evolution of Boston’s suburban development. A Landscape History of New England takes a view of New England’s landscapes that goes beyond picture postcard-ready vistas of white-steepled churches, open pastures, and tree-covered mountains. Its chapters describe, for example, the Native American presence in the Maine Woods; offer a history of agriculture told through stone walls, woodlands, and farm buildings; report on the fragile ecology of tourist-friendly Cape Cod beaches; and reveal the ethnic stereotypes informing Colonial Revivalism. Fresh Pond Reservation, at the northwest edge of Cambridge, Massachusetts, has been described as a ""landscape loved to death."" Certainly it is a landscape that has been changed by its various uses over the years and one to which Cantabridgeans and Bostonians have felt an intense attachment. In the 1990s, MIT began a billion-dollar building program that transformed it",exact_duplicate|near_duplicate|semantic_duplicate|same_template_different_content|related_but_both_valuable|false_positive|unclear
,shard_00093.parquet:31240,shard_00167.parquet:14419,1.0000004768371582,4048,4048,"At Central Vermont Medical Center our Speech Language Pathologists (SLPs) evaluate and treat adults and children who are experiencing problems eating and drinking. Swallowing disorders, also called dysphagia (dis-FAY-juh), prevent food from passing correctly between the mouth and the stomach, therefore making eating and/or drinking difficult. While swallowing disorders are more common among the elderly, certain conditions can lead to disorders among any age adult or child. Individuals with dysphagia can experience poor nutrition or dehydration and are at risk of aspiration (food or liquid entering the airway), which can lead to pneumonia and chronic lung disease, less enjoyment of eating or drinking, and embarrassment or isolation in social situations involving eating. Detailed information about Swallowing Disorders can be found at the American Speech-Language-Hearing Association website at: http://www.asha.org/public/speech/swallowing/SwallowingAdults.htm. Diagnosis and Treatment At CVMC Rehabilitation Theraphy, a speech-language pathologist (SLP) can evaluate adults and children who are experiencing problems eating and drinking. The SLP will take a careful history of medical cond","At Central Vermont Medical Center our Speech Language Pathologists (SLPs) evaluate and treat adults and children who are experiencing problems eating and drinking. Swallowing disorders, also called dysphagia (dis-FAY-juh), prevent food from passing correctly between the mouth and the stomach, therefore making eating and/or drinking difficult. While swallowing disorders are more common among the elderly, certain conditions can lead to disorders among any age adult or child. Individuals with dysphagia can experience poor nutrition or dehydration and are at risk of aspiration (food or liquid entering the airway), which can lead to pneumonia and chronic lung disease, less enjoyment of eating or drinking, and embarrassment or isolation in social situations involving eating. Detailed information about Swallowing Disorders can be found at the American Speech-Language-Hearing Association website at: http://www.asha.org/public/speech/swallowing/SwallowingAdults.htm. Diagnosis and Treatment At CVMC Rehabilitation Theraphy, a speech-language pathologist (SLP) can evaluate adults and children who are experiencing problems eating and drinking. The SLP will take a careful history of medical cond",exact_duplicate|near_duplicate|semantic_duplicate|same_template_different_content|related_but_both_valuable|false_positive|unclear
,shard_00157.parquet:32480,shard_00093.parquet:53244,1.0000007152557373,1957,1957,"Introducing Motor: An IDE for Linux Motor is an integrated IDE that works in the console and provides the developer with a useful mcedit-like editor, front-end to the compiler, linker, debugger (gdb), concurrent version system (cvs) and other useful things. It can also generate distribution packages in any format. Almost everything is done with templates, so any kind of language or distribution can be added easily. Some of you may remember RHIDE, another text-mode programming IDE available for Linux. It had been ported to Linux from DOS where it had been a part of DJGPP tools. I liked the idea of such an IDE, but I disliked its DOS habits. For example, to be able to process Alt-Fx keys it blocked switching local consoles. Well, they could be switched, but with Alt-Ctrl-Fx. This was the first thing that disturbed me. Also it took about 80% processor time and the user interface was too heavy to work on remotely. It lacked internal support for various GNU development tools a lot of UNIX programmers can't imagine working without. All that inspired me to write Motor. I don't think Motor differs dramatically from other Linux program as to the installation process. All you need is the tar","Introducing Motor: An IDE for Linux Motor is an integrated IDE that works in the console and provides the developer with a useful mcedit-like editor, front-end to the compiler, linker, debugger (gdb), concurrent version system (cvs) and other useful things. It can also generate distribution packages in any format. Almost everything is done with templates, so any kind of language or distribution can be added easily. Some of you may remember RHIDE, another text-mode programming IDE available for Linux. It had been ported to Linux from DOS where it had been a part of DJGPP tools. I liked the idea of such an IDE, but I disliked its DOS habits. For example, to be able to process Alt-Fx keys it blocked switching local consoles. Well, they could be switched, but with Alt-Ctrl-Fx. This was the first thing that disturbed me. Also it took about 80% processor time and the user interface was too heavy to work on remotely. It lacked internal support for various GNU development tools a lot of UNIX programmers can't imagine working without. All that inspired me to write Motor. I don't think Motor differs dramatically from other Linux program as to the installation process. All you need is the tar",exact_duplicate|near_duplicate|semantic_duplicate|same_template_different_content|related_but_both_valuable|false_positive|unclear
,shard_00071.parquet:22049,shard_00124.parquet:24129,0.9932869672775269,4850,4876,"Thu October 24, 2013 News Stories Dredge Up Old Stereotypes Of Europe's Roma Originally published on Thu October 24, 2013 6:25 pm AUDIE CORNISH, HOST: It's ALL THINGS CONSIDERED from NPR News. I'm Audie Cornish. MELISSA BLOCK, HOST: And I'm Melissa Block. There's been a spate of stories from Europe recently involving allegations of child abduction among the Roma people, often referred to as gypsies. In Greece, authorities detained a Roma couple, then took custody of a blonde, fair-skinned, young girl who looked nothing like them. Later, DNA tests showed she is not their daughter. Publicity around that case led to tip-offs in other countries. In Ireland, two young, blond-haired, blue-eyed children who were taken from their Roma parents have now been returned. DNA tests showed the children are theirs. Well, Jennifer Illuzzi is an assistant professor of history at Providence College in Rhode Island. Her research focuses on the Roma people, and she joins us to provide some perspective on these cases. Professor Illuzzi, welcome to the program. DR. JENNIFER ILLUZZI: Thank you for having me. BLOCK: Let's start with this idea that gypsies will steal your children, that they're child snatch","HPPR hosts & contributors Thu October 24, 2013 News Stories Dredge Up Old Stereotypes Of Europe's Roma Originally published on Thu October 24, 2013 1:25 pm AUDIE CORNISH, HOST: It's ALL THINGS CONSIDERED from NPR News. I'm Audie Cornish. MELISSA BLOCK, HOST: And I'm Melissa Block. There's been a spate of stories from Europe recently involving allegations of child abduction among the Roma people, often referred to as gypsies. In Greece, authorities detained a Roma couple, then took custody of a blonde, fair-skinned, young girl who looked nothing like them. Later, DNA tests showed she is not their daughter. Publicity around that case led to tip-offs in other countries. In Ireland, two young, blond-haired, blue-eyed children who were taken from their Roma parents have now been returned. DNA tests showed the children are theirs. Well, Jennifer Illuzzi is an assistant professor of history at Providence College in Rhode Island. Her research focuses on the Roma people, and she joins us to provide some perspective on these cases. Professor Illuzzi, welcome to the program. DR. JENNIFER ILLUZZI: Thank you for having me. BLOCK: Let's start with this idea that gypsies will steal your children,",exact_duplicate|near_duplicate|semantic_duplicate|same_template_different_content|related_but_both_valuable|false_positive|unclear
,shard_00079.parquet:43503,shard_00064.parquet:14035,1.0000001192092896,2085,2085,"Circus in Education Current School Workshop and projects Qualified and DBS checked tutors with equipment and full insurance Specialist workshops and shows : Examples included below or we can tailor workshops to your requirements and curriculum… 1. Mime and mask 3. Juggling and diabolo 4. Trapeze and rope techniques (rigging required) 5. Bringing your clown out to play 6. Slapstick and physical comedy. 7. Carnival puppet construction (home grown willow) 8. French taught with mime and projected grammar 9. Physics taught with interactive circus show Our specially trained team of tutors can be booked to visit your school and deliver our unique one day program. Benefits of our training are: * Personal Development – Through developing personal development skills such as confidence, team working and teaching the processes of learning our community circus projects contribute to developing the employment and educational prospects. * Social issues – These projects can also be effective in addressing deeper social problems such as crime through engaging and distracting young people who might otherwise be engaged in destructive tendencies. The perceived danger of circus skills make our activit","Circus in Education Current School Workshop and projects Qualified and DBS checked tutors with equipment and full insurance Specialist workshops and shows : Examples included below or we can tailor workshops to your requirements and curriculum… 1. Mime and mask 3. Juggling and diabolo 4. Trapeze and rope techniques (rigging required) 5. Bringing your clown out to play 6. Slapstick and physical comedy. 7. Carnival puppet construction (home grown willow) 8. French taught with mime and projected grammar 9. Physics taught with interactive circus show Our specially trained team of tutors can be booked to visit your school and deliver our unique one day program. Benefits of our training are: * Personal Development – Through developing personal development skills such as confidence, team working and teaching the processes of learning our community circus projects contribute to developing the employment and educational prospects. * Social issues – These projects can also be effective in addressing deeper social problems such as crime through engaging and distracting young people who might otherwise be engaged in destructive tendencies. The perceived danger of circus skills make our activit",exact_duplicate|near_duplicate|semantic_duplicate|same_template_different_content|related_but_both_valuable|false_positive|unclear
,shard_00031.parquet:30442,shard_00102.parquet:17629,0.999999463558197,730,730,"Provide feedback on this item Please provide details, labels, or ideas that will help this image be more findable and better described. Bismarck and Hitler : map of central Europe This map shows the progression of German expansion between Bismarck and Hitler. Also includes a drawing of Otto von Bismarck. Signed by Roland. 34.9 x 36.8 cm - still image - These materials are either in the public domain, according to U.S. copyright law, or permission has been obtained from rights owners. The digital version and supplementary materials are available for all educational uses worldwide. - The Janet A. Ginsburg Chicago Tribune Image Collection - Chicago Sunday Tribune (September 4, 1938), Camera News Review/Graphic Section, p. 1","Provide feedback on this item Please provide details, labels, or ideas that will help this image be more findable and better described. Bismarck and Hitler : map of central Europe This map shows the progression of German expansion between Bismarck and Hitler. Also includes a drawing of Otto von Bismarck. Signed by Roland. 34.9 x 36.8 cm - still image - These materials are either in the public domain, according to U.S. copyright law, or permission has been obtained from rights owners. The digital version and supplementary materials are available for all educational uses worldwide. - The Janet A. Ginsburg Chicago Tribune Image Collection - Chicago Sunday Tribune (September 4, 1938), Camera News Review/Graphic Section, p. 1",exact_duplicate|near_duplicate|semantic_duplicate|same_template_different_content|related_but_both_valuable|false_positive|unclear
,shard_00100.parquet:17945,shard_00120.parquet:22724,1.0000004768371582,4648,4648,"There are so many programming languages in the world that if you were to do a quick google search you’d end up confused on which one to choose. But, there is a war on what type of language is more productive. Dynamic vs statically typed programming languages. If you’re not familiar with the differences, let’s break them down. Also, considering that GDScript for Godot has optional static typing, let’s get into why each type has its own way of making you more productive. Dynamic Programming Languages Did someone say production issue? They do not use a type system in order to assure that the code that you write is in the same category when you’re performing operations on it. For example, you can add a number and a string together. That probably doesn’t make much sense, but yes that’s how it works, which can lead to undefined behavior. To work with a dynamic language you have to understand it better than you understand yourself to not fall into common pitfalls. But, by their design, you can get a lot of work done fast without having to be held up by a type system. Often times, you don’t need to go through any complicated setup to start coding in a dynamic programming language. This mak","There are so many programming languages in the world that if you were to do a quick google search you’d end up confused on which one to choose. But, there is a war on what type of language is more productive. Dynamic vs statically typed programming languages. If you’re not familiar with the differences, let’s break them down. Also, considering that GDScript for Godot has optional static typing, let’s get into why each type has its own way of making you more productive. Dynamic Programming Languages Did someone say production issue? They do not use a type system in order to assure that the code that you write is in the same category when you’re performing operations on it. For example, you can add a number and a string together. That probably doesn’t make much sense, but yes that’s how it works, which can lead to undefined behavior. To work with a dynamic language you have to understand it better than you understand yourself to not fall into common pitfalls. But, by their design, you can get a lot of work done fast without having to be held up by a type system. Often times, you don’t need to go through any complicated setup to start coding in a dynamic programming language. This mak",exact_duplicate|near_duplicate|semantic_duplicate|same_template_different_content|related_but_both_valuable|false_positive|unclear
,shard_00098.parquet:12513,shard_00040.parquet:465,1.0,1026,1026,"Our Mobile Dairy Classroom assembly teaches K-6 students about the anatomy of a cow, how milk goes from a cow to their refrigerator, the agriculture technology used and it gives them the chance to meet a cow up close! Language Arts, Math and Science are integrated into the lesson as well as healthy food and activity choices and agriculture’s contribution to our food supply. Review the full Scope and Sequence. The assembly is taught in two segments: - 45 minutes for lower elementary grades, K-3, focusing on vocabulary, life cycles and anatomy concepts - 45 minutes for upper elementary grades, 4-6, explaining the ruminant digestive system, lactation cycle, agriculture technology and milk processing with proper vocabulary The assembly must be held in the morning and in an outdoor area that can accommodate a 35-foot truck and trailer combination. No electricity is needed. There is no fee for the Mobile Dairy Classroom assembly and it rotates throughout the state, visiting school districts every three to five years.","Our Mobile Dairy Classroom assembly teaches K-6 students about the anatomy of a cow, how milk goes from a cow to their refrigerator, the agriculture technology used and it gives them the chance to meet a cow up close! Language Arts, Math and Science are integrated into the lesson as well as healthy food and activity choices and agriculture’s contribution to our food supply. Review the full Scope and Sequence. The assembly is taught in two segments: - 45 minutes for lower elementary grades, K-3, focusing on vocabulary, life cycles and anatomy concepts - 45 minutes for upper elementary grades, 4-6, explaining the ruminant digestive system, lactation cycle, agriculture technology and milk processing with proper vocabulary The assembly must be held in the morning and in an outdoor area that can accommodate a 35-foot truck and trailer combination. No electricity is needed. There is no fee for the Mobile Dairy Classroom assembly and it rotates throughout the state, visiting school districts every three to five years.",exact_duplicate|near_duplicate|semantic_duplicate|same_template_different_content|related_but_both_valuable|false_positive|unclear
,shard_00131.parquet:33855,shard_00073.parquet:49651,0.9998059272766113,2783,2787,"Thursday, April 2, 2020 Here are today’s assignments: Chapter 13 – Addition and Subtraction to 40 Lesson 3: Subtraction without Regrouping IXL Math – please continue to practice your math facts! You are doing FANTASTIC! Our class has now answered 10,000 questions on IXL!! Please log into ConnectEd and go to Unit 9, Lesson 3, Day 3 Complete: Skills Practice pages 161-165. If you have your Skills Practice workbook at home, you can use those pages. Just send me a picture of the completed pages. Page 161: Sounds and Spelling Review - Practice: Draw a line to match the picture to the correct word. Write the word beside the picture. Page 162: Apply - Write the correct word to complete each sentence. Page 163: Making Inferences – Making inferences is using what you already know to help answer questions while reading. - Practice: Look at the pictures. Circle the answer that makes the most sense. Page 164: Apply - Read each description. Then, tell what you think the person is doing. Page 165: Spelling - Practice: Sort the spelling words under the correct heading. Mrs. Burkholder has asked that you complete the following: You’re a Grand Old Flag – https://www.youtube.com/watch?v=vsv8LF8y9Uk","Thursday, April 2, 2020 Here are today’s assignments: Chapter 13 – Addition and Subtraction to 40 Lesson 3: Subtraction without Regrouping IXL Math – please continue to practice your math facts! You are doing FANTASTIC! Our class has now answered 10,000 questions on IXL!! Please log into ConnectEd and go to Unit 9, Lesson 3, Day 3 Complete: Skills Practice pages 161-165. If you have your Skills Practice workbook at home, you can use those pages. Just send me a picture of the completed pages. Page 161: Sounds and Spelling Review - Practice: Draw a line to match the picture to the correct word. Write the word beside the picture. Page 162: Apply - Write the correct word to complete each sentence. Page 163: Making Inferences – Making inferences is using what you already know to help answer questions while reading. - Practice: Look at the pictures. Circle the answer that makes the most sense. Page 164: Apply - Read each description. Then, tell what you think the person is doing. Page 165: Spelling - Practice: Sort the spelling words under the correct heading. Mrs. Burkholder has asked that you complete the following: You’re a Grand Old Flag – https://www.youtube.com/watch?v=vsv8LF8y9Uk",exact_duplicate|near_duplicate|semantic_duplicate|same_template_different_content|related_but_both_valuable|false_positive|unclear
,shard_00103.parquet:4790,shard_00169.parquet:41084,1.0000005960464478,3623,3623,"Stink bugs, also known as shield bugs or chust bugs, are a type of insects belonging to the family Pentatomidea of the order Hemiptera. The name Pentatomidea is taken from the Greek words pente, meaning 'five' and tomos that means segment or section. The bug has a shield-shaped body, with thick wings. These bugs come in different colors like dark green, blue, brown, black and gray. Their body is triangular in shape, with three pairs of legs and a pair of antennae. These bugs were first found in east Asia from where they were reported to migrate to the United States. Classification of Stink Bugs Every species in the animal kingdom is grouped in order to identify their distinctive characteristics. The insect can be taxonomically classified as: Facts About Stinkbugs Stink bugs, aptly named for the distinctive smell it releases from its body, when provoked is a species of insects, which have inhabited the Earth from a very long time. This characteristic of this insect acts as a protective shield against its enemy: - Scientifically named Nezara viridula, they are also called 'true bugs', because they use their proboscis (an elongated mouth) for feeding. - The stink bug got its name from","Stink bugs, also known as shield bugs or chust bugs, are a type of insects belonging to the family Pentatomidea of the order Hemiptera. The name Pentatomidea is taken from the Greek words pente, meaning 'five' and tomos that means segment or section. The bug has a shield-shaped body, with thick wings. These bugs come in different colors like dark green, blue, brown, black and gray. Their body is triangular in shape, with three pairs of legs and a pair of antennae. These bugs were first found in east Asia from where they were reported to migrate to the United States. Classification of Stink Bugs Every species in the animal kingdom is grouped in order to identify their distinctive characteristics. The insect can be taxonomically classified as: Facts About Stinkbugs Stink bugs, aptly named for the distinctive smell it releases from its body, when provoked is a species of insects, which have inhabited the Earth from a very long time. This characteristic of this insect acts as a protective shield against its enemy: - Scientifically named Nezara viridula, they are also called 'true bugs', because they use their proboscis (an elongated mouth) for feeding. - The stink bug got its name from",exact_duplicate|near_duplicate|semantic_duplicate|same_template_different_content|related_but_both_valuable|false_positive|unclear
,shard_00047.parquet:1523,shard_00166.parquet:22967,0.9999996423721313,2441,2441,"At 8.32 a.m. on 18 May 1980, failure of the upper part of the north slope of Mount St Helens triggered a lateral eruption ('the blast') that devastated the conifer forests in a sector covering ???500 km2 north of the volcano. I present here a steady flow model for the blast dynamics and propose that through much of the devastated area the blast was a supersonic flow of a complex multiphase (solid, liquid, vapour) mixture. The shape of the blast zone; pressure, temperature, velocity (Mach number) and density distributions within the flow; positions of weak and strong internal shocks; and mass flux, energy flux, and total energy are calculated. The shape of blast zone was determined by the initial areal expansion from the reservoir, by internal expansion and compression waves (including shocks), and by the density of the expanding mixture. The pressure within the flow dropped rapidly away from the source of the blast until, at a distance of ???11 km, the flow became underpressured relative to the surrounding atmosphere. Weak shocks within the flow subparallel to the east and west margins coalesced at about this distance into a strong Mach disk shock, across which the flow velocities","At 8.32 a.m. on 18 May 1980, failure of the upper part of the north slope of Mount St Helens triggered a lateral eruption ('the blast') that devastated the conifer forests in a sector covering ???500 km2 north of the volcano. I present here a steady flow model for the blast dynamics and propose that through much of the devastated area the blast was a supersonic flow of a complex multiphase (solid, liquid, vapour) mixture. The shape of the blast zone; pressure, temperature, velocity (Mach number) and density distributions within the flow; positions of weak and strong internal shocks; and mass flux, energy flux, and total energy are calculated. The shape of blast zone was determined by the initial areal expansion from the reservoir, by internal expansion and compression waves (including shocks), and by the density of the expanding mixture. The pressure within the flow dropped rapidly away from the source of the blast until, at a distance of ???11 km, the flow became underpressured relative to the surrounding atmosphere. Weak shocks within the flow subparallel to the east and west margins coalesced at about this distance into a strong Mach disk shock, across which the flow velocities",exact_duplicate|near_duplicate|semantic_duplicate|same_template_different_content|related_but_both_valuable|false_positive|unclear
,shard_00101.parquet:18551,shard_00063.parquet:4219,1.0000004768371582,1305,1305,"Debates require quick thinking and the clear articulation of ideas. The organisation and prioritisation skill set reflects students’ ability to convey their ideas clearly and effectively. A persuasive speaker: - Presents their reasons in a clear, well-structured manner. Their arguments are easy to follow, and ideas may be grouped by theme - Gives priority to the main arguments, and spends less time on those that are not as important - Has a structure which is clearly communicated to the audience, where necessary including an introduction and conclusion MAKING ARGUMENTS: FIRST STEPS When students begin debating, the first step will be to encourage them to express themselves clearly. Often, students will begin by delivering a ‘stream of consciousness’ speech, which is chaotic and hard to follow. They need to be encouraged to separate their thoughts into distinct ideas, and to label these clearly. Headlining is central to this process. - Each argument needs a clear headline. If someone reads this in isolation, they should still understand what the debater wants to do in their speech. - List the headlines at the beginning and end of the speech to introduce the arguments. - Arguments sh","Debates require quick thinking and the clear articulation of ideas. The organisation and prioritisation skill set reflects students’ ability to convey their ideas clearly and effectively. A persuasive speaker: - Presents their reasons in a clear, well-structured manner. Their arguments are easy to follow, and ideas may be grouped by theme - Gives priority to the main arguments, and spends less time on those that are not as important - Has a structure which is clearly communicated to the audience, where necessary including an introduction and conclusion MAKING ARGUMENTS: FIRST STEPS When students begin debating, the first step will be to encourage them to express themselves clearly. Often, students will begin by delivering a ‘stream of consciousness’ speech, which is chaotic and hard to follow. They need to be encouraged to separate their thoughts into distinct ideas, and to label these clearly. Headlining is central to this process. - Each argument needs a clear headline. If someone reads this in isolation, they should still understand what the debater wants to do in their speech. - List the headlines at the beginning and end of the speech to introduce the arguments. - Arguments sh",exact_duplicate|near_duplicate|semantic_duplicate|same_template_different_content|related_but_both_valuable|false_positive|unclear
,shard_00088.parquet:47436,shard_00009.parquet:9286,0.9998870491981506,10890,10890,"The following video presents Complete Streets – Planning 101: Complete streets are fundamental to healthier and sustainable communities. These streets are safe, efficient, convenient, equitable, and based upon good policy and planning principles that serve present and future generations. Learn about the role that complete streets play in communities. The City of Toronto and Spacing Magazine/Store in Toronto, Ontario, Canada, are holding a photography contest to showcase elements that make up a complete street. Complete streets are streets that are designed to be safe for all users, such as people who walk, bicycle, take transit or drive, and people of varying ages and levels of ability. They also consider other uses like sidewalk cafés, street furniture, street trees, utilities, and stormwater management. While not every type of use of user may be accommodated on every street, the goal is to build a city with a well-functioning street network that supports and sustains our quality of life in Toronto. Complete streets will ensure that social, economic and environmental priorities are integrated in street planning and design. The Complete Streets Guidelines will help Toronto’s commun","The following video presents Complete Streets – Planning 101: Complete streets are fundamental to healthier and sustainable communities. These streets are safe, efficient, convenient, equitable, and based upon good policy and planning principles that serve present and future generations. Learn about the role that complete streets play in communities. The City of Toronto and Spacing Magazine/Store in Toronto, Ontario, Canada, are holding a photography contest to showcase elements that make up a complete street. Complete streets are streets that are designed to be safe for all users, such as people who walk, bicycle, take transit or drive, and people of varying ages and levels of ability. They also consider other uses like sidewalk cafés, street furniture, street trees, utilities, and stormwater management. While not every type of use of user may be accommodated on every street, the goal is to build a city with a well-functioning street network that supports and sustains our quality of life in Toronto. Complete streets will ensure that social, economic and environmental priorities are integrated in street planning and design. The Complete Streets Guidelines will help Toronto’s commun",exact_duplicate|near_duplicate|semantic_duplicate|same_template_different_content|related_but_both_valuable|false_positive|unclear
,shard_00051.parquet:24636,shard_00035.parquet:29033,1.0,2687,2687,"To ensure that good science finds its way into the policy arena, our Science Insights synthesize the latest sustainability research for the international science-policy community. Since 2017, these insights have been presented at forums like the annual United Nations Framework Convention on Climate Change (UNFCCC) Conference of the Parties. The 10 New Insights in Climate Science 2019 was presented to UNFCCCs Executive Secretary Patricia Espinosa at the United Nations Framework Convention on Climate Change 25th Conference of the Parties (COP25) in Madrid, 6 December, 2019, and distributed to negotiators and journalists. The report highlights the most recent advances over the last 12 months in the scientific understanding of the drivers, effects, and impacts of climate change, as well as societal responses. It is the third annual publication by Future Earth and The Earth League, two major international organizations representing networks of global sustainability scientists. It summarizes recent Earth-system science, policy, public health, and economic research. New insights in Climate Science: A 2017-2019 Summary Future Earth and the Earth League collated the most up-to-date science","To ensure that good science finds its way into the policy arena, our Science Insights synthesize the latest sustainability research for the international science-policy community. Since 2017, these insights have been presented at forums like the annual United Nations Framework Convention on Climate Change (UNFCCC) Conference of the Parties. The 10 New Insights in Climate Science 2019 was presented to UNFCCCs Executive Secretary Patricia Espinosa at the United Nations Framework Convention on Climate Change 25th Conference of the Parties (COP25) in Madrid, 6 December, 2019, and distributed to negotiators and journalists. The report highlights the most recent advances over the last 12 months in the scientific understanding of the drivers, effects, and impacts of climate change, as well as societal responses. It is the third annual publication by Future Earth and The Earth League, two major international organizations representing networks of global sustainability scientists. It summarizes recent Earth-system science, policy, public health, and economic research. New insights in Climate Science: A 2017-2019 Summary Future Earth and the Earth League collated the most up-to-date science",exact_duplicate|near_duplicate|semantic_duplicate|same_template_different_content|related_but_both_valuable|false_positive|unclear
,shard_00162.parquet:47376,shard_00163.parquet:24297,1.0000003576278687,4987,4987,"Current efforts to develop an integrated Global Earth Observation System of Systems are helping us launch a new voyage of scientific discovery. Over the next decade, the system will revolutionize our understanding of Earth and how Right now, many thousands of individual pieces of technology are gathering scientific observations around the globe. They are demonstrating their value in estimating crop yields, monitoring water and air quality, and improving airline safety. U.S. farmers gain about $15 of value for each $1 spent on weather forecasting. Benefits to U.S. agriculture from altering planting decisions based on remote sensing are estimated at over $250 million. The annual economic return to the United States from the National Oceanic and Atmospheric Administrations El Niño ocean-observing and forecast system is between 13 and 26 percent. |Satellites talking to ocean buoys, ground-based stations and air-quality sensors will give us a view of Earth unlike any weve ever seen.| But while there are thousands of moored and free-floating data buoys in the worlds oceans, thousands of land-based environmental stations and more than 50 environmental satellites orbiting the globe all pro","Current efforts to develop an integrated Global Earth Observation System of Systems are helping us launch a new voyage of scientific discovery. Over the next decade, the system will revolutionize our understanding of Earth and how Right now, many thousands of individual pieces of technology are gathering scientific observations around the globe. They are demonstrating their value in estimating crop yields, monitoring water and air quality, and improving airline safety. U.S. farmers gain about $15 of value for each $1 spent on weather forecasting. Benefits to U.S. agriculture from altering planting decisions based on remote sensing are estimated at over $250 million. The annual economic return to the United States from the National Oceanic and Atmospheric Administrations El Niño ocean-observing and forecast system is between 13 and 26 percent. |Satellites talking to ocean buoys, ground-based stations and air-quality sensors will give us a view of Earth unlike any weve ever seen.| But while there are thousands of moored and free-floating data buoys in the worlds oceans, thousands of land-based environmental stations and more than 50 environmental satellites orbiting the globe all pro",exact_duplicate|near_duplicate|semantic_duplicate|same_template_different_content|related_but_both_valuable|false_positive|unclear
,shard_00091.parquet:42918,shard_00022.parquet:29985,0.9834764003753662,1012,1064,"Top Dieback, corn, strobilurin, fungicide, Anthracnose Significant yield losses can result from top dieback (TDB) in dent corn (Zea mays), which is caused by infection by the fungus causing anthracnose (Colletotrichum graminicola). Research is limited on the effectiveness of fungicide application because of the unpredictable nature of the disease. Two field studies were established to assess the timing of fungicide application on TDB, one in Illinois (2010) and the other in Kansas (2015). Fungicide applications at tasseling (VT) and later were effective in reducing the incidence of TDB 20 to 30% and increasing yield 15 to 19 bu/a, or up to 10%, while earlier applications (V5 to V8) did not reduce TDB nor increase yield compared to the untreated check. Creative Commons License This work is licensed under a Creative Commons Attribution 4.0 License. Adee, Eric and Duncan, Stu ""Timing of Strobilurin Fungicide for Control of Top Dieback in Corn,"" Kansas Agricultural Experiment Station Research Reports:","top dieback, corn, fungicide, anthracnose, strobilurin Significant yield losses can result from top dieback (TDB) in dent corn, which is caused by infection by the fungus, Colletotrichum graminicola, causing anthracnose. Research is limited on the effectiveness of fungicide application because of the unpredictable nature of the disease. Three field studies were established to assess the timing of fungicide application on foliar diseases that developed TDB, one in Illinois (2010) and the other two in Kansas (2015 and 2016). Fungicide applications at tasseling and later were effective in reducing the incidence of TDB by greater than 20% and increasing yield greater than 14 bu/a, or greater than 7%, while earlier applications (V5 to V8) did not reduce TDB or increase yield compared to the untreated check. Creative Commons License This work is licensed under a Creative Commons Attribution 4.0 License. Adee, Eric and Duncan, Stu ""Timing of Strobilurin Fungicide for Control of Top Dieback in Corn,"" Kansas Agricultural Experiment Station Research Reports:",exact_duplicate|near_duplicate|semantic_duplicate|same_template_different_content|related_but_both_valuable|false_positive|unclear
,shard_00140.parquet:34180,shard_00050.parquet:51884,0.9984737038612366,4591,4585,"|Martha Ida Strickland Sapp| The year was 1900. A new century had arrived, but one couldn't tell in rural Taylor County Florida. Everything seemed the same. The men either farmed their land, or they worked for a local timber company. The sandy, swampy land wasn't suitable for much farming, but there was timber galore. As the timber was cut down, pines were either replanted, or the land was cleared for homesteading and farming. This was the process that had been going on for the last half century. By the mid 1800's, most of the local Native Americans had been driven off of their land in North Florida. This opened up the land for settlement. The United States government was issuing land patents to settlers that could live on and improve their land for a few years. Once this was proved, the land would belong to the settler, free and clear. Martha Ida Strickland's grandfather, Savage Strickland, was one of these settlers. He officially received his land patent in June of 1859. Savage's son, George Newton Strickland, followed in his father's footsteps and applied for a land patent southwest of the small town of Salem, in Taylor County. The land was rugged, infested with snakes, gators,","|Martha Ida Strickland Sapp The year was 1900. A new century had arrived, but one couldn't tell in rural Taylor County Florida. Everything seemed the same. The men either farmed their land, or they worked for a local timber company. The sandy, swampy land wasn't suitable for much farming, but there was timber galore. As the timber was cut down, pines were either replanted, or the land was cleared for homesteading and farming. This was the process that had been going on for the last half century. By the mid 1800's, most of the local Native Americans had been driven off of their land in North Florida. This opened up the land for settlement. The United States government was issuing land patents to settlers that could live on and improve their land for a few years. Once this was proved, the land would belong to the settler, free and clear. Martha Ida Strickland's grandfather, Savage Strickland, was one of these settlers. He officially received his land patent in June of 1859. Savage's son, George Newton Strickland, followed in his father's footsteps and applied for a land patent southwest of the small town of Salem, in Taylor County. The land was rugged, infested with snakes, gators, a",exact_duplicate|near_duplicate|semantic_duplicate|same_template_different_content|related_but_both_valuable|false_positive|unclear
,shard_00164.parquet:40874,shard_00000.parquet:34564,0.9999995827674866,1096,1096,"|Pope Francis talks to Indian leaders and social workers at the second World Meeting of Popular Movements in Santa Cruz, Bolivia, Thursday, July 9, 2015. (AP / Rodrigo Abd)| SANTA CRUZ, Bolivia -- Pope Francis apologized Thursday for the sins, offences and crimes committed by the Catholic Church against indigenous peoples during the colonial-era conquest of the Americas, delivering a powerful mea culpa on the part of the church in the climactic highlight of his South American pilgrimage. History's first Latin American pope ""humbly"" begged forgiveness during an encounter in Bolivia with indigenous groups and other activists and in the presence of Bolivia's first-ever indigenous president, Evo Morales. Francis noted that Latin American church leaders in the past had acknowledged that ""grave sins were committed against the native peoples of America in the name of God."" St. John Paul II, for his part, apologized to the continent's indigenous for the ""pain and suffering"" caused during the 500 years of the church's presence in the Americas during a 1992 visit to the Dominican Republic.","|Pope Francis talks to Indian leaders and social workers at the second World Meeting of Popular Movements in Santa Cruz, Bolivia, Thursday, July 9, 2015. (AP / Rodrigo Abd)| SANTA CRUZ, Bolivia -- Pope Francis apologized Thursday for the sins, offences and crimes committed by the Catholic Church against indigenous peoples during the colonial-era conquest of the Americas, delivering a powerful mea culpa on the part of the church in the climactic highlight of his South American pilgrimage. History's first Latin American pope ""humbly"" begged forgiveness during an encounter in Bolivia with indigenous groups and other activists and in the presence of Bolivia's first-ever indigenous president, Evo Morales. Francis noted that Latin American church leaders in the past had acknowledged that ""grave sins were committed against the native peoples of America in the name of God."" St. John Paul II, for his part, apologized to the continent's indigenous for the ""pain and suffering"" caused during the 500 years of the church's presence in the Americas during a 1992 visit to the Dominican Republic.",exact_duplicate|near_duplicate|semantic_duplicate|same_template_different_content|related_but_both_valuable|false_positive|unclear
,shard_00076.parquet:44081,shard_00095.parquet:8118,0.9999998807907104,966,966,"Discover the cosmos! Each day a different image or photograph of our fascinating universe is featured, along with a brief explanation written by a professional astronomer. 2004 December 14 Explanation: Spiral galaxy M33 is a mid-sized member of our Local Group of Galaxies. M33 is also called the Triangulum Galaxy for the constellation in which it resides. About four times smaller (in radius) than our Milky Way Galaxy and the Andromeda Galaxy (M31), it is much larger than the many of the local dwarf spheroidal galaxies. M33's proximity to M31 causes it to be thought by some to be a satellite galaxy of this more massive galaxy. M33's proximity to our Milky Way Galaxy causes it to appear more than twice the angular size of the Full Moon, and be visible with a good pair of binoculars. Authors & editors: NASA Web Site Statements, Warnings, and Disclaimers NASA Official: Jay Norris. Specific rights apply. A service of: LHEA at NASA / GSFC & Michigan Tech. U.","Discover the cosmos! Each day a different image or photograph of our fascinating universe is featured, along with a brief explanation written by a professional astronomer. 2004 December 14 Explanation: Spiral galaxy M33 is a mid-sized member of our Local Group of Galaxies. M33 is also called the Triangulum Galaxy for the constellation in which it resides. About four times smaller (in radius) than our Milky Way Galaxy and the Andromeda Galaxy (M31), it is much larger than the many of the local dwarf spheroidal galaxies. M33's proximity to M31 causes it to be thought by some to be a satellite galaxy of this more massive galaxy. M33's proximity to our Milky Way Galaxy causes it to appear more than twice the angular size of the Full Moon, and be visible with a good pair of binoculars. Authors & editors: NASA Web Site Statements, Warnings, and Disclaimers NASA Official: Jay Norris. Specific rights apply. A service of: LHEA at NASA / GSFC & Michigan Tech. U.",exact_duplicate|near_duplicate|semantic_duplicate|same_template_different_content|related_but_both_valuable|false_positive|unclear
,shard_00128.parquet:11935,shard_00089.parquet:52956,0.9999993443489075,2042,2042,"Learn more about what a typical day of classes looks like while studying abroad at the Academy in Granada While the teaching methodology and belief in immersion learning is consistent across all Academies, the curriculum in Granada is designed to help students immerse themselves in the local surroundings and quickly adapt to their new environment. Each week at the Academy, regardless of language level, students will focus on a particular theme that directly relates to Granada and Spain. Themes and daily lessons are adapted for each class level, and weekly projects help students demonstrate their mastery of the content. Upon completion of each theme, students will be required to give a presentation or enact a skit demonstrating what they have learned. The weekly themes are designed to introduce students to Granada, Spain, and the local history and culture -- all in language! This year’s weekly themes are: - Week 1: Getting to Know the School (Ave María Casa Madre) and the City of Granada - Week 2: History and Culture of Granada - Week 3: Spanish Economy and Tourism - Week 4: Spanish Cuisine As a part of class time each day, teachers will bring students to different sites throughout","Learn more about what a typical day of classes looks like while studying abroad at the Academy in Granada While the teaching methodology and belief in immersion learning is consistent across all Academies, the curriculum in Granada is designed to help students immerse themselves in the local surroundings and quickly adapt to their new environment. Each week at the Academy, regardless of language level, students will focus on a particular theme that directly relates to Granada and Spain. Themes and daily lessons are adapted for each class level, and weekly projects help students demonstrate their mastery of the content. Upon completion of each theme, students will be required to give a presentation or enact a skit demonstrating what they have learned. The weekly themes are designed to introduce students to Granada, Spain, and the local history and culture -- all in language! This year’s weekly themes are: - Week 1: Getting to Know the School (Ave María Casa Madre) and the City of Granada - Week 2: History and Culture of Granada - Week 3: Spanish Economy and Tourism - Week 4: Spanish Cuisine As a part of class time each day, teachers will bring students to different sites throughout",exact_duplicate|near_duplicate|semantic_duplicate|same_template_different_content|related_but_both_valuable|false_positive|unclear
,shard_00072.parquet:13099,shard_00101.parquet:52284,1.0000001192092896,1932,1932,"The Monday MBA Math series helps prospective MBA students to self assess their proficiency with the quantitative building blocks of the MBA first year curriculum. The first MBA Math accounting exercise explained that balance sheets provide a snapshot of a firm’s financial condition at a moment in time, with “balance” referring to the equality between the left side’s assets and the right side’s combination of liabilities and equity. This exercise introduces transactions as the means by which the balance sheet changes over time. As long as the balance sheet equation (assets = liabilities + equity) is maintained for each transaction then the new balance sheet that results from a large sequence of transactions will remain in balance. This exercise introduces the proper treatment of a few standard transactions at the level of the balance sheet equation. The full MBA Math course continues deeper into allocation of transactions to specific balance sheet accounts. Internalizing the concepts and handling of standard transactions will help students to be ready for the more complex issues of proper revenue recognition and expense matching of accrual accounting that they will encounter in thei","The Monday MBA Math series helps prospective MBA students to self assess their proficiency with the quantitative building blocks of the MBA first year curriculum. The first MBA Math accounting exercise explained that balance sheets provide a snapshot of a firm’s financial condition at a moment in time, with “balance” referring to the equality between the left side’s assets and the right side’s combination of liabilities and equity. This exercise introduces transactions as the means by which the balance sheet changes over time. As long as the balance sheet equation (assets = liabilities + equity) is maintained for each transaction then the new balance sheet that results from a large sequence of transactions will remain in balance. This exercise introduces the proper treatment of a few standard transactions at the level of the balance sheet equation. The full MBA Math course continues deeper into allocation of transactions to specific balance sheet accounts. Internalizing the concepts and handling of standard transactions will help students to be ready for the more complex issues of proper revenue recognition and expense matching of accrual accounting that they will encounter in thei",exact_duplicate|near_duplicate|semantic_duplicate|same_template_different_content|related_but_both_valuable|false_positive|unclear
,shard_00045.parquet:7936,shard_00069.parquet:36116,1.0,6037,6037,"Intuition, Truth and Light A reader keeps trying to convince us that we should be using his definition of the word “intuition,” rather than that espoused in the Ancient Wisdom. There are many words in the dictionary which have a half dozen different uses and when this is the case the teacher must define his terms and make the students aware of the definition he is using and clearly represent how the word is to be used. Then there are other times that there may not be a current word that clearly represents his thought so he uses the best word available and redefines it for his students. When this is the case it merely becomes a distraction for a student to insist on examining the other definitions. I have clearly defined the class use of the word “intuition.” If this does not fit in with how you have used the word in your past this is perfectly understandable. When you teach a class then you can use a definition which fits in with your belief system. The definition I use does harmonize with Djwhal Khul who uses sources sometimes millions of years old, ancient wisdom indeed. Definition of Intuition for this class (not found in any standard dictionary) “The reception by the mind, as a","Intuition, Truth and Light A reader keeps trying to convince us that we should be using his definition of the word “intuition,” rather than that espoused in the Ancient Wisdom. There are many words in the dictionary which have a half dozen different uses and when this is the case the teacher must define his terms and make the students aware of the definition he is using and clearly represent how the word is to be used. Then there are other times that there may not be a current word that clearly represents his thought so he uses the best word available and redefines it for his students. When this is the case it merely becomes a distraction for a student to insist on examining the other definitions. I have clearly defined the class use of the word “intuition.” If this does not fit in with how you have used the word in your past this is perfectly understandable. When you teach a class then you can use a definition which fits in with your belief system. The definition I use does harmonize with Djwhal Khul who uses sources sometimes millions of years old, ancient wisdom indeed. Definition of Intuition for this class (not found in any standard dictionary) “The reception by the mind, as a",exact_duplicate|near_duplicate|semantic_duplicate|same_template_different_content|related_but_both_valuable|false_positive|unclear
,shard_00119.parquet:26361,shard_00108.parquet:34660,1.0000003576278687,3225,3225,"SANTA FE, N.M. (AP) — John Pinto, a Navajo Code Talker in World War II who became one of the nation’s longest serving Native American elected officials as a New Mexico state senator, has died. He was 94. Senate colleague Michael Padilla confirmed Pinto’s death in Gallup on Friday after years of suffering from various illnesses that rarely kept him from his duties. After serving as a Marine, Pinto was elected to the Senate in 1976 and represented a district that includes the Navajo Nation for more than four decades. The region is one of the poorest in the country. “Words cannot express the sadness we feel for the loss of a great Diné warrior,” said Navajo Nation President Jonathan Nez, using the indigenous word for Navajo. “He dedicated his life to helping others.” Born in Lupton, Arizona, on the Navajo Nation to a family of sheep herders, Pinto didn’t start formal schooling until he was nearly a teenager. “At the age of 12, I was in kindergarten,” Pinto told the Albuquerque Journal in a 2007 interview. “I guess I did all right.” Pinto also recalled that his grandparents told of being forced at gunpoint from their land in the 1860s by the U.S. Army in the forced relocation of the Na","SANTA FE, N.M. (AP) — John Pinto, a Navajo Code Talker in World War II who became one of the nation’s longest serving Native American elected officials as a New Mexico state senator, has died. He was 94. Senate colleague Michael Padilla confirmed Pinto’s death in Gallup on Friday after years of suffering from various illnesses that rarely kept him from his duties. After serving as a Marine, Pinto was elected to the Senate in 1976 and represented a district that includes the Navajo Nation for more than four decades. The region is one of the poorest in the country. “Words cannot express the sadness we feel for the loss of a great Diné warrior,” said Navajo Nation President Jonathan Nez, using the indigenous word for Navajo. “He dedicated his life to helping others.” Born in Lupton, Arizona, on the Navajo Nation to a family of sheep herders, Pinto didn’t start formal schooling until he was nearly a teenager. “At the age of 12, I was in kindergarten,” Pinto told the Albuquerque Journal in a 2007 interview. “I guess I did all right.” Pinto also recalled that his grandparents told of being forced at gunpoint from their land in the 1860s by the U.S. Army in the forced relocation of the Na",exact_duplicate|near_duplicate|semantic_duplicate|same_template_different_content|related_but_both_valuable|false_positive|unclear
,shard_00087.parquet:35478,shard_00104.parquet:91,1.0000004768371582,841,841,"If your children don’t mind getting their hands dirty, work together to create this delightfully disgusting slime. - Empty a four-ounce bottle of school glue into a bowl. - Fill the empty bottle with warm water, shake and pour out into the bowl. - Color the slime by mixing in two tablespoons of acrylic craft paint or eight to 10 drops of food coloring. - Stir in 1/3 cup liquid starch (like the Sta-Flo brand found with ironing supplies at the grocery store). Stirring will thicken the mixture and create spooky, oozing, slippery slime. This craft was created for RAK by Bettijo B. Hirschi and Aimée Lowry, the Arizona moms behind the family-living blog PagingSupermom.com. It first appeared in print in 2014. - Halloween events in metro Phoenix - Upcycled Science: How to make a musical instrument - Make your own moveable books and cards","If your children don’t mind getting their hands dirty, work together to create this delightfully disgusting slime. - Empty a four-ounce bottle of school glue into a bowl. - Fill the empty bottle with warm water, shake and pour out into the bowl. - Color the slime by mixing in two tablespoons of acrylic craft paint or eight to 10 drops of food coloring. - Stir in 1/3 cup liquid starch (like the Sta-Flo brand found with ironing supplies at the grocery store). Stirring will thicken the mixture and create spooky, oozing, slippery slime. This craft was created for RAK by Bettijo B. Hirschi and Aimée Lowry, the Arizona moms behind the family-living blog PagingSupermom.com. It first appeared in print in 2014. - Halloween events in metro Phoenix - Upcycled Science: How to make a musical instrument - Make your own moveable books and cards",exact_duplicate|near_duplicate|semantic_duplicate|same_template_different_content|related_but_both_valuable|false_positive|unclear
,shard_00030.parquet:43633,shard_00153.parquet:25546,1.0000003576278687,477,477,"The Climate Council says climate change will double the need for fire fighters by 2030. Since the 1960’s extreme hot days have doubled, causing a significant increase in the number of bush fires we have had. Australia has experienced its hottest twelve months on record causing the annual bushfire season to expand into October and March. This is set to continue as will the need for more fire fighters to assist during the bushfire season. To read the full article click here.","The Climate Council says climate change will double the need for fire fighters by 2030. Since the 1960’s extreme hot days have doubled, causing a significant increase in the number of bush fires we have had. Australia has experienced its hottest twelve months on record causing the annual bushfire season to expand into October and March. This is set to continue as will the need for more fire fighters to assist during the bushfire season. To read the full article click here.",exact_duplicate|near_duplicate|semantic_duplicate|same_template_different_content|related_but_both_valuable|false_positive|unclear
,shard_00148.parquet:52746,shard_00148.parquet:11927,1.000000238418579,1779,1779,"A public lecture at the University of Gloucestershire will discuss pioneering techniques to reduce the risk of flooding which will also help wildlife. ‘Natural Flood Management: Letting Nature Do What Nature Does’ will take place at the Oxstalls campus, Gloucester, from 6pm on Thursday 25 February. Drawing on his work with Stroud District Council to introduce a brand new Rural Sustainable Drainage System (RSuDs) to the Stroud Valleys, Chris Short from the Countryside and Community Research Institute (CCRI) will talk about how small-scale low cost interventions in different locations can reduce the risk and frequency of flooding. The RSuDs swapped concrete and steel for natural features and trees to reduce the risk of flooding which has also been beneficial for the local wildlife. There are three main areas, Chris says, which he will discuss: ‘The first is that the right management can increase the rate at which rainfall is absorbed into the soil, and this is not just planting trees. The second is by increasing the debris in small streams at the top of the river system. The third is a range of actions that individual property owners and communities can take to add small natural feat","A public lecture at the University of Gloucestershire will discuss pioneering techniques to reduce the risk of flooding which will also help wildlife. ‘Natural Flood Management: Letting Nature Do What Nature Does’ will take place at the Oxstalls campus, Gloucester, from 6pm on Thursday 25 February. Drawing on his work with Stroud District Council to introduce a brand new Rural Sustainable Drainage System (RSuDs) to the Stroud Valleys, Chris Short from the Countryside and Community Research Institute (CCRI) will talk about how small-scale low cost interventions in different locations can reduce the risk and frequency of flooding. The RSuDs swapped concrete and steel for natural features and trees to reduce the risk of flooding which has also been beneficial for the local wildlife. There are three main areas, Chris says, which he will discuss: ‘The first is that the right management can increase the rate at which rainfall is absorbed into the soil, and this is not just planting trees. The second is by increasing the debris in small streams at the top of the river system. The third is a range of actions that individual property owners and communities can take to add small natural feat",exact_duplicate|near_duplicate|semantic_duplicate|same_template_different_content|related_but_both_valuable|false_positive|unclear
,shard_00107.parquet:31389,shard_00123.parquet:37959,0.9999998211860657,9152,9152,"“Twenty years ago a subspecies of wild horses, the Asian Przewalski horse, became extinct in the wild. There were still specimens in zoos but ten generations of inbreeding had weakened them and instead of infinite grasslands they knew only iron fences. The animals were merely a shadow of their former selves.” It is with these words that Prince Bernhard of The Netherlands described the poor and seemingly hopeless condition of the species in the aftermath of its extirpation in the wild. Following this event, Przewalski horses experienced a dramatic population bottleneck. As the species survived through just a few captive individuals, the loss of founder genes became a terrible threat to their viability. Should they be saved, prompt action was required: breeding a healthy population through inter-zoo exchanges was a matter of urgency. From 1979, various conservation programs were launched in North America, Europe, Australia, and countries of the former USSR with the common objective to preserve the existing level of genetic diversity, specifically to “retain 95% of the current average individual heterozygosity for at least 200 years”. The idea was inspiring yet awfully ambitious given","“Twenty years ago a subspecies of wild horses, the Asian Przewalski horse, became extinct in the wild. There were still specimens in zoos but ten generations of inbreeding had weakened them and instead of infinite grasslands they knew only iron fences. The animals were merely a shadow of their former selves.” It is with these words that Prince Bernhard of The Netherlands described the poor and seemingly hopeless condition of the species in the aftermath of its extirpation in the wild. Following this event, Przewalski horses experienced a dramatic population bottleneck. As the species survived through just a few captive individuals, the loss of founder genes became a terrible threat to their viability. Should they be saved, prompt action was required: breeding a healthy population through inter-zoo exchanges was a matter of urgency. From 1979, various conservation programs were launched in North America, Europe, Australia, and countries of the former USSR with the common objective to preserve the existing level of genetic diversity, specifically to “retain 95% of the current average individual heterozygosity for at least 200 years”. The idea was inspiring yet awfully ambitious given",exact_duplicate|near_duplicate|semantic_duplicate|same_template_different_content|related_but_both_valuable|false_positive|unclear
,shard_00044.parquet:23523,shard_00019.parquet:23384,1.000000238418579,1668,1668,"for National Geographic News A massive release of methane, a potent greenhouse gas, may have triggered rapid melting of the last ""snowball Earth"" about 635 million years ago, a new study suggests. According to the snowball theory, ancient Earth experienced periods of global glaciation when ice sheets extended all the way to the Equator. Methane ice forms and stabilizes beneath glaciers under certain temperatures and pressures, noted lead study author Martin Kennedy, a geologist at the University of California, Riverside. But ice sheets are inherently unstable. Once they reach a certain size, they begin to fall apart. The collapse of ancient ice sheets at the Equator would have unleashed trapped methane deposits and pushed global temperatures higher. This warming would have caused ice sheets at slightly higher latitudes to melt, unleashing even more methane and causing Earth to warm even more. ""You can see the feedback there, that pretty soon you'll unzipper the entire reservoir"" of methane, Kennedy said, which could have caused the abrupt transition from a very cold state to a much warmer climate. A similar mechanism, the authors say, could uncontrollably accelerate global warming","for National Geographic News A massive release of methane, a potent greenhouse gas, may have triggered rapid melting of the last ""snowball Earth"" about 635 million years ago, a new study suggests. According to the snowball theory, ancient Earth experienced periods of global glaciation when ice sheets extended all the way to the Equator. Methane ice forms and stabilizes beneath glaciers under certain temperatures and pressures, noted lead study author Martin Kennedy, a geologist at the University of California, Riverside. But ice sheets are inherently unstable. Once they reach a certain size, they begin to fall apart. The collapse of ancient ice sheets at the Equator would have unleashed trapped methane deposits and pushed global temperatures higher. This warming would have caused ice sheets at slightly higher latitudes to melt, unleashing even more methane and causing Earth to warm even more. ""You can see the feedback there, that pretty soon you'll unzipper the entire reservoir"" of methane, Kennedy said, which could have caused the abrupt transition from a very cold state to a much warmer climate. A similar mechanism, the authors say, could uncontrollably accelerate global warming",exact_duplicate|near_duplicate|semantic_duplicate|same_template_different_content|related_but_both_valuable|false_positive|unclear
,shard_00075.parquet:19445,shard_00040.parquet:21586,0.9999992251396179,1683,1683,"Ozone has been used successfully for over 40 years in Europe. One European article published in 1986 reviewed the results of over 350,000 patients who received a total of 5,579,238 treatments. Ozone is simply a highly reactive form of oxygen (O3) that safely and easily initiates a series of biological reactions that are quite valuable and effective in conjunction with other modalities or treatments. Many countries around the world now employ the use of ozone because of its effectiveness and low cost application. We invite you to watch an award winning documentary, Ozone, A Medical Breakthrough, directed and produced by Geoffrey Rogers. Click here. At Clear ozone is delivered in two ways. The first is Major Auto-Hemotherapy (MAH). In this procedure a client’s blood is extracted through sterile IV tubing into a sterile vacu-tainer. Ozone is then introduced, mixed with the blood and immediately returned into the client’s circulation. Here is a partial list of conditions which respond to ozone. - Coronary Artery Disease - Intermittent Claudication (leg pain when walking) - Gangrene or Compromised Circulation in Extremities - Acute Cerebrovascular Accident (Stroke) - Macular Degeneratio","Ozone has been used successfully for over 40 years in Europe. One European article published in 1986 reviewed the results of over 350,000 patients who received a total of 5,579,238 treatments. Ozone is simply a highly reactive form of oxygen (O3) that safely and easily initiates a series of biological reactions that are quite valuable and effective in conjunction with other modalities or treatments. Many countries around the world now employ the use of ozone because of its effectiveness and low cost application. We invite you to watch an award winning documentary, Ozone, A Medical Breakthrough, directed and produced by Geoffrey Rogers. Click here. At Clear ozone is delivered in two ways. The first is Major Auto-Hemotherapy (MAH). In this procedure a client’s blood is extracted through sterile IV tubing into a sterile vacu-tainer. Ozone is then introduced, mixed with the blood and immediately returned into the client’s circulation. Here is a partial list of conditions which respond to ozone. - Coronary Artery Disease - Intermittent Claudication (leg pain when walking) - Gangrene or Compromised Circulation in Extremities - Acute Cerebrovascular Accident (Stroke) - Macular Degeneratio",exact_duplicate|near_duplicate|semantic_duplicate|same_template_different_content|related_but_both_valuable|false_positive|unclear
,shard_00118.parquet:48696,shard_00034.parquet:31085,0.9999997615814209,1679,1679,"During my last visit to Naples, NY which sits at the southern end of Canandaigua Lake, I stopped at Memorial Park as I noticed a newly erected building on the property. There housed in the newly constructed Memorial Building was a restored Civil War cannon along with its caisson. According to a Daily Messenger article, this particular cannon first came to Naples in 1876 and then was restored by the people of Naples and local Post 810 of the American Legion in time for the Memorial Day celebration in 2011. This cannon was first built in 1838 along with 32 other cannon barrels and were meant to fire a 9 pound cannonball. According to the newspaper article, there was a battery of six of these 9 pound cannons, but it is not known if they saw action in the Civil War or not. In any event, the cannon at Naples is the last known survivor of the 32 barrels cast. It looks to me as if the cannon was pulled by at least four horses along with another four horses to pull the caisson which contained the powder and the cannonballs. A garrison consisted of six cannon. Imagine feeding and watering the forty eight horses which had to pull the equipment over roads which were hardly more than widened w","During my last visit to Naples, NY which sits at the southern end of Canandaigua Lake, I stopped at Memorial Park as I noticed a newly erected building on the property. There housed in the newly constructed Memorial Building was a restored Civil War cannon along with its caisson. According to a Daily Messenger article, this particular cannon first came to Naples in 1876 and then was restored by the people of Naples and local Post 810 of the American Legion in time for the Memorial Day celebration in 2011. This cannon was first built in 1838 along with 32 other cannon barrels and were meant to fire a 9 pound cannonball. According to the newspaper article, there was a battery of six of these 9 pound cannons, but it is not known if they saw action in the Civil War or not. In any event, the cannon at Naples is the last known survivor of the 32 barrels cast. It looks to me as if the cannon was pulled by at least four horses along with another four horses to pull the caisson which contained the powder and the cannonballs. A garrison consisted of six cannon. Imagine feeding and watering the forty eight horses which had to pull the equipment over roads which were hardly more than widened w",exact_duplicate|near_duplicate|semantic_duplicate|same_template_different_content|related_but_both_valuable|false_positive|unclear
,shard_00006.parquet:16868,shard_00103.parquet:52201,0.9768803119659424,4981,4919,"Improve Your Home and Office with the Benefits of Houseplants Anyone who spends time appreciating Earth’s natural beauty will tell you how refreshing walking amongst the wilderness can be. “In every walk with nature, one receives far more than he seeks,” wrote environmentalist John Muir. The true beauty of plants is that their benefits can be felt wherever we experience them, both outdoors and inside. Adding a few plants to your home or office won’t necessarily compare to a quiet walk in the woods, but the benefits of houseplants will help rejuvenate your space and provide a breath of fresh air for those times when you can’t be outside. Plants Can Improve Air Quality When you take a breath, your body absorbs oxygen from the air while releasing carbon dioxide. Plants, on the other hand, do the opposite. Through photosynthesis, they absorb carbon dioxide while releasing oxygen. Adding more plants to an indoor space will naturally result in more oxygen being released, making our oxygen-fueled bodies very happy. Plants don’t only provide fresh oxygen for us to breathe, they also help purify the air. As NASA research has noted: “Both plant leaves and roots are utilized in removing trace","Anyone who spends time appreciating Earth’s natural beauty will tell you how refreshing walking amongst the wilderness can be. “In every walk with nature, one receives far more than he seeks,” wrote environmentalist John Muir. The true beauty of plants is that their benefits can be felt wherever we experience them, both outdoors and inside. Adding a few plants to your home or office won’t necessarily compare to a quiet walk in the woods, but the benefits of houseplants will help rejuvenate your space and provide a breath of fresh air for those times when you can’t be outside. Plants Can Improve Air Quality When you take a breath, your body absorbs oxygen from the air while releasing carbon dioxide. Plants, on the other hand, do the opposite. Through photosynthesis, they absorb carbon dioxide while releasing oxygen. Adding more plants to an indoor space will naturally result in more oxygen being released, making our oxygen-fueled bodies very happy. Plants don’t only provide fresh oxygen for us to breathe, they also help purify the air. As NASA research has noted: “Both plant leaves and roots are utilized in removing trace levels of toxic vapors from inside tightly sealed buildings.",exact_duplicate|near_duplicate|semantic_duplicate|same_template_different_content|related_but_both_valuable|false_positive|unclear
,shard_00088.parquet:14558,shard_00039.parquet:50433,1.0,1216,1216,"S. Koussevitzky et al., ""Signals from chloroplasts converge to regulate nuclear gene expression,"" Science, 316:715–9, 2007. (Cited in 58 papers) Joanne Chory, a Salk Institute molecular biologist, used Arabidopsis thaliana mutant screens to identify two key molecular players in the communications between chloroplasts and plant cell nuclei: GUN1, a protein found in chloroplasts that regulates RNA molecules, and ABI4, a nuclear transcription factor. The findings indicated that the few known chloroplast-to-nucleus signals converge on ABI4 and are integrated by GUN1 within the organelle and not in the cytoplasm or nucleus. ""That was a big conceptual leap,"" Chory says. A robust understanding of retrograde signaling—where chloroplasts alter the expression of nuclear genes that encode chloroplast-bound proteins—may help biologists reconstruct cellular endosymbiosis. ""How did these organelles evolve communication?"" asks Peter McCourt, a University of Toronto plant... |Suggested chloroplast-to-nucleus chemical messengers| |Protein—E. Ankele et al., The Plant Cell, 19:1964-79, 2007.| |Singlet oxygen—K.P. Lee et al., PNAS, 104:10270-5, 2007.| |Reactive oxygen species—C. Laloi et al., PNAS, 10","S. Koussevitzky et al., ""Signals from chloroplasts converge to regulate nuclear gene expression,"" Science, 316:715–9, 2007. (Cited in 58 papers) Joanne Chory, a Salk Institute molecular biologist, used Arabidopsis thaliana mutant screens to identify two key molecular players in the communications between chloroplasts and plant cell nuclei: GUN1, a protein found in chloroplasts that regulates RNA molecules, and ABI4, a nuclear transcription factor. The findings indicated that the few known chloroplast-to-nucleus signals converge on ABI4 and are integrated by GUN1 within the organelle and not in the cytoplasm or nucleus. ""That was a big conceptual leap,"" Chory says. A robust understanding of retrograde signaling—where chloroplasts alter the expression of nuclear genes that encode chloroplast-bound proteins—may help biologists reconstruct cellular endosymbiosis. ""How did these organelles evolve communication?"" asks Peter McCourt, a University of Toronto plant... |Suggested chloroplast-to-nucleus chemical messengers| |Protein—E. Ankele et al., The Plant Cell, 19:1964-79, 2007.| |Singlet oxygen—K.P. Lee et al., PNAS, 104:10270-5, 2007.| |Reactive oxygen species—C. Laloi et al., PNAS, 10",exact_duplicate|near_duplicate|semantic_duplicate|same_template_different_content|related_but_both_valuable|false_positive|unclear
,shard_00071.parquet:38881,shard_00105.parquet:16621,0.9999992251396179,5934,5934,"The period of time from the late 1930s to the end of the 1950s is commonly known as the ""Golden Age"" of science fiction. The Golden Age was noted for the volume of science fiction produced due to the large number of science fiction-oriented pulp magazines and the depth of the creative talent involved. Many of the writers working in this period established concepts that would have a tremendous cultural impact on their readers. Many ideas integral to modern science fiction frequently originated in this period. Two of the writers responsible for such ideas were A.E. Van Vogt and E.E. ""Doc"" Smith. Children of the Lens E.E. Smith's greatest achievement as a writer was the Lensman series, an early work in the field of space opera that would heavily influence Star Wars , Star Trek , and alternate history science fiction. The first book in the series, Triplanetary , was originally published in serialized format in Amazing Stories in 1934. It was republished in 1948 as a novel that had been edited to incorporate several concepts Smith had introduced in later installments. The first half of the novel explains the series' background, introducing the concepts of an interstellar war between ben","The period of time from the late 1930s to the end of the 1950s is commonly known as the ""Golden Age"" of science fiction. The Golden Age was noted for the volume of science fiction produced due to the large number of science fiction-oriented pulp magazines and the depth of the creative talent involved. Many of the writers working in this period established concepts that would have a tremendous cultural impact on their readers. Many ideas integral to modern science fiction frequently originated in this period. Two of the writers responsible for such ideas were A.E. Van Vogt and E.E. ""Doc"" Smith. Children of the Lens E.E. Smith's greatest achievement as a writer was the Lensman series, an early work in the field of space opera that would heavily influence Star Wars , Star Trek , and alternate history science fiction. The first book in the series, Triplanetary , was originally published in serialized format in Amazing Stories in 1934. It was republished in 1948 as a novel that had been edited to incorporate several concepts Smith had introduced in later installments. The first half of the novel explains the series' background, introducing the concepts of an interstellar war between ben",exact_duplicate|near_duplicate|semantic_duplicate|same_template_different_content|related_but_both_valuable|false_positive|unclear
,shard_00121.parquet:8616,shard_00168.parquet:34917,0.9999990463256836,2414,2414,"The story of homeopathy ""The physician's high and only mission is to restore the sick to health ... to cure, as it is called"" The father of homeopathy, Samuel Christian Hahnemann was born in Dresden in 1755. Despite humble beginnings, he went on to train as a physician and became expert in the practices of the day: blood-lettings, purgings and often lethal prescriptions of dubious 'medications'. It was his tentative experiments with quinine (from the bark of the cinchona tree), used by the establishment for the treatment of malaria, that he had his first light-bulb moment. After ingesting a quantity of the substance he started to display symptoms of the disease itself: sweats, debility and fever. What Hahnemann had stumbled upon was the ancient principle of similia similibus curentur, or like cures like. The word 'homeopathy' comes from two greek words: omio meaning 'same' and pathos meaning 'suffering'. A homeopathic remedy is one which produces the same symptoms as those the sick person complains of, and in doing so sharply provokes the body into throwing them off. 'Like Cures Like' is the basic principle of homeopathic therapeutics. If you cut an onion, it is likely that you wil","The story of homeopathy ""The physician's high and only mission is to restore the sick to health ... to cure, as it is called"" The father of homeopathy, Samuel Christian Hahnemann was born in Dresden in 1755. Despite humble beginnings, he went on to train as a physician and became expert in the practices of the day: blood-lettings, purgings and often lethal prescriptions of dubious 'medications'. It was his tentative experiments with quinine (from the bark of the cinchona tree), used by the establishment for the treatment of malaria, that he had his first light-bulb moment. After ingesting a quantity of the substance he started to display symptoms of the disease itself: sweats, debility and fever. What Hahnemann had stumbled upon was the ancient principle of similia similibus curentur, or like cures like. The word 'homeopathy' comes from two greek words: omio meaning 'same' and pathos meaning 'suffering'. A homeopathic remedy is one which produces the same symptoms as those the sick person complains of, and in doing so sharply provokes the body into throwing them off. 'Like Cures Like' is the basic principle of homeopathic therapeutics. If you cut an onion, it is likely that you wil",exact_duplicate|near_duplicate|semantic_duplicate|same_template_different_content|related_but_both_valuable|false_positive|unclear
,shard_00015.parquet:3483,shard_00115.parquet:42058,1.0,7483,7483,"The debate surrounding social media as a learning tool is unlikely to abate any time soon. Is it just a distraction, or do the interactive educational tools available outweigh any disadvantages? Social media platforms, such as Facebook and Twitter, are becoming steadily more integrated within a variety of apps targeted at learning. Real-time news feeds and instant accessibility make them a tool that can be used quickly and efficiently -- but due to its changeable nature, it can be difficult for school systems to keep up and compensate. What are some of the advantages and disadvantages of using social media in the classroom? The pros of social media as a learning tool.1.) It is a familiar tool. Most of your students are on social networking platforms, and these services are already tools that students are generally comfortable with -- and they can probably show you a thing or two in return. 2.) Improve your own knowledge and skills as an educator. By learning how to use these platforms as a teacher, you are making yourself more aware of issues surrounding students today. If a student tells you a classmate is harassing them over Twitter -- doing something called 'tweeting', how can y","The debate surrounding social media as a learning tool is unlikely to abate any time soon. Is it just a distraction, or do the interactive educational tools available outweigh any disadvantages? Social media platforms, such as Facebook and Twitter, are becoming steadily more integrated within a variety of apps targeted at learning. Real-time news feeds and instant accessibility make them a tool that can be used quickly and efficiently -- but due to its changeable nature, it can be difficult for school systems to keep up and compensate. What are some of the advantages and disadvantages of using social media in the classroom? The pros of social media as a learning tool.1.) It is a familiar tool. Most of your students are on social networking platforms, and these services are already tools that students are generally comfortable with -- and they can probably show you a thing or two in return. 2.) Improve your own knowledge and skills as an educator. By learning how to use these platforms as a teacher, you are making yourself more aware of issues surrounding students today. If a student tells you a classmate is harassing them over Twitter -- doing something called 'tweeting', how can y",exact_duplicate|near_duplicate|semantic_duplicate|same_template_different_content|related_but_both_valuable|false_positive|unclear
,shard_00021.parquet:14171,shard_00156.parquet:30641,0.9962153434753418,7721,8007,"You may have noticed that here at Everyday Feminism, our queer-and-trans section is labeled “LGBTQIA.” And while “LGBTQ” might be familiar to a lot of you, the added “IA” often isn’t. Intersex is one of the often-left out categories of LGBTQIAP when it’s usually just abbreviated as LGBT. The QIAP is often ignored completely or briefly covered, but people who have these identities are marginalized not only in society, but also often within LGBTQIAP spaces themselves! So let’s break it down. What Is Intersex? According to the Intersex Society of North America, “intersex is a general term used for a variety of conditions in which a person is born with a reproductive or sexual anatomy that doesn’t seem to fit the typical definitions of female or male.” This means that anything from your genitalia, gonads (ovaries or testes), chromosomes, or reproductive systems are not completely in alignment with one gender assignment or the other. You could have XXX chromosomes; be born without a uterus and ovaries; be born with a uterus, ovaries, and a penis; or have a clitoris that is extremely enlarged, resembling a small penis. And all of these conditions? Yup! They fall under intersex. Intersex","You may have noticed that here at Everyday Feminism, our queer-and-trans section is labeled “LGBTQIA.” And while “LGBTQ” might be familiar to a lot of you, the added “IA” often isn’t. And while we’ve covered the A – which stands for asexual – a few times, we haven’t really given you a lot of resources on the I. And we want to. Intersex is one of the often-left out categories of LGBTQIAP when it’s usually just abbreviated as LGBT. The QIAP is often ignored completely or briefly covered, but people who have these identities are marginalized not only in society, but also often within LGBTQIAP spaces themselves! So let’s break it down. What Is Intersex? According to the Intersex Society of North America, “intersex is a general term used for a variety of conditions in which a person is born with a reproductive or sexual anatomy that doesn’t seem to fit the typical definitions of female or male.” This means that anything from your genitalia, gonads (ovaries or testes), chromosomes, or reproductive systems are not completely in alignment with one gender assignment or the other. You could have XXX chromosomes; be born without a uterus and ovaries; be born with a uterus, ovaries, and a peni",exact_duplicate|near_duplicate|semantic_duplicate|same_template_different_content|related_but_both_valuable|false_positive|unclear
,shard_00120.parquet:37645,shard_00097.parquet:34084,1.0000003576278687,1327,1327,"New research for the University of Guelph shows that the majority of herbal products on the market contain ingredients that are not listed on their labels. The study, published in the journal BMC Medicine, used DNA barcoding technology to assess the components of 44 herbal products from 12 companies. They found that 60% of the products contained plant species that were not listed on the label, and 20% used fillers like rice, soybeans, and wheat which were also not divulged on the bottles. For instance, products sold as St. John’s wort supplement, which is sometimes used to treat depression, contained Senna alexandrina, which is a plant that spurs laxative symptoms. Other products contained Parthenium hysterophorus (feverfew), which is known to cause swelling and mouth numbness. One ginkgo product contained Juglans nigra (black walnut), which should not be consumed by people with nut allergies — but this warning was not noted on the label. “It’s common practice in natural products to use fillers such as these, which are mixed with active ingredients. But a consumer has a right to see all of the plant species used in producing a natural product on the list of ingredients,” lead autho","New research for the University of Guelph shows that the majority of herbal products on the market contain ingredients that are not listed on their labels. The study, published in the journal BMC Medicine, used DNA barcoding technology to assess the components of 44 herbal products from 12 companies. They found that 60% of the products contained plant species that were not listed on the label, and 20% used fillers like rice, soybeans, and wheat which were also not divulged on the bottles. For instance, products sold as St. John’s wort supplement, which is sometimes used to treat depression, contained Senna alexandrina, which is a plant that spurs laxative symptoms. Other products contained Parthenium hysterophorus (feverfew), which is known to cause swelling and mouth numbness. One ginkgo product contained Juglans nigra (black walnut), which should not be consumed by people with nut allergies — but this warning was not noted on the label. “It’s common practice in natural products to use fillers such as these, which are mixed with active ingredients. But a consumer has a right to see all of the plant species used in producing a natural product on the list of ingredients,” lead autho",exact_duplicate|near_duplicate|semantic_duplicate|same_template_different_content|related_but_both_valuable|false_positive|unclear
,shard_00061.parquet:10337,shard_00167.parquet:3701,1.0000004768371582,3699,3699,"Try our Free Online Math Solver! maple solve nonlinear multivariable two equations problems examples , algebraic equation with fractional exponent, multiplication division rational expressions problem solvers , solving solving binomial equations india , cube root calculator TI-83 plus how to do , Algebra expressions, what is the difference between evaluation and simplification of an expression?, charts and graph on the comparison of substitution and linear combination , substitution method is easier than the addition method when one of the equations is very simple and can readily be solved for one of the variables , ti 83 plus factoring complex number , algebra square cube roots interactive lessons, solve quadratic equation for the specified variable, sat prep formulas square root , free answers for comparing linear combination methods for solving systems of equation in a chart , why use factoring to solve quadratic equations , free Algebra calculator for Rational Expression , online algebra calculator square root, factorization fraction quadratic equations equation, square root revision for calculator common entrance, java examples to find the number & sum of integers divisible by","Try our Free Online Math Solver! maple solve nonlinear multivariable two equations problems examples , algebraic equation with fractional exponent, multiplication division rational expressions problem solvers , solving solving binomial equations india , cube root calculator TI-83 plus how to do , Algebra expressions, what is the difference between evaluation and simplification of an expression?, charts and graph on the comparison of substitution and linear combination , substitution method is easier than the addition method when one of the equations is very simple and can readily be solved for one of the variables , ti 83 plus factoring complex number , algebra square cube roots interactive lessons, solve quadratic equation for the specified variable, sat prep formulas square root , free answers for comparing linear combination methods for solving systems of equation in a chart , why use factoring to solve quadratic equations , free Algebra calculator for Rational Expression , online algebra calculator square root, factorization fraction quadratic equations equation, square root revision for calculator common entrance, java examples to find the number & sum of integers divisible by",exact_duplicate|near_duplicate|semantic_duplicate|same_template_different_content|related_but_both_valuable|false_positive|unclear
,shard_00064.parquet:20228,shard_00126.parquet:15021,0.9999997019767761,40560,40560,"Educational Design for CPA Competencies Introduction For CPA Canada’s national Professional Education Program (PEP), creation of the Chartered Professional Accountant (CPA) designation provides an opportunity to apply best practices for curriculum development while designing a new pre-‐certification education program. This white paper supports the PEP’s work by outlining best practices from scholarly educational research, especially Fink’s (2003) course design model, for the context of CPA competencies.1 The educational best practices outlined in this white paper also apply to other educational settings and may be particularly useful to accounting programs in Canadian post-‐secondary institutions. The intent of this document is not to prescribe specific features of an accounting education program, but rather to serve as a set of guidelines, with illustrative examples, to assist in the initial design and continuous improvement of the PEP. The ultimate goal of this document is to support educational practices that will provide aspiring CPAs with effective learning experiences and demonstrate a commitment to excellence for professional accounting education in Canada. Fink’s Educationa","Educational Design for CPA Competencies Introduction For CPA Canada’s national Professional Education Program (PEP), creation of the Chartered Professional Accountant (CPA) designation provides an opportunity to apply best practices for curriculum development while designing a new pre-‐certification education program. This white paper supports the PEP’s work by outlining best practices from scholarly educational research, especially Fink’s (2003) course design model, for the context of CPA competencies.1 The educational best practices outlined in this white paper also apply to other educational settings and may be particularly useful to accounting programs in Canadian post-‐secondary institutions. The intent of this document is not to prescribe specific features of an accounting education program, but rather to serve as a set of guidelines, with illustrative examples, to assist in the initial design and continuous improvement of the PEP. The ultimate goal of this document is to support educational practices that will provide aspiring CPAs with effective learning experiences and demonstrate a commitment to excellence for professional accounting education in Canada. Fink’s Educationa",exact_duplicate|near_duplicate|semantic_duplicate|same_template_different_content|related_but_both_valuable|false_positive|unclear
,shard_00124.parquet:45182,shard_00131.parquet:24422,1.0,601,601,"Few figures have had so decisive and fundamental an influence on the course of modern cultural history as Sigmund Freud. Yet few figures also have inspired such sustained controversy and intense debate. Freud's legacy continues to be hotly contested, as demonstrated by the controversy attracted by this exhibition even before its opening. Our notions of identity, memory, childhood, sexuality, and, most generally, of meaning have been shaped in relation to--and often in opposition to--Freud's work. The exhibition examines Freud's life and his key ideas and their effect upon the twentieth century.","Few figures have had so decisive and fundamental an influence on the course of modern cultural history as Sigmund Freud. Yet few figures also have inspired such sustained controversy and intense debate. Freud's legacy continues to be hotly contested, as demonstrated by the controversy attracted by this exhibition even before its opening. Our notions of identity, memory, childhood, sexuality, and, most generally, of meaning have been shaped in relation to--and often in opposition to--Freud's work. The exhibition examines Freud's life and his key ideas and their effect upon the twentieth century.",exact_duplicate|near_duplicate|semantic_duplicate|same_template_different_content|related_but_both_valuable|false_positive|unclear
,shard_00137.parquet:43127,shard_00062.parquet:14068,0.9994335770606995,1819,1821,"When using memcached you can use a number of different potential deployment strategies and topologies. The exact strategy to use depends on your application and environment. When developing a system for deploying memcached within your system, keep in mind the following points: memcached is only a caching mechanism. It shouldn't be used to store information that you cannot otherwise afford to lose and then load from a different location. There is no security built into the memcached protocol. At a minimum, make sure that the servers running memcached are only accessible from inside your network, and that the network ports being used are blocked (using a firewall or similar). If the information on the memcached servers that is being stored is any sensitive, then encrypt the information before storing it in memcached. memcached does not provide any sort of failover. Because there is no communication between different memcached instances. If an instance fails, your application must capable of removing it from the list, reloading the data and then writing data to another memcached instance. Latency between the clients and the memcached can be a problem if you are using different physica","When using memcached you can use a number of different potential deployment strategies and topologies. The exact strategy to use depends on your application and environment. When developing a system for deploying memcached within your system, keep in mind the following points: memcached is only a caching mechanism. It shouldn't be used to store information that you cannot otherwise afford to lose and then load from a different location. There is no security built into the memcached protocol. At a minimum, make sure that the servers running memcached are only accessible from inside your network, and that the network ports being used are blocked (using a firewall or similar). If the information on the memcached servers that is being stored is any sensitive, then encrypt the information before storing it in memcached. memcached does not provide any sort of failover. Because there is no communication between different memcached instances. If an instance fails, your application must capable of removing it from the list, reloading the data and then writing data to another memcached instance. Latency between the clients and the memcached can be a problem if you are using different physica",exact_duplicate|near_duplicate|semantic_duplicate|same_template_different_content|related_but_both_valuable|false_positive|unclear
,shard_00016.parquet:22131,shard_00027.parquet:46501,0.9999997019767761,1927,1927,"Yet, often when these reports are published, you will here the rich claim that they don't have that much money; ot at least it is not at there disposal. However, when we define 'poor' we think in terms of income. An income below a certain level. But, not everybody with low incomes would be classed as poor. - Wives of a rich husband. - Students living with wealthy parents. - Professionals with the capacity to earn a lot of money. e.g. Lawyers may leave university with debts and no current income, but you wouldn't classify a trained lawyer as poor. - Old People who have paid off their mortgage. If you can live rent free and low expenses you can get buy on a small income quite happily. - For example, a single parent with 5 kids, large mortgage and council tax. Implications of Difficulties in Measuring Poverty and Effective living standards. - Minimum wages often benefit second income earners, e.g. students living at home, women with a partner earning more. Therefore, a minimum wage is limited in its ability to tackle poverty. - A high salary is still compatible with low living standards. When I got my mortgage I was paying £1,000 in mortgage payments and council tax. This was more tha","Yet, often when these reports are published, you will here the rich claim that they don't have that much money; ot at least it is not at there disposal. However, when we define 'poor' we think in terms of income. An income below a certain level. But, not everybody with low incomes would be classed as poor. - Wives of a rich husband. - Students living with wealthy parents. - Professionals with the capacity to earn a lot of money. e.g. Lawyers may leave university with debts and no current income, but you wouldn't classify a trained lawyer as poor. - Old People who have paid off their mortgage. If you can live rent free and low expenses you can get buy on a small income quite happily. - For example, a single parent with 5 kids, large mortgage and council tax. Implications of Difficulties in Measuring Poverty and Effective living standards. - Minimum wages often benefit second income earners, e.g. students living at home, women with a partner earning more. Therefore, a minimum wage is limited in its ability to tackle poverty. - A high salary is still compatible with low living standards. When I got my mortgage I was paying £1,000 in mortgage payments and council tax. This was more tha",exact_duplicate|near_duplicate|semantic_duplicate|same_template_different_content|related_but_both_valuable|false_positive|unclear
,shard_00050.parquet:48474,shard_00110.parquet:42216,1.0000001192092896,1622,1622,"Babies begin learning language in utero: study A new study, said to be the first of its kind, reveals that babies begin learning the distinctive sounds of their native language while in utero. Researchers from Pacific Lutheran University in Washington State have found that infants show interest in the vowels of their native language only hours after being born. The study relied on data from 40 infants in the US and another 40 in Sweden, all ranging from seven to 75 hours old. Newborns were tested on two sets of vowel sounds -- 17 native language sounds and 17 foreign sounds. Researchers measured the babies' interest by how long they sucked a pacifier connected to a computer. When babies sucked on the pacifier, they heard a vowel sound until they paused. Sucking again produced a new sound. In both countries, babies listening to foreign sounds sucked pacifiers more compared to those listening to their native tongue. ""These little ones had been listening to their mother's voice in the womb, and particularly her vowels for ten weeks,"" explains coauthor Patricia Kuhl. ""The mother has first dibs on influencing the child's brain."" ""The fact that the infants can learn the vowels in utero m","Babies begin learning language in utero: study A new study, said to be the first of its kind, reveals that babies begin learning the distinctive sounds of their native language while in utero. Researchers from Pacific Lutheran University in Washington State have found that infants show interest in the vowels of their native language only hours after being born. The study relied on data from 40 infants in the US and another 40 in Sweden, all ranging from seven to 75 hours old. Newborns were tested on two sets of vowel sounds -- 17 native language sounds and 17 foreign sounds. Researchers measured the babies' interest by how long they sucked a pacifier connected to a computer. When babies sucked on the pacifier, they heard a vowel sound until they paused. Sucking again produced a new sound. In both countries, babies listening to foreign sounds sucked pacifiers more compared to those listening to their native tongue. ""These little ones had been listening to their mother's voice in the womb, and particularly her vowels for ten weeks,"" explains coauthor Patricia Kuhl. ""The mother has first dibs on influencing the child's brain."" ""The fact that the infants can learn the vowels in utero m",exact_duplicate|near_duplicate|semantic_duplicate|same_template_different_content|related_but_both_valuable|false_positive|unclear
,shard_00066.parquet:26020,shard_00046.parquet:13784,0.9999994039535522,3063,3063,"The U.S. Postal Service Response to the Threat of Bioterrorism Through the Mail Publication Date: February 2002 Publisher(s): Library of Congress. Congressional Research Service The deliberate mailing of Bacillus anthracis spores through the U.S. Postal Service (USPS) has caused five deaths, twenty-two cases of anthrax, and massive disruptions to Congress and the USPS. Both the public and private sector are examining an array of methods to limit the risk of future attacks. The array of potential solutions include improving mail handling procedures, changing the USPS anonymous mailing policy, installing bio/chem agent detectors, and sterilizing the mail. For the USPS these decisions are complicated by its precarious financial state. Some proposed solutions may require an increase in postage rates and/or decreased levels of service. Each of these may further depress postal revenues and threaten the continued existence of the USPS as an independent, self-supporting entity. Policymakers will need to decide if the USPS must ensure the safety of mail recipients. At this point it is not clear if this is practical or even possible with existing technology. It may be that it is practical to","The U.S. Postal Service Response to the Threat of Bioterrorism Through the Mail Publication Date: February 2002 Publisher(s): Library of Congress. Congressional Research Service The deliberate mailing of Bacillus anthracis spores through the U.S. Postal Service (USPS) has caused five deaths, twenty-two cases of anthrax, and massive disruptions to Congress and the USPS. Both the public and private sector are examining an array of methods to limit the risk of future attacks. The array of potential solutions include improving mail handling procedures, changing the USPS anonymous mailing policy, installing bio/chem agent detectors, and sterilizing the mail. For the USPS these decisions are complicated by its precarious financial state. Some proposed solutions may require an increase in postage rates and/or decreased levels of service. Each of these may further depress postal revenues and threaten the continued existence of the USPS as an independent, self-supporting entity. Policymakers will need to decide if the USPS must ensure the safety of mail recipients. At this point it is not clear if this is practical or even possible with existing technology. It may be that it is practical to",exact_duplicate|near_duplicate|semantic_duplicate|same_template_different_content|related_but_both_valuable|false_positive|unclear
,shard_00036.parquet:53971,shard_00131.parquet:6086,0.9999999403953552,414,414,"Search The Library's Lexicon Master and supreme lord; it is synonymous with monarch, but as it is usually employed, it signifies a tyrant. In some states, despot is the title given to the sovereign, as king is given in others. That abuse of government, where the sovereign power is not divided, but united in the hands of a single man, whatever may be his official title. It is not, properly, a form of government.","Search The Library's Lexicon Master and supreme lord; it is synonymous with monarch, but as it is usually employed, it signifies a tyrant. In some states, despot is the title given to the sovereign, as king is given in others. That abuse of government, where the sovereign power is not divided, but united in the hands of a single man, whatever may be his official title. It is not, properly, a form of government.",exact_duplicate|near_duplicate|semantic_duplicate|same_template_different_content|related_but_both_valuable|false_positive|unclear
,shard_00169.parquet:43535,shard_00018.parquet:1017,0.9999999403953552,14144,14144,"It began with a few small mistakes. Around 12:15, on the afternoon of August 14, 2003, a software program that helps monitor how well the electric grid is working in the American Midwest shut itself down after after it started getting incorrect input data. The problem was quickly fixed. But nobody turned the program back on again. A little over an hour later, one of the six coal-fired generators at the Eastlake Power Plant in Ohio shut down. An hour after that, the alarm and monitoring system in the control room of one of the nation’s largest electric conglomerates failed. It, too, was left turned off. Those three unrelated things—two faulty monitoring programs and one generator outage—weren’t catastrophic, in and of themselves. But they would eventually help create one of the most widespread blackouts in history. By 4:15 pm, 256 power plants were offline and 55 million people in eight states and Canada were in the dark. The Northeast Blackout of 2003 ended up costing us between $4 billion and $10 billion. That’s “billion”, with a “B”. But this is about more than mere bad luck. The real causes of the 2003 blackout were fixable problems, and the good news is that, since then, we’ve","It began with a few small mistakes. Around 12:15, on the afternoon of August 14, 2003, a software program that helps monitor how well the electric grid is working in the American Midwest shut itself down after after it started getting incorrect input data. The problem was quickly fixed. But nobody turned the program back on again. A little over an hour later, one of the six coal-fired generators at the Eastlake Power Plant in Ohio shut down. An hour after that, the alarm and monitoring system in the control room of one of the nation’s largest electric conglomerates failed. It, too, was left turned off. Those three unrelated things—two faulty monitoring programs and one generator outage—weren’t catastrophic, in and of themselves. But they would eventually help create one of the most widespread blackouts in history. By 4:15 pm, 256 power plants were offline and 55 million people in eight states and Canada were in the dark. The Northeast Blackout of 2003 ended up costing us between $4 billion and $10 billion. That’s “billion”, with a “B”. But this is about more than mere bad luck. The real causes of the 2003 blackout were fixable problems, and the good news is that, since then, we’ve",exact_duplicate|near_duplicate|semantic_duplicate|same_template_different_content|related_but_both_valuable|false_positive|unclear
,shard_00135.parquet:4896,shard_00148.parquet:7037,1.0000003576278687,1297,1297,"READ THE PAPER HERE The aim of this paper is to examine the contribution that human rights can make in terms of securing lasting peace in post-conflict societies. In particular, it aims to assess how human rights can deter civil unrest through the creation of a wide range of socio-economic opportunities, as well as a sense of belonging to the nation itself. This is achieved through an assessment of the elements needed to build a nation, and the ways in which specific human rights can contribute to a process of nation-building. The conclusion reached is that it is important for all sectors of society – and, in particular, minority groups – to be able to feel a connection to the newly rebuilt nation. In the absence of such a sense of belonging, it is inevitable that civil unrest will return. Whilst the introduction of human rights can cause controversy, the paper demonstrates that such does not always have to be the case: human rights can be introduced in a culturally-specific manner, thereby averting the common concern that human rights are simply a means of the West imposing its views on the rest of the world. Title: The role of human rights in peace-building Lead authors: Salma Yu","READ THE PAPER HERE The aim of this paper is to examine the contribution that human rights can make in terms of securing lasting peace in post-conflict societies. In particular, it aims to assess how human rights can deter civil unrest through the creation of a wide range of socio-economic opportunities, as well as a sense of belonging to the nation itself. This is achieved through an assessment of the elements needed to build a nation, and the ways in which specific human rights can contribute to a process of nation-building. The conclusion reached is that it is important for all sectors of society – and, in particular, minority groups – to be able to feel a connection to the newly rebuilt nation. In the absence of such a sense of belonging, it is inevitable that civil unrest will return. Whilst the introduction of human rights can cause controversy, the paper demonstrates that such does not always have to be the case: human rights can be introduced in a culturally-specific manner, thereby averting the common concern that human rights are simply a means of the West imposing its views on the rest of the world. Title: The role of human rights in peace-building Lead authors: Salma Yu",exact_duplicate|near_duplicate|semantic_duplicate|same_template_different_content|related_but_both_valuable|false_positive|unclear
,shard_00143.parquet:24272,shard_00140.parquet:53167,1.000000238418579,8381,8381,"“Science cannot solve the ultimate mystery of nature. And that is because, in the last analysis, we ourselves are a part of the mystery that we are trying to solve.” Perhaps one of the most profound words echoed by the great physicist and philosopher Max Planck, winner of the Nobel Prize in Physics and the Founder of Quantum Theory. You may not know Quantum Theory, but it is the foundation of modern-day technology. Without humanity’s understanding of Quantum Theory and the quantum tunneling effect, for example, it would be impossible to build the transistors that are the fundamental building blocks of everything from your smartphone to your laptop to your smartwatch. Needless to say, Max Planck is perhaps the most influential scientist in human history. Okay, what does this have to do with Degrees of Separation? We’ll get there, but let’s change gears and talk about the Six Degrees of Separation. Six Degrees of Separation In 1929, Hungarian author Frigyes Karinthy published a volume of short stories named Everything is Different. In one of his stories titled Chains, he said that with growing communication and travel, the friendship network would grow irrespective of the distance be","“Science cannot solve the ultimate mystery of nature. And that is because, in the last analysis, we ourselves are a part of the mystery that we are trying to solve.” Perhaps one of the most profound words echoed by the great physicist and philosopher Max Planck, winner of the Nobel Prize in Physics and the Founder of Quantum Theory. You may not know Quantum Theory, but it is the foundation of modern-day technology. Without humanity’s understanding of Quantum Theory and the quantum tunneling effect, for example, it would be impossible to build the transistors that are the fundamental building blocks of everything from your smartphone to your laptop to your smartwatch. Needless to say, Max Planck is perhaps the most influential scientist in human history. Okay, what does this have to do with Degrees of Separation? We’ll get there, but let’s change gears and talk about the Six Degrees of Separation. Six Degrees of Separation In 1929, Hungarian author Frigyes Karinthy published a volume of short stories named Everything is Different. In one of his stories titled Chains, he said that with growing communication and travel, the friendship network would grow irrespective of the distance be",exact_duplicate|near_duplicate|semantic_duplicate|same_template_different_content|related_but_both_valuable|false_positive|unclear
,shard_00123.parquet:18001,shard_00080.parquet:36484,0.9864755272865295,11774,11502,"Skylights are literally windows in the roof. They allow you to bring a bit of blue sky into your home. At night they can display the majesty of the stars and the moon. Skylights can provide the interior of your home with the warmth and brightness of natural daylight. They enliven a house dramatically while cutting down the need for artificial light. They brighten up dark corners and let in lots of warmth. They can also provide much needed ventilation. These are the positive aspects. Skylights also have the potential to cause drafts, making a room uncomfortable. They can leak in rainy weather. While they can reduce the amount of energy you might use for artificial light inside your home, they can let in extra, unwanted heat that will make your air conditioner work harder in the summer. In the winter they can allow precious heat to escape. Fortunately, advances that have been made in the design of regular windows also apply to skylights. Skylights are labeled by the federal Energy Star¬Æ program and the National Fenestration Rating Council. By considering such factors as heat losses and gains, solar gains, and infiltration and ventilation, you can minimize the problems skylights pose","Skylights are literally windows in the roof. They allow you to bring a bit of blue sky into your home. At night they can display the majesty of the stars and the moon. Skylights can provide the interior of your home with the warmth and brightness of natural daylight. They enliven a house dramatically while cutting down the need for artificial light. They brighten up dark corners and let in lots of warmth. They can also provide much needed ventilation. These are the positive aspects. Skylights also have the potential to cause drafts, making a room uncomfortable. They can leak in rainy weather. While they can reduce the amount of energy you might use for artificial light inside your home, they can let in extra, unwanted heat that will make your air conditioner work harder in the summer. In the winter they can allow precious heat to escape. Fortunately, advances that have been made in the design of regular windows also apply to skylights. Skylights are labeled by the federal Energy Star® program and the National Fenestration Rating Council. By considering such factors as heat losses and gains, solar gains, and infiltration and ventilation, you can minimize the problems skylights pose",exact_duplicate|near_duplicate|semantic_duplicate|same_template_different_content|related_but_both_valuable|false_positive|unclear
,shard_00017.parquet:1297,shard_00050.parquet:38087,1.0000004768371582,3912,3912,"An example of a heart attack, which can occur after the use of a performance-enhancing drug. (Photo credit: Wikipedia) Preventing Heart Disease and Heart Attack Educational Video. U.S. Department of Health and Human Services National Institutes of Health; National Heart, Lung, and Blood Institute; Act in Time to Heart Attack Signs; Item #56-042N, September 2001; The dramatic, moving stories of three heart attack survivors and their families illustrate the importance of heeding heart attack warning signs and seeking medical care quickly. They vividly convey how a real heart attack may differ from the stereotypical “movie heart attack” and how getting immediate treatment can save lives. The warm and sympathetic narration by an emergency department physician explains what a heart attack is, the treatments that can save lives if given quickly, why many heart attack victims delay seeking care, and how to make a heart attack survival plan. Useful for health fairs, medical waiting rooms, community groups, and home viewing. Producer: National Institutes of Health; Keywords: hhs.gov; public_safety; Creative Commons license: Public Domain. Heart Attack Warning Signs. A heart attack is a frig","An example of a heart attack, which can occur after the use of a performance-enhancing drug. (Photo credit: Wikipedia) Preventing Heart Disease and Heart Attack Educational Video. U.S. Department of Health and Human Services National Institutes of Health; National Heart, Lung, and Blood Institute; Act in Time to Heart Attack Signs; Item #56-042N, September 2001; The dramatic, moving stories of three heart attack survivors and their families illustrate the importance of heeding heart attack warning signs and seeking medical care quickly. They vividly convey how a real heart attack may differ from the stereotypical “movie heart attack” and how getting immediate treatment can save lives. The warm and sympathetic narration by an emergency department physician explains what a heart attack is, the treatments that can save lives if given quickly, why many heart attack victims delay seeking care, and how to make a heart attack survival plan. Useful for health fairs, medical waiting rooms, community groups, and home viewing. Producer: National Institutes of Health; Keywords: hhs.gov; public_safety; Creative Commons license: Public Domain. Heart Attack Warning Signs. A heart attack is a frig",exact_duplicate|near_duplicate|semantic_duplicate|same_template_different_content|related_but_both_valuable|false_positive|unclear
,shard_00080.parquet:27320,shard_00081.parquet:15374,0.9999995827674866,692,692,"The No Child Left Behind Act of 2001 (NCLB) reauthorized the Elementary and Secondary Education Act (ESEA) -- the main federal law affecting education from kindergarten through high school. NCLB is built on four principles: accountability for results, more choices for parents, greater local control and flexibility, and an emphasis on doing what works based on scientific research. Bloomington High School 2016-17 You can use the Texas Assessment website to view student assessment data for any campus by using the search feature by clicking here . Search for the campus whose results you would like to view. Conflicts Disclosure Statements and Questionnaires See Policy Online (Policy DBD).","The No Child Left Behind Act of 2001 (NCLB) reauthorized the Elementary and Secondary Education Act (ESEA) -- the main federal law affecting education from kindergarten through high school. NCLB is built on four principles: accountability for results, more choices for parents, greater local control and flexibility, and an emphasis on doing what works based on scientific research. Bloomington High School 2016-17 You can use the Texas Assessment website to view student assessment data for any campus by using the search feature by clicking here . Search for the campus whose results you would like to view. Conflicts Disclosure Statements and Questionnaires See Policy Online (Policy DBD).",exact_duplicate|near_duplicate|semantic_duplicate|same_template_different_content|related_but_both_valuable|false_positive|unclear
,shard_00069.parquet:52799,shard_00123.parquet:15806,0.9999994039535522,1089,1089,"État de publication: Publiée (2014 ,25 Juin ) Nom de la revue: Educação em Foco Intervalle de pages: 153-179 Résumé: Schools are increasingly challenged by current environmental issues that require an enrichment of how sciences and teaching practices can be conceived. In this sense, we aim for an interdisciplinary approach for teaching a “Socially acute questions” in science and history at the secondary level. It is an attempt to renew the school form in which students are more autonomous than average, and which proposes a more actual version of the nature of science, to see how students understand such preoccupations coming from the social studies of sciences. The teaching approach on climate change is presented briefly, as well as the main empirical results the reflect a more nuanced way of understanding science, being aware of limitations in terms of validity and potential debates and lead toward a real appreciation of this type of pedagogy. Another key element we present is how students react to these environmental issues and how they are making sense of their actions.","État de publication: Publiée (2014 ,25 Juin ) Nom de la revue: Educação em Foco Intervalle de pages: 153-179 Résumé: Schools are increasingly challenged by current environmental issues that require an enrichment of how sciences and teaching practices can be conceived. In this sense, we aim for an interdisciplinary approach for teaching a “Socially acute questions” in science and history at the secondary level. It is an attempt to renew the school form in which students are more autonomous than average, and which proposes a more actual version of the nature of science, to see how students understand such preoccupations coming from the social studies of sciences. The teaching approach on climate change is presented briefly, as well as the main empirical results the reflect a more nuanced way of understanding science, being aware of limitations in terms of validity and potential debates and lead toward a real appreciation of this type of pedagogy. Another key element we present is how students react to these environmental issues and how they are making sense of their actions.",exact_duplicate|near_duplicate|semantic_duplicate|same_template_different_content|related_but_both_valuable|false_positive|unclear
,shard_00082.parquet:42241,shard_00077.parquet:45898,0.9937070608139038,482,524,"article states : ""The body exterts a huge gravitational pull, and to escape its clutches you'd need to accelerate away from it very hard indeed. Now if the body is so dense that escape becomes impossible for everything including light, then the resulting object is called a black hole."" The speed of light is a universal constant, and it does not accelerate. But according to this article, acceleration is needed to escape the body's gravitational pull. Am I missing something here?","article states : ""The body exterts a huge gravitational pull, and to escape its clutches you'd need to accelerate away from it very hard indeed. Now if the body is so dense that escape becomes impossible for everything including light, then the resulting object is called a black hole."" The speed of light is a universal constant, and it does not accelerate. But according to this article, acceleration is needed to escape the body's gravitational pull. Am I missing something here? More information about formatting options",exact_duplicate|near_duplicate|semantic_duplicate|same_template_different_content|related_but_both_valuable|false_positive|unclear
,shard_00076.parquet:23344,shard_00049.parquet:34057,1.0000001192092896,4042,4042,"Constellation of the Month: Cancer, the Crab Cancer, the Crab, hangs high in our western sky during evenings in May. This constellation consists of four fourth-magnitude stars that form a faint ""Y"" in the sky. If you are in a dark area, you will notice a fu--y patch near the intersection of the ""Y."" This is the bright open cluster M44, known as the Beehive or Praesepe. This constellation is related to Hercules, the great hero. Zeus had been up to his old tricks, and the result was Hercules. Zeus's wife, Hera, was furious, and swore to kill Hercules. None of her attempts succeeded, and so she caused Hercules to go mad and kill his wife, Megara, as well as their children. To atone for this act, he had to accomplish 13 tasks to be forgiven. One of these famous Labors of Hercules was to dispatch the Lernaen Hydra. While Hercules was fighting the Hydra, Hera thought she could distract Hercules by sending a giant crab to pinch his toe during the battle. Hercules did not miss a beat: With his mighty foot, he stepped on the crab, smashing its shell and killing it. To honor the crab's service, Hera put the crab in the sky forevermore as the constellation Cancer. As if this were not enough m","Constellation of the Month: Cancer, the Crab Cancer, the Crab, hangs high in our western sky during evenings in May. This constellation consists of four fourth-magnitude stars that form a faint ""Y"" in the sky. If you are in a dark area, you will notice a fu--y patch near the intersection of the ""Y."" This is the bright open cluster M44, known as the Beehive or Praesepe. This constellation is related to Hercules, the great hero. Zeus had been up to his old tricks, and the result was Hercules. Zeus's wife, Hera, was furious, and swore to kill Hercules. None of her attempts succeeded, and so she caused Hercules to go mad and kill his wife, Megara, as well as their children. To atone for this act, he had to accomplish 13 tasks to be forgiven. One of these famous Labors of Hercules was to dispatch the Lernaen Hydra. While Hercules was fighting the Hydra, Hera thought she could distract Hercules by sending a giant crab to pinch his toe during the battle. Hercules did not miss a beat: With his mighty foot, he stepped on the crab, smashing its shell and killing it. To honor the crab's service, Hera put the crab in the sky forevermore as the constellation Cancer. As if this were not enough m",exact_duplicate|near_duplicate|semantic_duplicate|same_template_different_content|related_but_both_valuable|false_positive|unclear
,shard_00144.parquet:31733,shard_00055.parquet:38669,0.9779279232025146,7404,7971,"WHAT IS A HATE CRIME? “In law, [a hate crime is] a crime directed at a person on the basis of characteristics such as race, religion, ethnicity, sexual orientation or gender expression. The concept emerged in the U.S. in the late 1970s, and since then laws have been passed in many U.S. states mandating additional penalties for violent crimes motivated by bias or bigotry against particular groups.” (Encyclopædia Britannica). These actions may be caused by cultural, religious, or political conventions and biases. They may or may not be supported by the country’s legislation. A hate crime can occur from a single bias, such as transphobia, or it can have multiple biases, such as homophobia and race combined. Additionally, an LGBTQ person may be a victim of a hate crime that is motivated by a racial bias only. While this article focuses primarily on the history and current state of homophobic, biphobic and transphobic violence in the USA, we recognize that much of the LGBTQ community is targeted for hate crimes of multiple biases, with communities of color, transgender women of color, and transgender people at a disproportionate risk. A BRIEF WORLD HISTORY OF LGBTQ PERSECUTION Instituti","HATE CRIMES AGAINST THE LGBTQ COMMUNITY WHAT IS A HATE CRIME? “In law, [a hate crime is] a crime directed at a person on the basis of characteristics such as race, religion, ethnicity, sexual orientation or gender expression. The concept emerged in the U.S. in the late 1970s, and since then laws have been passed in many U.S. states mandating additional penalties for violent crimes motivated by bias or bigotry against particular groups.” (Encyclopædia Britannica). These actions may be caused by cultural, religious, or political conventions and biases. They may or may not be supported by the country’s legislation. A hate crime can occur from a single bias, such as transphobia, or it can have multiple biases, such as homophobia and race combined. Additionally, an LGBTQ person may be a victim of a hate crime that is motivated by a racial bias only. While this article focuses primarily on the history and current state of homophobic, biphobic and transphobic violence in the USA, we recognize that much of the LGBTQ community is targeted for hate crimes of multiple biases, with communities of color, transgender women of color, and transgender people at a disproportionate risk. A BRIEF WORL",exact_duplicate|near_duplicate|semantic_duplicate|same_template_different_content|related_but_both_valuable|false_positive|unclear
,shard_00023.parquet:44804,shard_00076.parquet:42469,1.0000001192092896,1352,1352,"Armadillos are shelled mammals that lived during the ice age into the present day. Covered in armor-like shells, armadillos can roll up into a ball in the case of danger, relying on their armor to protect them from predator attacks. With four clawed limbs, pointed ears and a short tail, armadillos forage for foods such as fruits and insects: at least one armadillo, a male named Fast Tony, had a beak. Among the animals living during the ice ages were armadillos, one male named Fast Tony, becoming a conman among other animals, selling off reeds and bark in exchange for foods. - Ice Age: The Meltdown(First appearance) - Ice Age: The Great Escape - Ice Age: Dawn of the Dinosaurs (video game) - Ice Age Village - Ice Age 5 Behind the Scenes True armadillos do not have beaks, but rather long thin snouts. |Aardvark • Armadillo • Badger • Baptornis • Bat • Beaver • Bird • Blue-footed booby • Boar • Brontotherium • Chalicothere • Condor • Diatryma • Dodo • Dung Beetle • Elephant seal • Elk • Gazelle • Giant Butterfly Gigantopithecus • Glyptodon • Ground sloth • Hyrax • Macrauchenia • Mammoth • Mini-sloth • Molehog • Musk ox • Palaeotherium • Penguin • Piranha • Platybelodon • Procoptodon • N","Armadillos are shelled mammals that lived during the ice age into the present day. Covered in armor-like shells, armadillos can roll up into a ball in the case of danger, relying on their armor to protect them from predator attacks. With four clawed limbs, pointed ears and a short tail, armadillos forage for foods such as fruits and insects: at least one armadillo, a male named Fast Tony, had a beak. Among the animals living during the ice ages were armadillos, one male named Fast Tony, becoming a conman among other animals, selling off reeds and bark in exchange for foods. - Ice Age: The Meltdown(First appearance) - Ice Age: The Great Escape - Ice Age: Dawn of the Dinosaurs (video game) - Ice Age Village - Ice Age 5 Behind the Scenes True armadillos do not have beaks, but rather long thin snouts. |Aardvark • Armadillo • Badger • Baptornis • Bat • Beaver • Bird • Blue-footed booby • Boar • Brontotherium • Chalicothere • Condor • Diatryma • Dodo • Dung Beetle • Elephant seal • Elk • Gazelle • Giant Butterfly Gigantopithecus • Glyptodon • Ground sloth • Hyrax • Macrauchenia • Mammoth • Mini-sloth • Molehog • Musk ox • Palaeotherium • Penguin • Piranha • Platybelodon • Procoptodon • N",exact_duplicate|near_duplicate|semantic_duplicate|same_template_different_content|related_but_both_valuable|false_positive|unclear
,shard_00129.parquet:50395,shard_00046.parquet:43792,0.9999998211860657,2376,2376,"Imagine you're outside, walking happily on a beautiful sunny day. Suddenly, the light gets intense. You look up, and see a bright flash filling everything. Seconds later, a powerful wind starts pushing the clouds out of view at hypersonic speed. Buildings, trees, and people fly away, disintegrating into a billion pieces. Everything around you disappears and the sky is no longer blue, because the atmosphere has been blown away like a candle. Sadly—or fortunately—you wouldn't be able to see this spectacular show, because you would have been dead a few minutes ago. But some lucky scientists have been able to observe this very thing—or something quite similar—for the first time and from a safe distance, on a completely different planet than Earth. It happened to HD 189733b, an exoplanet orbiting a star 63 light years away from us. First, NASA's Swift telescope detected a furious X-ray flare from that distant star. Then, the Hubble Space Telescope observed as the nearby planet's upper atmosphere was blown away. The flare was just like the ones burped out by our Sun, but much stronger. In fact, scientists calculate that the planet received ""three million times as many X-rays as Earth rec","Imagine you're outside, walking happily on a beautiful sunny day. Suddenly, the light gets intense. You look up, and see a bright flash filling everything. Seconds later, a powerful wind starts pushing the clouds out of view at hypersonic speed. Buildings, trees, and people fly away, disintegrating into a billion pieces. Everything around you disappears and the sky is no longer blue, because the atmosphere has been blown away like a candle. Sadly—or fortunately—you wouldn't be able to see this spectacular show, because you would have been dead a few minutes ago. But some lucky scientists have been able to observe this very thing—or something quite similar—for the first time and from a safe distance, on a completely different planet than Earth. It happened to HD 189733b, an exoplanet orbiting a star 63 light years away from us. First, NASA's Swift telescope detected a furious X-ray flare from that distant star. Then, the Hubble Space Telescope observed as the nearby planet's upper atmosphere was blown away. The flare was just like the ones burped out by our Sun, but much stronger. In fact, scientists calculate that the planet received ""three million times as many X-rays as Earth rec",exact_duplicate|near_duplicate|semantic_duplicate|same_template_different_content|related_but_both_valuable|false_positive|unclear
,shard_00001.parquet:45515,shard_00162.parquet:12063,1.0000001192092896,1765,1765,"Advantages of LCMS-IT-TOF Mass Spectrometry in Identifying Polymer Additives Plastics are as ubiquitous in the 21st century as naturally occurring molecules such as wood and water. They are simply part of how we define our world and our place in it. Hundreds of polymers are used in thousands of applications, from shelter to transportation to food and beverage packaging. As innovation expands polymer types and uses, formulations become increasingly complex. That's because new applications almost always require additives to produce performance properties - toughness, flexibility, conductivity, antistatic qualities and such - to match polymers to applications. Further, adding performance modifiers can cause changes in look, feel, color, adhesion, flammability, durability or countless other characteristics. So, formulators must add even more modifiers to compensate for these unwanted transformations. Processing characteristics - melt point, flow, density, mold release, etc. - often necessitate even more additives. One polymer line from one manufacturer may contain dozens of different additives or additive blends among the line's individual products, depending on each polymer's grade an","Advantages of LCMS-IT-TOF Mass Spectrometry in Identifying Polymer Additives Plastics are as ubiquitous in the 21st century as naturally occurring molecules such as wood and water. They are simply part of how we define our world and our place in it. Hundreds of polymers are used in thousands of applications, from shelter to transportation to food and beverage packaging. As innovation expands polymer types and uses, formulations become increasingly complex. That's because new applications almost always require additives to produce performance properties - toughness, flexibility, conductivity, antistatic qualities and such - to match polymers to applications. Further, adding performance modifiers can cause changes in look, feel, color, adhesion, flammability, durability or countless other characteristics. So, formulators must add even more modifiers to compensate for these unwanted transformations. Processing characteristics - melt point, flow, density, mold release, etc. - often necessitate even more additives. One polymer line from one manufacturer may contain dozens of different additives or additive blends among the line's individual products, depending on each polymer's grade an",exact_duplicate|near_duplicate|semantic_duplicate|same_template_different_content|related_but_both_valuable|false_positive|unclear
,shard_00082.parquet:12575,shard_00063.parquet:18620,0.9999396204948425,3025,3025,"Poverty is soaring in California school districts, according to recent Census figures, with little relief in sight. As the number of children living in poverty continues to rise, meeting students’ educational needs becomes a more complex task, and the impact of poverty on children’s ability to learn can’t be understated, say education experts and community advocates. “Poverty creates a lot of constraints for families to provide appropriate learning environments for children,” said Angelica Solis, the executive director of Alliance for a Better Community, a Los Angeles-based community advocacy group that works with Latino families in the city’s public schools. “Everything from having enough food on the table to providing adequate space to study and a quiet place to sleep at night.” “If a child isn’t getting adequate nutrition or enough sleep, then their ability to concentrate and do well in school is diminished.” Between 2007 and 2010, poverty in California ballooned 30 percent. In 2010, 27.3 percent of the 773,749 children in Los Angeles Unified School District, for example, are living in poverty, compared to the district’s 23.1 percent poverty rate in 2007. The increase isn’t limi","Poverty is soaring in California school districts, according to recent Census figures, with little relief in sight. As the number of children living in poverty continues to rise, meeting students’ educational needs becomes a more complex task, and the impact of poverty on children’s ability to learn can’t be understated, say education experts and community advocates. “Poverty creates a lot of constraints for families to provide appropriate learning environments for children,” said Angelica Solis, the executive director of Alliance for a Better Community, a Los Angeles-based community advocacy group that works with Latino families in the city’s public schools. “Everything from having enough food on the table to providing adequate space to study and a quiet place to sleep at night.” “If a child isn’t getting adequate nutrition or enough sleep, then their ability to concentrate and do well in school is diminished.” Between 2007 and 2010, poverty in California ballooned 30 percent. In 2010, 27.3 percent of the 773,749 children in Los Angeles Unified School District, for example, are living in poverty, compared to the district’s 23.1 percent poverty rate in 2007. The increase isn’t limi",exact_duplicate|near_duplicate|semantic_duplicate|same_template_different_content|related_but_both_valuable|false_positive|unclear
,shard_00088.parquet:20671,shard_00125.parquet:30627,1.0000007152557373,3570,3570,"Nuit du carnaval (Henri Rousseau, 1886). In an art song, there are many layers of meaning. There is the meaning of the sounds of the music. There is the meaning of the words of the text. There is also the meaning of the sounds of the words themselves. Listen to the sounds of the text read in French. Another reading, with a poetic translation into English in the subtitles. “Clair de lune” (Paul Verlaine, 1869) Votre âme est un paysage choisi Que vont charmant masques et bergamasques Jouant du luth et dansant et quasi Tristes sous leurs déguisements fantasques. Tout en chantant sur le mode mineur L’amour vainqueur et la vie opportune Ils n’ont pas l’air de croire à leur bonheur Et leur chanson se mêle au clair de lune, Au calme clair de lune triste et beau, Qui fait rêver les oiseaux dans les arbres Et sangloter d’extase les jets d’eau, Les grands jets d’eau sveltes parmi les marbres. Your soul is a delicate landscape Where roam charming masks and bergamasques* Playing the lute and dancing and seeming almost Sad under their whimsical disguises. While singing in a minor key Of victorious love and easy life They don’t seem to believe in their happiness And their song mingles with the m","Nuit du carnaval (Henri Rousseau, 1886). In an art song, there are many layers of meaning. There is the meaning of the sounds of the music. There is the meaning of the words of the text. There is also the meaning of the sounds of the words themselves. Listen to the sounds of the text read in French. Another reading, with a poetic translation into English in the subtitles. “Clair de lune” (Paul Verlaine, 1869) Votre âme est un paysage choisi Que vont charmant masques et bergamasques Jouant du luth et dansant et quasi Tristes sous leurs déguisements fantasques. Tout en chantant sur le mode mineur L’amour vainqueur et la vie opportune Ils n’ont pas l’air de croire à leur bonheur Et leur chanson se mêle au clair de lune, Au calme clair de lune triste et beau, Qui fait rêver les oiseaux dans les arbres Et sangloter d’extase les jets d’eau, Les grands jets d’eau sveltes parmi les marbres. Your soul is a delicate landscape Where roam charming masks and bergamasques* Playing the lute and dancing and seeming almost Sad under their whimsical disguises. While singing in a minor key Of victorious love and easy life They don’t seem to believe in their happiness And their song mingles with the m",exact_duplicate|near_duplicate|semantic_duplicate|same_template_different_content|related_but_both_valuable|false_positive|unclear
,shard_00041.parquet:53100,shard_00133.parquet:23088,1.000000238418579,2914,2914,"Mineral Materials Salable mineral materials include common varieties of sand, stone, gravel, pumice, pumicite, clay and rock. The Minerals Materials Act of 1947 (July 31, 1947), as amended (30 U.S. Code 601 et seq.), authorizes BLM to sell mineral materials at fair market value and to grant free-use permits to government agencies and nonprofit organizations. The regulations which guide BLM's mineral materials program are found at 43 CFR §3600. The disposal of mineral materials from the public lands must conform with agency land use plans. Anyone removing mineral materials must comply with all applicable laws, including the National Environmental Policy Act. Permits and contracts are subject to inspection and production verification to assure compliance. Why are Mineral Materials Important? Mineral materials are used in everyday construction, agriculture and decorative applications. Approximately 2 billion tons of crushed stone, dimension stone, and sand and gravel are used every year in the U.S for highways, bridges, power plants, dams, high-rise buildings, railroad beds, airport runways, foundations and sidewalks. Transportation of mineral materials is expensive due to the weight","Mineral Materials Salable mineral materials include common varieties of sand, stone, gravel, pumice, pumicite, clay and rock. The Minerals Materials Act of 1947 (July 31, 1947), as amended (30 U.S. Code 601 et seq.), authorizes BLM to sell mineral materials at fair market value and to grant free-use permits to government agencies and nonprofit organizations. The regulations which guide BLM's mineral materials program are found at 43 CFR §3600. The disposal of mineral materials from the public lands must conform with agency land use plans. Anyone removing mineral materials must comply with all applicable laws, including the National Environmental Policy Act. Permits and contracts are subject to inspection and production verification to assure compliance. Why are Mineral Materials Important? Mineral materials are used in everyday construction, agriculture and decorative applications. Approximately 2 billion tons of crushed stone, dimension stone, and sand and gravel are used every year in the U.S for highways, bridges, power plants, dams, high-rise buildings, railroad beds, airport runways, foundations and sidewalks. Transportation of mineral materials is expensive due to the weight",exact_duplicate|near_duplicate|semantic_duplicate|same_template_different_content|related_but_both_valuable|false_positive|unclear
,shard_00156.parquet:21131,shard_00166.parquet:47129,0.9860531687736511,2632,2497,"To stay updated with the latest information in the apiculture industry to can visit our apiculture latest news. On the other hand if you’re starting beekeeping and desire to start professional apiculture today download a copy of our beekeeping for beginners ebook. Beekeeping can either be a full-time profession or an easy hobby. Yet, more often than not, what started as a hobby would become a profession. But you cannot just determine and tell yourself you will start to do beekeeping. Before beginning on any hobby or profession, you need to have satisfactory knowledge and understanding on the area that you are going to enter. Then it’s about time to indulge yourself in your line of interest, if you’ve been putting off your interest in beekeeping for quite a long time. Bee farming may appear easy; learning the basic beekeeping lessons can allow you to get off to a great beginning. What does a beekeeper have to understand? On beekeeping to begin at the right foot you should have total interest. You should also have consented to share your house space with the bees. There are potential dangers in beekeeping that can harm you but your family as well. If you decide to allow the bees insi","To be up to date with the latest information in the apiculture industry to may visit our beekeeping latest news. On the other hand if you’re new to apiculture and desire to begin professional apiculture now get a copy of our beekeeping for beginners ebook. Beekeeping can be a full-time profession or an easy hobby. Yet, more often than not, what began as a hobby would turn into a profession. But you cannot merely tell and determine yourself you will start to do beekeeping. You need to have sufficient knowledge and understanding on the area that you are going to enter, before starting on any avocation or profession. Then it is about time to indulge yourself in your line of interest, if you really have been putting off your curiosity about beekeeping for quite a long time. Bee farming may look easy; by learning the basic beekeeping lessons, you can be got off to a great start. What does a beekeeper have to understand? First, you should have complete interest on beekeeping to begin at the right foot. You should have also consented to share your home space with the bees. There are possible risks in beekeeping that can harm not only you but your family as well. Then you must know the sup",exact_duplicate|near_duplicate|semantic_duplicate|same_template_different_content|related_but_both_valuable|false_positive|unclear
,shard_00087.parquet:28934,shard_00158.parquet:46058,1.000000238418579,3074,3074,"With the potential to cause havoc on infected computers on the 6th of every month, the Klez.E worm, a variant in the Klez family that carries with it a file-infecting virus, W32/Elkern.B., has spread rapidly in recent weeks and caused much concern among students. While the Klez worm, which computer experts say likely originated in Asia, is not particularly high-risk, it has raised concerns because of its potential to delete files on the 6th day of the month and its uniquely confusing nature. The worm is a “mass-mailer” that sends itself to randomly selected addresses from the user’s address book in Outlook, Eudora and certain versions of Internet Explorer. Macintosh users and PINE users are not affected by Klez. Currently, according to Director of Residential Computing Kevin S. Davis ’98, the Harvard University Arts and Sciences Computer Services (HASCS) estimates that only two to three dozen systems on the FAS network have been infected, despite widespread worries that showed in panicked e-mails over House lists. “Many more students than this think they may have Klez...because systems infected with the Klez.E virus don’t send mail out under the name of the computer’s owner—the vir","With the potential to cause havoc on infected computers on the 6th of every month, the Klez.E worm, a variant in the Klez family that carries with it a file-infecting virus, W32/Elkern.B., has spread rapidly in recent weeks and caused much concern among students. While the Klez worm, which computer experts say likely originated in Asia, is not particularly high-risk, it has raised concerns because of its potential to delete files on the 6th day of the month and its uniquely confusing nature. The worm is a “mass-mailer” that sends itself to randomly selected addresses from the user’s address book in Outlook, Eudora and certain versions of Internet Explorer. Macintosh users and PINE users are not affected by Klez. Currently, according to Director of Residential Computing Kevin S. Davis ’98, the Harvard University Arts and Sciences Computer Services (HASCS) estimates that only two to three dozen systems on the FAS network have been infected, despite widespread worries that showed in panicked e-mails over House lists. “Many more students than this think they may have Klez...because systems infected with the Klez.E virus don’t send mail out under the name of the computer’s owner—the vir",exact_duplicate|near_duplicate|semantic_duplicate|same_template_different_content|related_but_both_valuable|false_positive|unclear
,shard_00056.parquet:35226,shard_00145.parquet:4624,1.0000003576278687,8356,8356,"Iowa Conservationists: Gladys Black Although she never received any formal training in ornithology, Gladys Black -- sometimes called ""the bird lady of Iowa"" -- left a lasting impact on the state through her work with her feathered friends. Black spent more than 35 years in Iowa doing volunteer work with birds, identifying bird species in the Red Rock region and writing newspaper columns and books on Iowa birds. She never tired of taking children and adults alike ""under her wing"" to teach them about her beloved birds, and she tirelessly promoted habitat protection and environmental education in the region. Her newspaper columns about her birding observations appeared in The Des Moines Register from 1969 to 1987 and in three weekly newspapers in Marion County until the week of her death in 1998. Many of these articles were republished in a 1992 book called Iowa Birdlife, still in print today. ""Gladys was the single most important person to bring the world of birds to the general public in Iowa,"" says Beth Brown, a longtime friend of Black's. Now Black's contributions to Iowa birds and birding were memorialized through the work of Eleanor Coster, the Iowa Natural Heritage Foundation,","Iowa Conservationists: Gladys Black Although she never received any formal training in ornithology, Gladys Black -- sometimes called ""the bird lady of Iowa"" -- left a lasting impact on the state through her work with her feathered friends. Black spent more than 35 years in Iowa doing volunteer work with birds, identifying bird species in the Red Rock region and writing newspaper columns and books on Iowa birds. She never tired of taking children and adults alike ""under her wing"" to teach them about her beloved birds, and she tirelessly promoted habitat protection and environmental education in the region. Her newspaper columns about her birding observations appeared in The Des Moines Register from 1969 to 1987 and in three weekly newspapers in Marion County until the week of her death in 1998. Many of these articles were republished in a 1992 book called Iowa Birdlife, still in print today. ""Gladys was the single most important person to bring the world of birds to the general public in Iowa,"" says Beth Brown, a longtime friend of Black's. Now Black's contributions to Iowa birds and birding were memorialized through the work of Eleanor Coster, the Iowa Natural Heritage Foundation,",exact_duplicate|near_duplicate|semantic_duplicate|same_template_different_content|related_but_both_valuable|false_positive|unclear
,shard_00018.parquet:40537,shard_00167.parquet:2202,1.0,9458,9458,"Our Timeby William Prust Every age has its defining moments. Every generation fights its own good fight. Across time and place, humans have repeatedly shown the courage to sacrifice for the sake of their children, their land, their community. Usually not by choice, but rather by forces often greater than they. And so it is today. For this is our time and this is our moment. At some point this century the once vast and seemingly indestructible Arctic ice cap will slip beneath the seas forever. Though scientists disagree on the date, some claim that the Artic's perennial ice could disappear as early as 2012, others by mid-century, still others by 2075, none of them doubts that the icebound Artic, as we've come to know it, will be gone by 2100. More than blood links us to our ancestors. Our history from the earliest cave paintings to today's complex science and technology depended on more than our genes. For the last 10,000 years the Earth's two poles have been icebound and the climate has remained stable. That stability made the human story possible. Now for the first time in our history, the North Pole will be essentially ice-free. This isn't about right or left. It isn't about poli","Our Timeby William Prust Every age has its defining moments. Every generation fights its own good fight. Across time and place, humans have repeatedly shown the courage to sacrifice for the sake of their children, their land, their community. Usually not by choice, but rather by forces often greater than they. And so it is today. For this is our time and this is our moment. At some point this century the once vast and seemingly indestructible Arctic ice cap will slip beneath the seas forever. Though scientists disagree on the date, some claim that the Artic's perennial ice could disappear as early as 2012, others by mid-century, still others by 2075, none of them doubts that the icebound Artic, as we've come to know it, will be gone by 2100. More than blood links us to our ancestors. Our history from the earliest cave paintings to today's complex science and technology depended on more than our genes. For the last 10,000 years the Earth's two poles have been icebound and the climate has remained stable. That stability made the human story possible. Now for the first time in our history, the North Pole will be essentially ice-free. This isn't about right or left. It isn't about poli",exact_duplicate|near_duplicate|semantic_duplicate|same_template_different_content|related_but_both_valuable|false_positive|unclear
,shard_00120.parquet:49728,shard_00006.parquet:49605,1.0000001192092896,1669,1669,A Small Star on a Small Island As hard as it is to believe a grandmother built a lighthouse. The lighthouse in question is the pint-sized 3-metre-high Takamori Lighthouse on Shikinejima one of the smaller islands that make up the Izu Seven Islands group. The story goes that an elderly resident by the name of Tan Miyagawa was so concerned about the spate of shipwrecks she decided to take the matter into her own hands and build a lighthouse to create a safe passage. The warm Kuroshio current which surrounds the island had long been good fishing ground though at night local fishermen and passing ships often found themselves run aground. Mustering assistance from some of the villagers (incredibly there was also opposition to building it) they went about the task of meticulously chiselling the island’s natural koga stone needed for its construction. The fabrication was just the beginning as at the time of its completion around 1935 some five years after the mission began the advent of electricity had yet to reach the remote island’s shores. This meant our spritely 75-year-old Miyagawa san had to tread wearily each evening up the 200 odd steps with a lantern in one hand and a bottle of o,A Small Star on a Small Island As hard as it is to believe a grandmother built a lighthouse. The lighthouse in question is the pint-sized 3-metre-high Takamori Lighthouse on Shikinejima one of the smaller islands that make up the Izu Seven Islands group. The story goes that an elderly resident by the name of Tan Miyagawa was so concerned about the spate of shipwrecks she decided to take the matter into her own hands and build a lighthouse to create a safe passage. The warm Kuroshio current which surrounds the island had long been good fishing ground though at night local fishermen and passing ships often found themselves run aground. Mustering assistance from some of the villagers (incredibly there was also opposition to building it) they went about the task of meticulously chiselling the island’s natural koga stone needed for its construction. The fabrication was just the beginning as at the time of its completion around 1935 some five years after the mission began the advent of electricity had yet to reach the remote island’s shores. This meant our spritely 75-year-old Miyagawa san had to tread wearily each evening up the 200 odd steps with a lantern in one hand and a bottle of o,exact_duplicate|near_duplicate|semantic_duplicate|same_template_different_content|related_but_both_valuable|false_positive|unclear
,shard_00011.parquet:46705,shard_00017.parquet:13469,1.0000007152557373,3296,3296,"It’s been about, I dunno, 300 hundred years since I wrote a blog post? I just haven’t had time. But…I’ve been meaning to for a looooong time, so when yesterday my learners told me they loved the lesson, I thought it might be the perfect opportunity to finally post something here. An Easter lesson plan (and materials). Enjoy! Easter News Lesson Plan This lesson was originally planned for high level 8-10 yr olds - Warmer – set up Write on the board: Noun, Verb, Adjective and elicit examples from the learners Option 1: Board Race (learners are put in teams and take it in turns to write as many words as they can) Option 2: Like the board race but the teams write on paper at their tables Option 3: ‘Scattergories/ Stop the bus’. Learners divide a piece of paper into columns with a category at the top of each column. They are then given a letter and a time limit to write as many words as they can in each column starting with that letter Categories for the above options are; noun, verb, adjective, Easter, wild card (any word in English). - Page 1 DO NOT tell learners what is coming next. Given them page 1 and ask them to fill in the words quickly – the first words that come to mind. Monito","It’s been about, I dunno, 300 hundred years since I wrote a blog post? I just haven’t had time. But…I’ve been meaning to for a looooong time, so when yesterday my learners told me they loved the lesson, I thought it might be the perfect opportunity to finally post something here. An Easter lesson plan (and materials). Enjoy! Easter News Lesson Plan This lesson was originally planned for high level 8-10 yr olds - Warmer – set up Write on the board: Noun, Verb, Adjective and elicit examples from the learners Option 1: Board Race (learners are put in teams and take it in turns to write as many words as they can) Option 2: Like the board race but the teams write on paper at their tables Option 3: ‘Scattergories/ Stop the bus’. Learners divide a piece of paper into columns with a category at the top of each column. They are then given a letter and a time limit to write as many words as they can in each column starting with that letter Categories for the above options are; noun, verb, adjective, Easter, wild card (any word in English). - Page 1 DO NOT tell learners what is coming next. Given them page 1 and ask them to fill in the words quickly – the first words that come to mind. Monito",exact_duplicate|near_duplicate|semantic_duplicate|same_template_different_content|related_but_both_valuable|false_positive|unclear
,shard_00159.parquet:34414,shard_00028.parquet:28629,1.0000004768371582,19522,19522,"What Is Depression? Everyone occasionally feels blue or sad, but these feelings are usually fleeting and pass within a couple of days. When a person has a depressive disorder, it interferes with daily life, normal functioning, and causes pain for both the person with the disorder and those who care about him or her. Depression is a common but serious illness, and most who experience it need treatment to get better. Many people with a depressive illness never seek treatment. But the vast majority, even those with the most severe depression, can get better with treatment. Intensive research into the illness has resulted in the development of medications, psychotherapies, and other methods to treat people with this disabling disorder. What are the different forms of depression? There are several forms of depressive disorders. The most common are major depressive disorder and dysthymic disorder. Major depressive disorder, also called major depression, is characterized by a combination of symptoms that interfere with a person's ability to work, sleep, study, eat, and enjoy once–pleasurable activities. Major depression is disabling and prevents a person from functioning normally. An epis","What Is Depression? Everyone occasionally feels blue or sad, but these feelings are usually fleeting and pass within a couple of days. When a person has a depressive disorder, it interferes with daily life, normal functioning, and causes pain for both the person with the disorder and those who care about him or her. Depression is a common but serious illness, and most who experience it need treatment to get better. Many people with a depressive illness never seek treatment. But the vast majority, even those with the most severe depression, can get better with treatment. Intensive research into the illness has resulted in the development of medications, psychotherapies, and other methods to treat people with this disabling disorder. What are the different forms of depression? There are several forms of depressive disorders. The most common are major depressive disorder and dysthymic disorder. Major depressive disorder, also called major depression, is characterized by a combination of symptoms that interfere with a person's ability to work, sleep, study, eat, and enjoy once–pleasurable activities. Major depression is disabling and prevents a person from functioning normally. An epis",exact_duplicate|near_duplicate|semantic_duplicate|same_template_different_content|related_but_both_valuable|false_positive|unclear
,shard_00140.parquet:26980,shard_00158.parquet:36534,1.0000003576278687,3192,3192,"Yuma County, Arizona August 26, 2002 Yuma County Office Alternatives to alfalfa: Alfalfa is the most widely adaptable and valuable forage legume grown in Arizona. Other legumes have been grown in Arizona for forage, however, but with limited success. Cowpeas and soybeans are examples of warm season legumes that were tried in Arizona at the turn of the century. Cowpeas are drought tolerant and soybeans are susceptible to salt and whiteflies. Cool season legumes include berseem clover, vetches, winter pea, birdsfoot trefoil, annual medics, and various clovers. The cool season legumes do not establish as quickly as cool season grasses such as oats or barley, and may be behind in growth by a few weeks to a month. Insect Management: Webworms (picture)(alfalfa webworm, beet webworm and garden webworm) are occasional pests of desert alfalfa. The larvae of these small moths are slender, usually greenish yellow, striped or spotted caterpillars which may reach an inch in length. Webworm larvae devour leaves beneath silken webs on the upper parts of plants in summer and fall. They do not cause serious economic damage. Harvesting infested hay greatly reduces the numbers in the next crop cycle.","Yuma County, Arizona August 26, 2002 Yuma County Office Alternatives to alfalfa: Alfalfa is the most widely adaptable and valuable forage legume grown in Arizona. Other legumes have been grown in Arizona for forage, however, but with limited success. Cowpeas and soybeans are examples of warm season legumes that were tried in Arizona at the turn of the century. Cowpeas are drought tolerant and soybeans are susceptible to salt and whiteflies. Cool season legumes include berseem clover, vetches, winter pea, birdsfoot trefoil, annual medics, and various clovers. The cool season legumes do not establish as quickly as cool season grasses such as oats or barley, and may be behind in growth by a few weeks to a month. Insect Management: Webworms (picture)(alfalfa webworm, beet webworm and garden webworm) are occasional pests of desert alfalfa. The larvae of these small moths are slender, usually greenish yellow, striped or spotted caterpillars which may reach an inch in length. Webworm larvae devour leaves beneath silken webs on the upper parts of plants in summer and fall. They do not cause serious economic damage. Harvesting infested hay greatly reduces the numbers in the next crop cycle.",exact_duplicate|near_duplicate|semantic_duplicate|same_template_different_content|related_but_both_valuable|false_positive|unclear
,shard_00134.parquet:178,shard_00136.parquet:39794,1.0,1705,1705,"The last woolly mammoth died off around 1700 BC on Russia’s Wrangel Island. Or did it? The Mysterious Woolly Mammoth Video? Check out this footage of a supposed woolly mammoth. It was supposedly captured last summer by a Russian engineer. According to The Sun, this person was in Siberia at the time, surveying for a new road. Some people believe it shows a woolly mammoth struggling to cross a river. The article even claims hair samples from the beast match up with those obtained from woolly mammoth carcasses. Guerrilla Explorer’s Analysis I’ve spoken at length about my views on cryptozoology. In my mind, the most believable cryptids are so-called sea monsters such as the Daedalus Sea Serpent and the Valhalla Sea Serpent. On the other hand, I’m highly suspicious of claims about undiscovered, land-based megafauna. Unfortunately, this video does nothing to change my mind. It’s blurry and short. The “tusks” don’t appear to attach to the creature’s skull and seem to flop around with the current. Suspiciously, the video cuts off before the creature’s legs and lower body become visible. Assuming it’s not an out-and-out hoax, I think it looks most like a large bear carrying a fish. Here’s m","The last woolly mammoth died off around 1700 BC on Russia’s Wrangel Island. Or did it? The Mysterious Woolly Mammoth Video? Check out this footage of a supposed woolly mammoth. It was supposedly captured last summer by a Russian engineer. According to The Sun, this person was in Siberia at the time, surveying for a new road. Some people believe it shows a woolly mammoth struggling to cross a river. The article even claims hair samples from the beast match up with those obtained from woolly mammoth carcasses. Guerrilla Explorer’s Analysis I’ve spoken at length about my views on cryptozoology. In my mind, the most believable cryptids are so-called sea monsters such as the Daedalus Sea Serpent and the Valhalla Sea Serpent. On the other hand, I’m highly suspicious of claims about undiscovered, land-based megafauna. Unfortunately, this video does nothing to change my mind. It’s blurry and short. The “tusks” don’t appear to attach to the creature’s skull and seem to flop around with the current. Suspiciously, the video cuts off before the creature’s legs and lower body become visible. Assuming it’s not an out-and-out hoax, I think it looks most like a large bear carrying a fish. Here’s m",exact_duplicate|near_duplicate|semantic_duplicate|same_template_different_content|related_but_both_valuable|false_positive|unclear
,shard_00065.parquet:13438,shard_00067.parquet:34081,1.0,719,719,"Size: 1-4 feet high Other Names: Poison Camass , White Camass , Crow Poison This poisonous plant resembles a Wild Onion. It has a layered bulb, like an onion, and grass-like leaves. Death Camass has a cone shaped group of white, green, or pink flowers on the top of the central stem. Death Camass can be found in sandy pinewoods, swamps, and meadows. Death Camass contains a strong alkaloid. Symptoms of poisoning include vomiting, diarrhea, and death(thus, the name). Although Death Camass may look similar to a Wild Onion, it does not have an odor like that of an onion. I bet you'll be smelling all the wild onion in your yard from now on... Hall, Alan. The Wild Food Trail Guide. Holt, Rhinehart, and Winston. 1945.","Size: 1-4 feet high Other Names: Poison Camass , White Camass , Crow Poison This poisonous plant resembles a Wild Onion. It has a layered bulb, like an onion, and grass-like leaves. Death Camass has a cone shaped group of white, green, or pink flowers on the top of the central stem. Death Camass can be found in sandy pinewoods, swamps, and meadows. Death Camass contains a strong alkaloid. Symptoms of poisoning include vomiting, diarrhea, and death(thus, the name). Although Death Camass may look similar to a Wild Onion, it does not have an odor like that of an onion. I bet you'll be smelling all the wild onion in your yard from now on... Hall, Alan. The Wild Food Trail Guide. Holt, Rhinehart, and Winston. 1945.",exact_duplicate|near_duplicate|semantic_duplicate|same_template_different_content|related_but_both_valuable|false_positive|unclear
,shard_00112.parquet:45568,shard_00121.parquet:24950,1.0000008344650269,1209,1209,"William Gularte / Reuters Kekchi Aborigines from Coban protest a day before the Oxlajuj Baktun celebration at the Tikal Mayan ruins in Peten, Guatemala on Dec. 20, 2012. Indigenous activists protested outside Guatemala's ancient ruins of Tikal on Thursday as members of the country's poverty-stricken Mayan communities sought to draw international attention to their plight ahead of festivities to mark the end of the Mayan calendar, Reuters reports. According to the Friends of the Maya Foundation, the present-day Mayan population is around six million, with significant communities in El Salvador, Mexico, Guatemala, Belize and Honduras. Luis Soto / AFP - Getty Images Indigenous people take part in celebrations marking the end of the Mayan age at Iximche archaeological site in Tecpan municipality, Guatemala, on Dec. 20, 2012. Ceremonies are being held to celebrate the end of the Mayan cycle known as Bak'tun 13 and the start of the new Maya Era on December 21. - The Maya calendar's Big Day dawns ... with no doomsday in sight - UFO lovers, light-seekers and lawyers await Maya end of days - 5 catastrophes, and why they won't happen - How the Maya calendar works - In Maya doomsday, marketer","William Gularte / Reuters Kekchi Aborigines from Coban protest a day before the Oxlajuj Baktun celebration at the Tikal Mayan ruins in Peten, Guatemala on Dec. 20, 2012. Indigenous activists protested outside Guatemala's ancient ruins of Tikal on Thursday as members of the country's poverty-stricken Mayan communities sought to draw international attention to their plight ahead of festivities to mark the end of the Mayan calendar, Reuters reports. According to the Friends of the Maya Foundation, the present-day Mayan population is around six million, with significant communities in El Salvador, Mexico, Guatemala, Belize and Honduras. Luis Soto / AFP - Getty Images Indigenous people take part in celebrations marking the end of the Mayan age at Iximche archaeological site in Tecpan municipality, Guatemala, on Dec. 20, 2012. Ceremonies are being held to celebrate the end of the Mayan cycle known as Bak'tun 13 and the start of the new Maya Era on December 21. - The Maya calendar's Big Day dawns ... with no doomsday in sight - UFO lovers, light-seekers and lawyers await Maya end of days - 5 catastrophes, and why they won't happen - How the Maya calendar works - In Maya doomsday, marketer",exact_duplicate|near_duplicate|semantic_duplicate|same_template_different_content|related_but_both_valuable|false_positive|unclear
,shard_00095.parquet:15905,shard_00103.parquet:32403,1.0000004768371582,911,911,"This volume contains a series of articles written by Trotsky in the period 1934-1939, between the installation of the right wing Doumergue government in 1934 and the election of the Popular Front government of Leon Blum in 1936 and the ensuing massive general strike. Trotsky subjects the program of the social democrats and Stalinists, who were bent on tying the working class to an alliance with the left bourgeois parties through Stalin’s “Popular Front” policy, to a withering critique. He attacks the policies of centrists such as Marceau Pivert of the Socialist Party, who refused to break with the reformists and thus blocked the road to the building of a mass revolutionary party. Trotsky deals with such questions as the tactic of the united front and the formation of workers militias to defend working class organizations against fascist attack. He also analyzes the role of the French Radical Party.","This volume contains a series of articles written by Trotsky in the period 1934-1939, between the installation of the right wing Doumergue government in 1934 and the election of the Popular Front government of Leon Blum in 1936 and the ensuing massive general strike. Trotsky subjects the program of the social democrats and Stalinists, who were bent on tying the working class to an alliance with the left bourgeois parties through Stalin’s “Popular Front” policy, to a withering critique. He attacks the policies of centrists such as Marceau Pivert of the Socialist Party, who refused to break with the reformists and thus blocked the road to the building of a mass revolutionary party. Trotsky deals with such questions as the tactic of the united front and the formation of workers militias to defend working class organizations against fascist attack. He also analyzes the role of the French Radical Party.",exact_duplicate|near_duplicate|semantic_duplicate|same_template_different_content|related_but_both_valuable|false_positive|unclear
,shard_00115.parquet:45143,shard_00078.parquet:12941,1.0000003576278687,17193,17193,"Only a few aspects of kangaroo biology and how populations are regulated are discussed here. Additional reading for the NSW Scientific Committee should include Kangaroos: their ecology and management in the sheep rangelands of Australia (Caughley et al 1987) and Kangaroos: biology of the largest marsupials (Dawson 1995). 2.1 Time to Sexual Maturity A summary of the data (average in months) for each species is provided below (from Dawson 1995 Table 6.1). Eastern Grey Kangaroos In captive populations under optimal conditions, Eastern Grey Kangaroo males have been recorded producing sperm at 2 years of age; in wild populations in arid conditions, maturity is delayed in males to 4 years. Males in the wild do not usually breed until c. 5 years of age; alpha male status (significant contribution to breeding) is attained between 10 and 12 years of age at Fowlers Gap Station, and only 5% or so of animals survive to this age. In does: Eastern Grey Kangaroos in the wild also start to breed at a much later age than in yard studies. Several yard studies indicate that first breeding may start at about 2 years old, but in detailed field observations at Wallaby Creek in Northern NSW, Robyn Stuart","Only a few aspects of kangaroo biology and how populations are regulated are discussed here. Additional reading for the NSW Scientific Committee should include Kangaroos: their ecology and management in the sheep rangelands of Australia (Caughley et al 1987) and Kangaroos: biology of the largest marsupials (Dawson 1995). 2.1 Time to Sexual Maturity A summary of the data (average in months) for each species is provided below (from Dawson 1995 Table 6.1). Eastern Grey Kangaroos In captive populations under optimal conditions, Eastern Grey Kangaroo males have been recorded producing sperm at 2 years of age; in wild populations in arid conditions, maturity is delayed in males to 4 years. Males in the wild do not usually breed until c. 5 years of age; alpha male status (significant contribution to breeding) is attained between 10 and 12 years of age at Fowlers Gap Station, and only 5% or so of animals survive to this age. In does: Eastern Grey Kangaroos in the wild also start to breed at a much later age than in yard studies. Several yard studies indicate that first breeding may start at about 2 years old, but in detailed field observations at Wallaby Creek in Northern NSW, Robyn Stuart",exact_duplicate|near_duplicate|semantic_duplicate|same_template_different_content|related_but_both_valuable|false_positive|unclear
,shard_00095.parquet:17963,shard_00131.parquet:20230,1.000000238418579,2633,2633,"Are you a fan of The Gruffalo story? Ever fancied making scrambled snake or owl ice cream? Then these crafts are for you! Here are 3 simple activities great for exploring the creative concoctions featured in the book. For starters here's our Scrambled Snake, simple to make & fun to serve up on a plate. We used scraps of wool, thin scraps of material, PVA (gloopy) glue, a paper cup, paper plate & teaspoon. First we decorated the paper plate, then set about creating our snake recipe. Minnie chose the materials she needed for her scrambled snake & added it to a paper cup along with some PVA glue (which we pretended was sauce). Using the spoon she mixed the ingredients together until all the snake (wool) was covered in the sauce (glue). Then it was time to serve our tasty dish. Voila! Scrambled Snake on a plate! (Once the glue is dry it will hold the wool on the plate) Next up, here's our version of Roasted Fox! Another slightly messy activity, using recycled brown & orange paper, a cupcake case, & glitter glue. To make the portions of roasted fox we scrunched up small sections of the paper & added to the cupcake case. Then we brushed over our seasoned fox glaze (glitter glue) using an","Are you a fan of The Gruffalo story? Ever fancied making scrambled snake or owl ice cream? Then these crafts are for you! Here are 3 simple activities great for exploring the creative concoctions featured in the book. For starters here's our Scrambled Snake, simple to make & fun to serve up on a plate. We used scraps of wool, thin scraps of material, PVA (gloopy) glue, a paper cup, paper plate & teaspoon. First we decorated the paper plate, then set about creating our snake recipe. Minnie chose the materials she needed for her scrambled snake & added it to a paper cup along with some PVA glue (which we pretended was sauce). Using the spoon she mixed the ingredients together until all the snake (wool) was covered in the sauce (glue). Then it was time to serve our tasty dish. Voila! Scrambled Snake on a plate! (Once the glue is dry it will hold the wool on the plate) Next up, here's our version of Roasted Fox! Another slightly messy activity, using recycled brown & orange paper, a cupcake case, & glitter glue. To make the portions of roasted fox we scrunched up small sections of the paper & added to the cupcake case. Then we brushed over our seasoned fox glaze (glitter glue) using an",exact_duplicate|near_duplicate|semantic_duplicate|same_template_different_content|related_but_both_valuable|false_positive|unclear
,shard_00033.parquet:34794,shard_00163.parquet:7190,0.9999994039535522,2843,2843,"Clever canines can do something which not even our closest relative, the chimp, can manage. They can follow the human gaze or a pointing hand, figure out what it is we are looking at and seek out the target. Thousands of years spent in human company Dogs have spent thousands of years living with humans so a Hungarian research team set out to investigate whether this cunning ability came from wolves, the genetic ancestors of today's dogs, or developed during domestication. Dr Adam Miklosi, at Eotvos University in Budapest, compared the abilities of dogs with hand-reared wolves to find hidden food from human cues, such as pointing. These experiments are the first ever performed with such highly ""humanised"" wolves, brought up with round-the-clock care from volunteers in Dr Miklosi's department. Bait on a rope The wolves could find the food when their handler either tapped the correct hiding place or pointed from a close distance. They also eventually learnt to track down their dinner by following pointing from a distance. Dogs had no trouble with any of the tasks. However, the real difference came when the researchers tested the dogs and wolves in a tricky situation. Food was hidden i","Clever canines can do something which not even our closest relative, the chimp, can manage. They can follow the human gaze or a pointing hand, figure out what it is we are looking at and seek out the target. Thousands of years spent in human company Dogs have spent thousands of years living with humans so a Hungarian research team set out to investigate whether this cunning ability came from wolves, the genetic ancestors of today's dogs, or developed during domestication. Dr Adam Miklosi, at Eotvos University in Budapest, compared the abilities of dogs with hand-reared wolves to find hidden food from human cues, such as pointing. These experiments are the first ever performed with such highly ""humanised"" wolves, brought up with round-the-clock care from volunteers in Dr Miklosi's department. Bait on a rope The wolves could find the food when their handler either tapped the correct hiding place or pointed from a close distance. They also eventually learnt to track down their dinner by following pointing from a distance. Dogs had no trouble with any of the tasks. However, the real difference came when the researchers tested the dogs and wolves in a tricky situation. Food was hidden i",exact_duplicate|near_duplicate|semantic_duplicate|same_template_different_content|related_but_both_valuable|false_positive|unclear
,shard_00038.parquet:26939,shard_00000.parquet:38590,0.9999996423721313,1385,1385,"Translational science is a multidisciplinary form of science that bridges the recalcitrant gaps that sometimes exist between fundamental science and applied science, necessitating something in between to translate knowledge into applications. The term is most often used in the health sciences and refers to the translation of bench science, conducted only in a lab, to bedside clinical practice or dissemination to population-based community interventions. In U.S., the National Institutes of Health have implemented a major national initiative to leverage existing academic health center infrastructure through the Clinical and Translational Science Awards. The National Center for Advancing Translational Sciences (NCATS) was established on December 23, 2011. The industry and academic interactions to promote translational science initiatives has been carried out by various global centres such as European Commission, Glaxo Smithkline and Novartis institute for Biomedical Research in European Union, the University of California, Davis in the U.S., the translational research cells at National Institute of Virology, National Institute of Nutrition under Indian Council of Medical Research an","Translational science is a multidisciplinary form of science that bridges the recalcitrant gaps that sometimes exist between fundamental science and applied science, necessitating something in between to translate knowledge into applications. The term is most often used in the health sciences and refers to the translation of bench science, conducted only in a lab, to bedside clinical practice or dissemination to population-based community interventions. In U.S., the National Institutes of Health have implemented a major national initiative to leverage existing academic health center infrastructure through the Clinical and Translational Science Awards. The National Center for Advancing Translational Sciences (NCATS) was established on December 23, 2011. The industry and academic interactions to promote translational science initiatives has been carried out by various global centres such as European Commission, Glaxo Smithkline and Novartis institute for Biomedical Research in European Union, the University of California, Davis in the U.S., the translational research cells at National Institute of Virology, National Institute of Nutrition under Indian Council of Medical Research an",exact_duplicate|near_duplicate|semantic_duplicate|same_template_different_content|related_but_both_valuable|false_positive|unclear
,shard_00049.parquet:12990,shard_00082.parquet:8111,1.0,3277,3277,"The Epona Project began life as a worldbuilding exercise designed for the CONTACT: Cultures of the Imagination conference in March 1993. Worldbuilding is an activity primarily developed by science fiction writers to give depth and credibility to their fictional stories. At CONTACT, this activity is compressed into approximately 72 hours of conjecture at the end of which the designers hope to have created a sensible sophont in a believable environment. 82 Eridani is the chosen star and it was named Taranis; a sun nearly 21 light years away from Earth but barely visible in our night skies. It's a single, yellow, G-type star like the Sun, and is about 91% the mass. Since the luminosity of stars is very sensitive to mass, Taranis is only a little over half as bright as the Sun and burns its fuel more slowly. It's quite an old star _ at 5 billion years being half the age of the galaxy _ yet it is just over a third the way through its stable, main sequence, lifetime. Taranis itself may have plenty of life left; however, 5 billion years is a long time in terms of planetary evolution, especially if the planet in question is small. If senescence hasn't already paralyzed such worlds, then it","The Epona Project began life as a worldbuilding exercise designed for the CONTACT: Cultures of the Imagination conference in March 1993. Worldbuilding is an activity primarily developed by science fiction writers to give depth and credibility to their fictional stories. At CONTACT, this activity is compressed into approximately 72 hours of conjecture at the end of which the designers hope to have created a sensible sophont in a believable environment. 82 Eridani is the chosen star and it was named Taranis; a sun nearly 21 light years away from Earth but barely visible in our night skies. It's a single, yellow, G-type star like the Sun, and is about 91% the mass. Since the luminosity of stars is very sensitive to mass, Taranis is only a little over half as bright as the Sun and burns its fuel more slowly. It's quite an old star _ at 5 billion years being half the age of the galaxy _ yet it is just over a third the way through its stable, main sequence, lifetime. Taranis itself may have plenty of life left; however, 5 billion years is a long time in terms of planetary evolution, especially if the planet in question is small. If senescence hasn't already paralyzed such worlds, then it",exact_duplicate|near_duplicate|semantic_duplicate|same_template_different_content|related_but_both_valuable|false_positive|unclear
,shard_00114.parquet:35467,shard_00049.parquet:27913,0.9947238564491272,8905,9009,"|This article needs additional citations for verification. (August 2013)| Frank Lloyd Wright, Jr. (March 30, 1890, Oak Park, Illinois – May 31, 1978, Santa Monica, California), commonly known as Lloyd Wright, was an American landscape architect and architect, active primarily in Los Angeles and Southern California. His name is frequently confused with that of his more famous father, Frank Lloyd Wright. Lloyd Wright's mother was Frank Lloyd Wright's first wife, Catherine Lee ""Kitty"" Tobin. He was the eldest son of the couple, and grew up in the surroundings of the 1889 Wright home and studio in Oak Park. Lloyd briefly attended the University of Wisconsin in Madison, before leaving for a job at the Boston-based landscape architecture firm of the Olmsted Brothers. Specializing in botany and horticulture, he continued to pursue the interrelation of landscape and buildings through his life. He settled in Southern California around 1911, followed by his younger brother John Lloyd Wright. The Olmsteds had sent him to assist with the landscape design of the 1915 Panama-California Exposition in San Diego with architects Irving Gill, Bertram Goodhue, and Carleton Winslow. The exposition's pr","Frank Lloyd T. Wright, Jr. (March 30, 1890, Oak Park, Illinois – May 31, 1978, Santa Monica, California), commonly known as Lloyd Wright, was an American landscape architect and architect, active primarily in Los Angeles and Southern California. His name is frequently confused with that of his more famous father, Frank Lloyd J. Wright, Sr.. Lloyd Wright's mother was Frank Lloyd J. Wright, Sr.'s first wife, Catherine Lee ""Kitty"" Tobin-Wright. He was the eldest son of the couple, and grew up in the surroundings of the 1889 Wright home and studio in Oak Park. Lloyd briefly attended the University of Wisconsin in Madison, before leaving for a job at the Boston-based landscape architecture firm of the Olmsted Brothers. Specializing in botany and horticulture, he continued to pursue the interrelation of landscape and buildings through his life. He settled in Southern California around 1911, followed by his younger brother John Lloyd T. Wright. The Olmsteds had sent him to assist with the landscape design of the 1915 Panama-California Exposition in San Diego with architects Irving Gill, Bertram Goodhue, and Carleton Winslow. The exposition's principal buildings and gardens still remain in",exact_duplicate|near_duplicate|semantic_duplicate|same_template_different_content|related_but_both_valuable|false_positive|unclear
,shard_00116.parquet:28426,shard_00093.parquet:16545,1.000000238418579,747,747,"In common usage, physical change refers to alteration of the condition of an object or substance. Physical change is also a broad term used by scientists to describe a class of physical alterations, chemical, biological, or morphological. It may refer to a change of physical state or the nature or condition of matter as a result of chemical or physical action. Usage is subjective to the scientific discipline involved when used as a qualifier, and means different things in chemistry, physics and biology. Examples of Physical Changes: Chemistry: Dissolving salt into a solution.| Molecular: From crystalline to alternate structures. Common usage: Crushing a material like paper. Five-Year Average Global Temperature Anomalies from 1880 to 2006","In common usage, physical change refers to alteration of the condition of an object or substance. Physical change is also a broad term used by scientists to describe a class of physical alterations, chemical, biological, or morphological. It may refer to a change of physical state or the nature or condition of matter as a result of chemical or physical action. Usage is subjective to the scientific discipline involved when used as a qualifier, and means different things in chemistry, physics and biology. Examples of Physical Changes: Chemistry: Dissolving salt into a solution.| Molecular: From crystalline to alternate structures. Common usage: Crushing a material like paper. Five-Year Average Global Temperature Anomalies from 1880 to 2006",exact_duplicate|near_duplicate|semantic_duplicate|same_template_different_content|related_but_both_valuable|false_positive|unclear
,shard_00105.parquet:13402,shard_00099.parquet:48528,1.0,9025,9025,"Learning from our past: the orientation and mobility archives. Welsh, Richard L. |Publication:||Name: Journal of Visual Impairment & Blindness Publisher: American Foundation for the Blind Audience: Academic Format: Magazine/Journal Subject: Health Copyright: COPYRIGHT 2011 American Foundation for the Blind ISSN: 0145-482X| |Issue:||Date: Oct-Nov, 2011 Source Volume: 105 Source Issue: 10| |Persons:||Named Person: Hoover, Richard| |Geographic:||Geographic Scope: United States Geographic Code: 1USA United States| Philosopher and poet George Santayana (1905) is credited with first expressing the often-repeated idea that ""Those who cannot remember the past are condemned to repeat it."" What is there to learn from the history of the orientation and mobility (O&M) profession that can guide our future? The practice of teaching people who are blind to use a long cane to help them travel independently got its start during the U.S. Army's rehabilitation program during World War II. The field's historian, C. Warren Bledsoe, who played a role in this development, believed that it was facilitated by the fact that it took place outside the realm of existing services for people who were blind. Peop","Learning from our past: the orientation and mobility archives. Welsh, Richard L. |Publication:||Name: Journal of Visual Impairment & Blindness Publisher: American Foundation for the Blind Audience: Academic Format: Magazine/Journal Subject: Health Copyright: COPYRIGHT 2011 American Foundation for the Blind ISSN: 0145-482X| |Issue:||Date: Oct-Nov, 2011 Source Volume: 105 Source Issue: 10| |Persons:||Named Person: Hoover, Richard| |Geographic:||Geographic Scope: United States Geographic Code: 1USA United States| Philosopher and poet George Santayana (1905) is credited with first expressing the often-repeated idea that ""Those who cannot remember the past are condemned to repeat it."" What is there to learn from the history of the orientation and mobility (O&M) profession that can guide our future? The practice of teaching people who are blind to use a long cane to help them travel independently got its start during the U.S. Army's rehabilitation program during World War II. The field's historian, C. Warren Bledsoe, who played a role in this development, believed that it was facilitated by the fact that it took place outside the realm of existing services for people who were blind. Peop",exact_duplicate|near_duplicate|semantic_duplicate|same_template_different_content|related_but_both_valuable|false_positive|unclear
,shard_00157.parquet:51322,shard_00043.parquet:45124,0.9999999403953552,30743,30743,"- Though youths grow weary and tired, And vigorous young men stumble badly, Even the youths shall faint and be weary, and the young men shall utterly fall:. — “Isaiah 40:30 Even youths grow tired and weary, and young men”, bible.cc - The rates of past year illicit drug and alcohol use were lower for youths who had seen or heard drug or alcohol prevention messages at school in the past year compared with youths who had not seen or heard drug or alcohol prevention messages at school. — “School Experiences and Substance Use among Youths”, oas.samhsa.gov - youth n. , pl. , youths . The condition or quality of being young. An early period of development or existence: a nation in its youth. — “youth: Definition, Synonyms from ”, - 24 hour shipping on most orders. Customizable youths coffee mugs, Steins, Travel Mugs and more from - Choose your favorite youths mug from thousands of available designs. — “Youths Coffee Mugs, Steins Youths Mugs”, - Definition of word from the Merriam-Webster Online Dictionary with audio pronunciations, thesaurus, Word of the Day, and word games. a generation trying to recapture lost youth. — “Youths - Definition and More from the Free Merriam-Webster”, merria","- Though youths grow weary and tired, And vigorous young men stumble badly, Even the youths shall faint and be weary, and the young men shall utterly fall:. — “Isaiah 40:30 Even youths grow tired and weary, and young men”, bible.cc - The rates of past year illicit drug and alcohol use were lower for youths who had seen or heard drug or alcohol prevention messages at school in the past year compared with youths who had not seen or heard drug or alcohol prevention messages at school. — “School Experiences and Substance Use among Youths”, oas.samhsa.gov - youth n. , pl. , youths . The condition or quality of being young. An early period of development or existence: a nation in its youth. — “youth: Definition, Synonyms from ”, - 24 hour shipping on most orders. Customizable youths coffee mugs, Steins, Travel Mugs and more from - Choose your favorite youths mug from thousands of available designs. — “Youths Coffee Mugs, Steins Youths Mugs”, - Definition of word from the Merriam-Webster Online Dictionary with audio pronunciations, thesaurus, Word of the Day, and word games. a generation trying to recapture lost youth. — “Youths - Definition and More from the Free Merriam-Webster”, merria",exact_duplicate|near_duplicate|semantic_duplicate|same_template_different_content|related_but_both_valuable|false_positive|unclear
,shard_00047.parquet:46040,shard_00002.parquet:39786,0.9999997615814209,3418,3418,"Oyster mushrooms, blewits, porcini, chanterelles, morels, button mushrooms, shiitake... Worldwide, there are nearly one million known species of fungi. Anthropologists have also found evidence that virtually all ancient civilizations included mushrooms in their diet, right from the very dawn of humanity. In the 1st century, Pliny the Elder had even drawn up a very precise classification of edible and poisonous species! In France, although it remains easy to pick mushrooms in the woods and forests in autumn, more and more varieties are being cultivated and are available all year round. The mushroom is neither animal nor plant; it belongs to the separate, third category of fungi. A biological specificity that gives them added value as compared to other ""vegetables"". Whilst they are growing, mushrooms synthesize additional enzymes that enable them to stock a wide range of antioxidant minerals. The result is that mushrooms are particularly rich in essential minerals such as copper and selenium, together with zinc and potassium giving mushrooms not only excellent anti-inflammatory properties but also making them an essential ally for your immune defenses (1). And most fungi also contain","Oyster mushrooms, blewits, porcini, chanterelles, morels, button mushrooms, shiitake... Worldwide, there are nearly one million known species of fungi. Anthropologists have also found evidence that virtually all ancient civilizations included mushrooms in their diet, right from the very dawn of humanity. In the 1st century, Pliny the Elder had even drawn up a very precise classification of edible and poisonous species! In France, although it remains easy to pick mushrooms in the woods and forests in autumn, more and more varieties are being cultivated and are available all year round. The mushroom is neither animal nor plant; it belongs to the separate, third category of fungi. A biological specificity that gives them added value as compared to other ""vegetables"". Whilst they are growing, mushrooms synthesize additional enzymes that enable them to stock a wide range of antioxidant minerals. The result is that mushrooms are particularly rich in essential minerals such as copper and selenium, together with zinc and potassium giving mushrooms not only excellent anti-inflammatory properties but also making them an essential ally for your immune defenses (1). And most fungi also contain",exact_duplicate|near_duplicate|semantic_duplicate|same_template_different_content|related_but_both_valuable|false_positive|unclear
,shard_00119.parquet:23752,shard_00048.parquet:37064,1.0000009536743164,1700,1700,"Mold Sickness Diagnosis and Treatment What is Mold Sickness? How Will Mold Illness Affect My Health? Where Can I get Competent Medical Treatment for Mold Exposure? Mold Sickness, or Mold Illness, is a complex result of people being exposed to a mold contaminated environment, or an indoor water damaged structure, which is actively growing mold, most likely harboring other pathogenic microbial components as well as mycotoxin. Understanding the three ways mold Illness can make a person sick is the key factor to correctly diagnosing mold sickness and providing the correct medical treatment(s). First the physician must understand and be able to determine the extent of the damage to the patient’s physical body. Second, the physician must have a methodology to be able to determine the extent of the damage to the patient’s nervous system. The three diagnosis that must be achieved to provide adequate medical treatment for mold exposure victims are as follows: 1. Define an allergic reaction if present. 2. Discover any site of infectious sources, fungal, yeast, and bacteriological. 3. Examine the toxicology of mycotoxin poisoning within the patient and the extent of neurological damage(s). Al","Mold Sickness Diagnosis and Treatment What is Mold Sickness? How Will Mold Illness Affect My Health? Where Can I get Competent Medical Treatment for Mold Exposure? Mold Sickness, or Mold Illness, is a complex result of people being exposed to a mold contaminated environment, or an indoor water damaged structure, which is actively growing mold, most likely harboring other pathogenic microbial components as well as mycotoxin. Understanding the three ways mold Illness can make a person sick is the key factor to correctly diagnosing mold sickness and providing the correct medical treatment(s). First the physician must understand and be able to determine the extent of the damage to the patient’s physical body. Second, the physician must have a methodology to be able to determine the extent of the damage to the patient’s nervous system. The three diagnosis that must be achieved to provide adequate medical treatment for mold exposure victims are as follows: 1. Define an allergic reaction if present. 2. Discover any site of infectious sources, fungal, yeast, and bacteriological. 3. Examine the toxicology of mycotoxin poisoning within the patient and the extent of neurological damage(s). Al",exact_duplicate|near_duplicate|semantic_duplicate|same_template_different_content|related_but_both_valuable|false_positive|unclear
,shard_00105.parquet:51246,shard_00017.parquet:50180,0.9999998211860657,22426,22426,"|Download this article in .PDF format This file type includes high resolution graphics and schematics when applicable. Flexible antennas are important components in a growing number of wireless applications, including wearable electronics and sensor systems. However, flexing the antenna from its nominal straight configuration can impact performance, depending on the antenna design, substrate material, and other factors. To meet the need for flexibility, a robust yet compact ultrawideband (UWB) antenna was designed based on microstrip feed approach. The antenna design measures just 38 × 22 mm2 and is fabricated on flexible liquid crystalline polymer substrate material. It features a resonating structure, which plays a key role in the enhancement of gain across the lower part of the UWB spectrum. The design was simulated with commercial design software and a prototype was built and characterized, with good agreement between simulations and measurements for bent and straight cases. The markets for flexible wireless devices are rapidly increasing, both with regard to wearable and implantable devices for health-monitoring systems and daily-life wireless devices (e.g., cell phones, table","|Download this article in .PDF format This file type includes high resolution graphics and schematics when applicable. Flexible antennas are important components in a growing number of wireless applications, including wearable electronics and sensor systems. However, flexing the antenna from its nominal straight configuration can impact performance, depending on the antenna design, substrate material, and other factors. To meet the need for flexibility, a robust yet compact ultrawideband (UWB) antenna was designed based on microstrip feed approach. The antenna design measures just 38 × 22 mm2 and is fabricated on flexible liquid crystalline polymer substrate material. It features a resonating structure, which plays a key role in the enhancement of gain across the lower part of the UWB spectrum. The design was simulated with commercial design software and a prototype was built and characterized, with good agreement between simulations and measurements for bent and straight cases. The markets for flexible wireless devices are rapidly increasing, both with regard to wearable and implantable devices for health-monitoring systems and daily-life wireless devices (e.g., cell phones, table",exact_duplicate|near_duplicate|semantic_duplicate|same_template_different_content|related_but_both_valuable|false_positive|unclear
,shard_00114.parquet:24969,shard_00009.parquet:4611,0.9713793992996216,2228,2184,"What causes bleeding from the ear? Bleeding from the ear is usually due to a ruptured or perforated eardrum caused by a middle ear infection (otitis media). However, bleeding from the ear can also be caused by trauma to the head or the ear itself and other serious conditions. Be sure to tell your doctor about any other symptoms you are experiencing in order to address all possible causes. Causes of a ruptured eardrum Conditions that can lead to a ruptured eardrum include: Abrupt changes in altitude (barotrauma) Foreign object piercing the eardrum Very loud noise Serious or life-threatening causes of bleeding from the ear In some cases, bleeding from the ear may be a symptom of a serious or life-threatening condition that should be immediately evaluated in an emergency setting. These include: Cancer of the ear canal or middle ear Head trauma, such as a blow to the head Trauma to the ear canal or middle ear, such as from a hard slap or a foreign object What are the potential complications of bleeding from the ear? The complications of bleeding from the ear are related to the underlying cause. A ruptured eardrum is a cause for concern because it is a natural barrier to germs entering","What is bleeding from the ear? Bleeding from the ear is ear drainage that contains blood. The discharge may be a combination of pus, wax, fluid and blood. Although there are other possible causes, the most common cause of bleeding from the ear is a ruptured or perforated eardrum. Learn More About Bleeding From Ear Your ear is divided into three sections: the outer ear (includes the external ear and ear canal), the middle ear (includes the eardrum and three tiny bones called ossicles), and the inner ear (includes the nerve endings that detect sound waves). Hearing occurs when sound waves travel through the outer ear and into the middle ear, where they cause vibration of the eardrum and ossicles. These vibrations are then transmitted through the inner ear, converted into electrical impulses, and translated by the brain as sound. A ruptured or perforated eardrum means that the delicate eardrum, also known as the tympanic membrane, has a tear or hole. When your eardrum is ruptured you may experience a loss of hearing. A ruptured eardrum is a cause for some concern because the eardrum is a natural barrier to germs entering the middle and inner ear. The good news is that a ruptured ear d",exact_duplicate|near_duplicate|semantic_duplicate|same_template_different_content|related_but_both_valuable|false_positive|unclear
,shard_00006.parquet:50239,shard_00167.parquet:22020,1.000000238418579,24507,24507,"THE NATURE AND CLASSIFICATION OF THE LAW Sec. 1. In general. Law may be said to consist of rules for the guidance of man in his relations with other men and in his relation to organized society. A single person, if isolated, would be un- affected by such rules, since they operate only in the presence of other persons. Of course, there are laws pertaining to physical matter, such as the laws of chemistry and physics, but with these we are not concerned. There are also many rules controlling human conduct which have no legal significance, such as rules with respect to manners and social conduct in the restricted sense. Human con- duct necessarily causes friction, and some plan governing and regu- lating uniformity of action is required. In order to produce the result desired in playing a game, certain rules must be followed. A departure from any of these rules defeats the purpose of the game. With every breach of these rules of control, there follows some re- sult detrimental to all the participants and to the violator of the rule. To the violator of the rule, it is the condemnation of the other players. To the other players, it is the loss of the desired result. In organized society","THE NATURE AND CLASSIFICATION OF THE LAW Sec. 1. In general. Law may be said to consist of rules for the guidance of man in his relations with other men and in his relation to organized society. A single person, if isolated, would be un- affected by such rules, since they operate only in the presence of other persons. Of course, there are laws pertaining to physical matter, such as the laws of chemistry and physics, but with these we are not concerned. There are also many rules controlling human conduct which have no legal significance, such as rules with respect to manners and social conduct in the restricted sense. Human con- duct necessarily causes friction, and some plan governing and regu- lating uniformity of action is required. In order to produce the result desired in playing a game, certain rules must be followed. A departure from any of these rules defeats the purpose of the game. With every breach of these rules of control, there follows some re- sult detrimental to all the participants and to the violator of the rule. To the violator of the rule, it is the condemnation of the other players. To the other players, it is the loss of the desired result. In organized society",exact_duplicate|near_duplicate|semantic_duplicate|same_template_different_content|related_but_both_valuable|false_positive|unclear
,shard_00096.parquet:33439,shard_00158.parquet:19118,0.9917556047439575,5101,4983,"Science is a fragile thing. Our understanding of the universe in which we live is based on a series of theories and equations which depend upon the validity of an entirely different set of educated guesses. If, for example, we observe that a quark doubles its size for one nanosecond once every ten thousand years, everything that involves one of the most basic building blocks of our universe must be adjusted. It is much more rare to discover an absolute fact than you might think. That might seem unsettling, but curiosity is what pushes us forward, and I find the prospect of a universe with no mysteries much more frightening. Science is, after all, the AIDS to humanity's Magic Johnson. We wouldn't be the same without it. So what exactly can scientists say with 100% certainty? Not much. As of right now, the only incontrovertible facts that science has been able to uncover can be summed up in a few short minutes. Silkworm moths have eleven brain-like nerve cells, with the extra ten devoted to perpetually thinking, ""Aw hell, I'm just a moth."" If you place a sleeping friend's left hand in a bowl of warm water and his right hand in a bowl of cold water, the bowls will eventually normalize","Science is a fragile thing. Our understanding of the universe in which we live is based on a series of theories and equations which depend upon the validity of an entirely different set of educated guesses. If, for example, we observe that a quark doubles its size for one nanosecond once every ten thousand years, everything that involves one of the most basic building blocks of our universe must be adjusted. It is much more rare to discover an absolute fact than you might think. That might seem unsettling, but curiosity is what pushes us forward, and I find the prospect of a universe with no mysteries much more frightening. Science is, after all, the AIDS to humanity's Magic Johnson. We wouldn't be the same without it. So what exactly can scientists say with 100% certainty? Not much. As of right now, the only incontrovertible facts that science has been able to uncover can be summed up in a few short minutes. Silkworm moths have eleven brain-like nerve cells, with the extra ten devoted to perpetually thinking, ""Aw hell, I'm just a moth."" If you place a sleeping friend's left hand in a bowl of warm water and his right hand in a bowl of cold water, the bowls will eventually normalize",exact_duplicate|near_duplicate|semantic_duplicate|same_template_different_content|related_but_both_valuable|false_positive|unclear
,shard_00043.parquet:39621,shard_00071.parquet:4682,1.0,9682,9682,"Information about common blood circulation problems |Contents of this article:| | Page 1: circulation - what is it? Reasons bad circulation is harmful. Some common symptoms. Here's how to improve circulation. | Page 2: and foot pain Discomfort when standing, sitting or working Natural ways to help your blood flow | Page 3: ||Do you get tingling sensations in hands and Blood clots and Thrombosis More tips for a healthy heart Tingling in the hands and feet is called paresthesia which literally means Greek para meaning ""beside"" or abnormal and aisthesia, meaning sensation. One of the first things you may notice as the circulation starts to dimish to a body part is a tingling sensation. Paresthesia is a sensation of tingling, pricking, or numbness of a person's skin with no apparent long-term physical effect. It is also called ‘pins and needles’ or the feeling of a limb going to sleep. The feeling of having a foot ""fall asleep"" is a familiar one. This same combination of numbness and tingling can occur in any region of the body and may be caused by a wide variety of disorders. Other types of paresthesia include feelings of cold, warmth, burning, itching, and skin crawling. Paresthesia","Information about common blood circulation problems |Contents of this article:| | Page 1: circulation - what is it? Reasons bad circulation is harmful. Some common symptoms. Here's how to improve circulation. | Page 2: and foot pain Discomfort when standing, sitting or working Natural ways to help your blood flow | Page 3: ||Do you get tingling sensations in hands and Blood clots and Thrombosis More tips for a healthy heart Tingling in the hands and feet is called paresthesia which literally means Greek para meaning ""beside"" or abnormal and aisthesia, meaning sensation. One of the first things you may notice as the circulation starts to dimish to a body part is a tingling sensation. Paresthesia is a sensation of tingling, pricking, or numbness of a person's skin with no apparent long-term physical effect. It is also called ‘pins and needles’ or the feeling of a limb going to sleep. The feeling of having a foot ""fall asleep"" is a familiar one. This same combination of numbness and tingling can occur in any region of the body and may be caused by a wide variety of disorders. Other types of paresthesia include feelings of cold, warmth, burning, itching, and skin crawling. Paresthesia",exact_duplicate|near_duplicate|semantic_duplicate|same_template_different_content|related_but_both_valuable|false_positive|unclear
,shard_00128.parquet:45577,shard_00009.parquet:15683,1.000000238418579,1446,1446,"The Malvern Museum of Local History is located in the Malvern Priory Gatehouse in the centre of Great Malvern. It is a small museum, but has several rooms displaying key themes from Malvern's history, including the Victorian era, the water cure, the scientific achievements and the Malvern Hills. Note that it is only open from March to October, and generally closed on Wednesday, so do check with them before planning a visit. The Gate House was built in about 1085 but restored in 1891. The original structure did not have the battlements. It was also extended towards what is now Abbey Hotel and to the sides when it was refurbished. The building was originally half timbered and was the main entrance to the Priory's 40 acres of land. Abbey road used to go all the way through this gatehouse but the stonework kept being damaged by high vehicles. You can see where the stonework has been mended around the arch. Eventually the road was closed off to protect the gatehouse from further damage. If you walk down to the left of the gatehouse (facing towards the Abbey Hotel), you will see patterned bricks high up on the side of the gatehouse. These are encaustic tiles made with local clay. The lit","The Malvern Museum of Local History is located in the Malvern Priory Gatehouse in the centre of Great Malvern. It is a small museum, but has several rooms displaying key themes from Malvern's history, including the Victorian era, the water cure, the scientific achievements and the Malvern Hills. Note that it is only open from March to October, and generally closed on Wednesday, so do check with them before planning a visit. The Gate House was built in about 1085 but restored in 1891. The original structure did not have the battlements. It was also extended towards what is now Abbey Hotel and to the sides when it was refurbished. The building was originally half timbered and was the main entrance to the Priory's 40 acres of land. Abbey road used to go all the way through this gatehouse but the stonework kept being damaged by high vehicles. You can see where the stonework has been mended around the arch. Eventually the road was closed off to protect the gatehouse from further damage. If you walk down to the left of the gatehouse (facing towards the Abbey Hotel), you will see patterned bricks high up on the side of the gatehouse. These are encaustic tiles made with local clay. The lit",exact_duplicate|near_duplicate|semantic_duplicate|same_template_different_content|related_but_both_valuable|false_positive|unclear
,shard_00117.parquet:38744,shard_00027.parquet:22705,0.9999998211860657,2616,2616,"Professor explores gender biases Over 160 years ago Sojourner Truth stood up for women's rights and gave her famous ""Ain't I a Woman"" speech at the Akron's Women's Convention. Dr. Camesha Hill-Carter, professor in the education department at Southeast Missouri State University, said even in the 21st century many of the society and gender biases that plagued women then are still prevalent today. As part of the Athenaeum Series sponsored by Kent Library, Hill-Carter gave a curent perspective of Sojourner Truth's ""Ain't I a Woman"" speech on Feb. 22 at Sadie's Place in Kent Library. ""We try to be equal but we're yet ridiculed,"" Hill-Carter said. ""How powerful are we as women? What can we do to change the world for the next generation?"" Hill- Carter talked about Michele Duggar and how society ridiculed her for her decision to have so many kids. Duggar is the mother on ""19 Kids and Counting"" an American reality TV show that focuses on her, her husband and their 19 kids. ""Anyone that wants to have twenty kids, God bless them,"" Hill-Carter said. ""But society thinks something is wrong when a woman wants to do so. This is evident in our media. No one had a heart for her until her 20th child","Professor explores gender biases Over 160 years ago Sojourner Truth stood up for women's rights and gave her famous ""Ain't I a Woman"" speech at the Akron's Women's Convention. Dr. Camesha Hill-Carter, professor in the education department at Southeast Missouri State University, said even in the 21st century many of the society and gender biases that plagued women then are still prevalent today. As part of the Athenaeum Series sponsored by Kent Library, Hill-Carter gave a curent perspective of Sojourner Truth's ""Ain't I a Woman"" speech on Feb. 22 at Sadie's Place in Kent Library. ""We try to be equal but we're yet ridiculed,"" Hill-Carter said. ""How powerful are we as women? What can we do to change the world for the next generation?"" Hill- Carter talked about Michele Duggar and how society ridiculed her for her decision to have so many kids. Duggar is the mother on ""19 Kids and Counting"" an American reality TV show that focuses on her, her husband and their 19 kids. ""Anyone that wants to have twenty kids, God bless them,"" Hill-Carter said. ""But society thinks something is wrong when a woman wants to do so. This is evident in our media. No one had a heart for her until her 20th child",exact_duplicate|near_duplicate|semantic_duplicate|same_template_different_content|related_but_both_valuable|false_positive|unclear
,shard_00081.parquet:50981,shard_00083.parquet:21747,0.9999999403953552,1952,1952,"Search for Diseases : Painful menstruation or menstrual cramps. There are two types of dysmenorrhoea -- primary dysmenorrhoea is a recurring condition, usually beginning shortly after the onset of menstruation in a young girl. Secondary dysmenorrhoea develops later in life, after a women has been menstruating for some time. Persons most commonly affected: Teenagers and in women who have never been pregnant. Organ or part of body involved: Female reproductive system. Symptoms and indications: Symptoms include a dull, throbbing cramping in the lower abdomen that may radiate to the lower back and thighs. In addition, some women may experience nausea and vomiting, diarrhea, irritability, sweating, or dizziness. Cramps usually last for two or three days at the beginning of each menstrual period. Many women often notice their painful periods disappear after they have their first child, probably due to the stretching of the opening of the uterus or because the birth improves the uterine blood supply and muscle activity, although others do not notice a change. Causes and risk factors: The cause of primary dysmenorrhoea is thought to be the release of prostaglandins from the lining of the u","Search for Diseases : Painful menstruation or menstrual cramps. There are two types of dysmenorrhoea -- primary dysmenorrhoea is a recurring condition, usually beginning shortly after the onset of menstruation in a young girl. Secondary dysmenorrhoea develops later in life, after a women has been menstruating for some time. Persons most commonly affected: Teenagers and in women who have never been pregnant. Organ or part of body involved: Female reproductive system. Symptoms and indications: Symptoms include a dull, throbbing cramping in the lower abdomen that may radiate to the lower back and thighs. In addition, some women may experience nausea and vomiting, diarrhea, irritability, sweating, or dizziness. Cramps usually last for two or three days at the beginning of each menstrual period. Many women often notice their painful periods disappear after they have their first child, probably due to the stretching of the opening of the uterus or because the birth improves the uterine blood supply and muscle activity, although others do not notice a change. Causes and risk factors: The cause of primary dysmenorrhoea is thought to be the release of prostaglandins from the lining of the u",exact_duplicate|near_duplicate|semantic_duplicate|same_template_different_content|related_but_both_valuable|false_positive|unclear
,shard_00027.parquet:48211,shard_00081.parquet:18371,1.0000003576278687,6301,6301,"On March 5, 1836, the Mexican soldiers under General Santa Anna had Texas Colonel William Travis and 189 of his men under siege and trapped inside the Alamo. According to the story, Travis gathered his men together to encourage them to fight with nobility what would surely be their last battle. He concluded his famous speech by drawing his sword, marking a line in the sand, and stating with gusto, “I now want every man who is determined to stay here and die with me to come across this line.” That day courageous men made a monumental decision to cross a line, stand, and fight for what they believed was right despite certain death. Today all across Texas and in every other state in this great country we call the United States of America, children are sitting down to their studies—not in a classroom but in their homes—under the tutelage of their parents. Yet while parents teach their children the history and foundation of this country, while they require their children to read and study the Constitution by which our freedoms are defined, while many choose to teach from a biblical perspective and encourage their children to view the world from a biblical view, their thoughts are often","On March 5, 1836, the Mexican soldiers under General Santa Anna had Texas Colonel William Travis and 189 of his men under siege and trapped inside the Alamo. According to the story, Travis gathered his men together to encourage them to fight with nobility what would surely be their last battle. He concluded his famous speech by drawing his sword, marking a line in the sand, and stating with gusto, “I now want every man who is determined to stay here and die with me to come across this line.” That day courageous men made a monumental decision to cross a line, stand, and fight for what they believed was right despite certain death. Today all across Texas and in every other state in this great country we call the United States of America, children are sitting down to their studies—not in a classroom but in their homes—under the tutelage of their parents. Yet while parents teach their children the history and foundation of this country, while they require their children to read and study the Constitution by which our freedoms are defined, while many choose to teach from a biblical perspective and encourage their children to view the world from a biblical view, their thoughts are often",exact_duplicate|near_duplicate|semantic_duplicate|same_template_different_content|related_but_both_valuable|false_positive|unclear
,shard_00134.parquet:20020,shard_00137.parquet:6095,1.0,1880,1880,"""The function of Botanical Review is to present syntheses of the state of knowledge and understanding of individual segments of botany. It is hoped that these syntheses can be read and understood by other botanists less informed than the authors. AGRICOLA offers agricultural information from 1970 to the present. It contains over 4 million citations to journal articles, monographs, theses, patents, software, audio-visual materials, and technical reports related to agriculture. The Environmental Sciences & Pollution Management Database is a multidisciplinary database that covers all areas of air, land, water, and noise pollution as well as basic science areas of bacteriology, ecology, toxicology, environmental engineering, environmental biotechnology, waste management, and water resources. More than 1,000 primary journal literature titles in major scientific languages are covered as well as trade literature, patents, conference proceedings, chapters in books, and repor Database of the names and associated basic bibliographical details of seed plants, ferns and fern allies. Its goal is to eliminate the need for repeated reference to primary sources for basic bibliographic information","""The function of Botanical Review is to present syntheses of the state of knowledge and understanding of individual segments of botany. It is hoped that these syntheses can be read and understood by other botanists less informed than the authors. AGRICOLA offers agricultural information from 1970 to the present. It contains over 4 million citations to journal articles, monographs, theses, patents, software, audio-visual materials, and technical reports related to agriculture. The Environmental Sciences & Pollution Management Database is a multidisciplinary database that covers all areas of air, land, water, and noise pollution as well as basic science areas of bacteriology, ecology, toxicology, environmental engineering, environmental biotechnology, waste management, and water resources. More than 1,000 primary journal literature titles in major scientific languages are covered as well as trade literature, patents, conference proceedings, chapters in books, and repor Database of the names and associated basic bibliographical details of seed plants, ferns and fern allies. Its goal is to eliminate the need for repeated reference to primary sources for basic bibliographic information",exact_duplicate|near_duplicate|semantic_duplicate|same_template_different_content|related_but_both_valuable|false_positive|unclear
,shard_00116.parquet:4159,shard_00015.parquet:21890,0.9971002340316772,10686,10585,"The Nano Mission is an umbrella programme for capacity building which envisages the overall development of this field of research in the country and to tap some of its applied potential for nation’s development. In brief, the objectives of the Nano-Mission are: Basic Research Promotion – Funding of basic research by individual scientists and/or groups of scientists and creation of centres of excellence for pursuing studies leading to fundamental understanding of matter that enables control and manipulation at the nanoscale. Infrastructure Development for Nano Science & Technology Research – Investigations on the nano scale require expensive equipments like Optical Tweezer, Nano Indentor, Transmission Electron Microscope (TEM), Atomic Force Microscope (AFM), Scanning Tunneling Microscope (STM), Matrix Assisted Laser Desorption Time of Flight Mass Spectrometer (MALDI TOF MS), Microarray Spotter & Scanner etc. For optimal use of expensive and sophisticated facilities, it is proposed to establish a chain of shared facilities across the country. Nano Applications and Technology Development Programmes- To catalyze Applications and Technology Development Programmes leading to products and","The Nano Mission is an umbrella programme for capacity building which envisages the overall development of this field of research in the country and to tap some of its applied potential for nation’s development. In brief, the objectives of the Nano-Mission are: Basic Research Promotion – Funding of basic research by individual scientists and/or groups of scientists and creation of centres of excellence for pursuing studies leading to fundamental understanding of matter that enables control and manipulation at the nanoscale. Infrastructure Development for Nano Science & Technology Research – Investigations on the nano scale require expensive equipments like Optical Tweezer, Nano Indentor, Transmission Electron Microscope (TEM), Atomic Force Microscope (AFM), Scanning Tunneling Microscope (STM), Matrix Assisted Laser Desorption Time of Flight Mass Spectrometer (MALDI TOF MS), Microarray Spotter & Scanner etc. For optimal use of expensive and sophisticated facilities, it is proposed to establish a chain of shared facilities across the country. Nano Applications and Technology Development Programmes- To catalyze Applications and Technology Development Programmes leading to products and",exact_duplicate|near_duplicate|semantic_duplicate|same_template_different_content|related_but_both_valuable|false_positive|unclear
,shard_00041.parquet:5205,shard_00042.parquet:41626,0.9999992847442627,3736,3736,"What Makes Heroin So Addictive? Heroin depresses or slows down brain activity. When taken the drug enters into the bloodstream and travels to the brain. It only takes a brief moment for the user to feel the impact of the drug which is one of the reasons heroin is so addictive. The drug binds itself to nerve receptors in the brain and alters neurochemicals that are responsible for creating sensations of pleasure. This causes users to feel a rush of pleasure and euphoria. After this rush the user will experience several hours of feeling drowsy, confused, sedated or out of touch with reality. This sensation is pleasing to the user and can only be re-experienced by taking more heroin. The brain halts its natural production of feel good chemicals and becomes reliant upon the drug for feelings of wellbeing. The brain is altered because of heroin use and is tricked into believing that it needs the drug to survive or feel well. This is known as a psychological addiction. A person can experience cravings for heroin weeks or months after he or she has stopped using. Can I Become Physically Dependent on Heroin? Heroin use can lead to a physical addiction or dependence. Once cravings for the d","What Makes Heroin So Addictive? Heroin depresses or slows down brain activity. When taken the drug enters into the bloodstream and travels to the brain. It only takes a brief moment for the user to feel the impact of the drug which is one of the reasons heroin is so addictive. The drug binds itself to nerve receptors in the brain and alters neurochemicals that are responsible for creating sensations of pleasure. This causes users to feel a rush of pleasure and euphoria. After this rush the user will experience several hours of feeling drowsy, confused, sedated or out of touch with reality. This sensation is pleasing to the user and can only be re-experienced by taking more heroin. The brain halts its natural production of feel good chemicals and becomes reliant upon the drug for feelings of wellbeing. The brain is altered because of heroin use and is tricked into believing that it needs the drug to survive or feel well. This is known as a psychological addiction. A person can experience cravings for heroin weeks or months after he or she has stopped using. Can I Become Physically Dependent on Heroin? Heroin use can lead to a physical addiction or dependence. Once cravings for the d",exact_duplicate|near_duplicate|semantic_duplicate|same_template_different_content|related_but_both_valuable|false_positive|unclear
,shard_00045.parquet:40146,shard_00084.parquet:40036,1.0000001192092896,354,354,"|Origin:||pulvériser, from Late Latin pulverizare, from Latin pulvis 'dust, powder'| pul‧ver‧ize also pulverise British English [transitive usually passive] to crush something into a powder: The seeds can be used whole or pulverized into flour. to completely defeat someone: Stewart completely pulverized the opposition. —pulverization noun [uncountable]","|Origin:||pulvériser, from Late Latin pulverizare, from Latin pulvis 'dust, powder'| pul‧ver‧ize also pulverise British English [transitive usually passive] to crush something into a powder: The seeds can be used whole or pulverized into flour. to completely defeat someone: Stewart completely pulverized the opposition. —pulverization noun [uncountable]",exact_duplicate|near_duplicate|semantic_duplicate|same_template_different_content|related_but_both_valuable|false_positive|unclear
,shard_00123.parquet:19553,shard_00061.parquet:48550,0.9863712191581726,10875,7905,"Betsy Ross (January 1, 1752 - January 30, 1836) was an American woman who is said to have sewn the first American flag. Three members of a secret committee from the Continental Congress came to call upon her. Those representatives, George Washington, Robert Morris, and George Ross, asked her to sew the first flag. This meeting occurred in her home some time late in May 1777. George Washington was then commander of the Continental Army. Robert Morris, an owner of vast amounts of land, was perhaps the wealthiest citizen in the Colonies. Colonel George Ross was a respected Philadelphian and also the uncle of her late husband, John Ross. Born Elizabeth (""Betsy"") Griscom in Philadelphia, Pennsylvania, she was the eighth of 17 children of Samuel and Rebecca Griscom. Members of Ross' family were devout Quakers. Her father was a master architect. Ross attended Friends schools, where she learned reading, writing and sewing. Although Ross is often referred to as a seamstress, she was actually a trained upholsterer. After completing her formal education at a school for Quaker children, Ross went on to apprentice to John Webster, a talented and popular Philadelphia upholsterer. She spent sever","Betsy Ross (January 1, 1752 - January 30, 1836) was an American woman who is said to have sewn the first American flag. Three members of a secret committee from the Continental Congress came to call upon her. Those representatives, George Washington, Robert Morris, and George Ross, asked her to sew the first flag. This meeting occurred in her home some time late in May 1777. George Washington was then commander of the Continental Army. Robert Morris, an owner of vast amounts of land, was perhaps the wealthiest citizen in the Colonies. Colonel George Ross was a respected Philadelphian and also the uncle of her late husband, John Ross. Born Elizabeth (""Betsy"") Griscom in Philadelphia, Pennsylvania, she was the eighth of 17 children of Samuel and Rebecca Griscom. Members of Ross' family were devout Quakers. Her father was a master architect. Ross attended Friends schools, where she learned reading, writing and sewing. Although Ross is often referred to as a seamstress, she was actually a trained upholsterer. After completing her formal education at a school for Quaker children, Ross went on to apprentice to John Webster, a talented and popular Philadelphia upholsterer. She spent sever",exact_duplicate|near_duplicate|semantic_duplicate|same_template_different_content|related_but_both_valuable|false_positive|unclear
,shard_00128.parquet:43724,shard_00062.parquet:29888,0.9771544933319092,1534,1807,"BERLIN — A retired satellite is hurtling toward the atmosphere and pieces of it could crash into Earth as early as Friday, the German Aerospace Center says. Scientists are no longer able to communicate with the dead German satellite ROSAT, which orbits Earth every 90 minutes, and experts are not sure exactly where pieces of it could land. Parts of the satellite, which is the size of a minivan, will burn up during re-entry but up to 30 fragments weighing a total of 1.87 tons could crash into Earth sometime between Friday and Monday, center spokesman Andreas Schuetz told the Associated Press. ""All countries around the globe between 53-degrees north and 53-degrees south could possibly be affected,"" Schuetz said Wednesday. That vast swath of territory includes much of Earth outside the poles. The 2.69-ton satellite was launched in 1990 and retired in 1999 after being used for research on black holes and neutron stars and performing the first all-sky survey of X-ray sources with an imaging telescope. ROSAT will re-enter Earth's atmosphere at a speed of 17,400 mph. As it nears Earth in coming days, scientists will be able to more accurately estimate when it will land to a window of about","A retired satellite is hurtling toward the atmosphere and pieces of it could crash into the Earth as early as Friday, the German Aerospace Centre has said. Scientists are no longer able to communicate with the dead German satellite Rosat, which orbits the earth every 90 minutes, and experts are unsure exactly where pieces could land. Parts of the satellite, which is the size of a minivan, will burn up during re-entry but up to 30 fragments – weighing a total of 1.7 tonnes – could crash into the Earth between Friday and Monday, the centre's spokesman, Andreas Schuetz, told Associated Press. ""All countries around the globe between 53 degrees north and 53 degrees south could possibly be affected,"" he said. The vast area includes much of the Earth outside the poles. The scientific satellite was launched in 1990 and retired in 1999 after being used for research on black holes and neutron stars and performing the first all-sky survey of x-ray sources with an imaging telescope. The largest single fragment of Rosat that could hit the Earth is the telescope's heat-resistant mirror, which weighs 1.6 tonnes. The satellite will re-enter the atmosphere at a speed of 17,400mph (28,000 kmph). As",exact_duplicate|near_duplicate|semantic_duplicate|same_template_different_content|related_but_both_valuable|false_positive|unclear
,shard_00086.parquet:5762,shard_00137.parquet:39574,0.9995236992835999,14180,14175,"2005 Findings on the Worst Forms of Child Labor - Congo, Democratic Republic of the |Publisher||United States Department of Labor| |Author||Bureau of International Labor Affairs| |Publication Date||29 August 2006| |Cite as||United States Department of Labor, 2005 Findings on the Worst Forms of Child Labor - Congo, Democratic Republic of the, 29 August 2006, available at: http://www.refworld.org/docid/48d748e44f.html [accessed 12 December 2017]| |Disclaimer||This is not a UNHCR publication. UNHCR is not responsible for, nor does it necessarily endorse, its content. Any views expressed are solely those of the author or publisher and do not necessarily reflect those of UNHCR, the United Nations or its Member States.| |Selected Child Labor Measures Adopted by Governments| |Ratified ILO Convention 138 6/20/2001||✓| |Ratified ILO Convention 182 6/20/2001||✓| |ILO-IPEC Associated Member||✓| |National Plan for Children| |National Child Labor Action Plan| |Sector Action Plans (Commercial Sexual Exploitation and Child Soldiers)||✓| Incidence and Nature of Child Labor An estimated 39.8 percent of children ages 10 to 14 years were counted as working in the Democratic Republic of the Congo in 2","2005 Findings on the Worst Forms of Child Labor - Congo, Democratic Republic of the |Publisher||United States Department of Labor| |Author||Bureau of International Labor Affairs| |Publication Date||29 August 2006| |Cite as||United States Department of Labor, 2005 Findings on the Worst Forms of Child Labor - Congo, Democratic Republic of the, 29 August 2006, available at: http://www.refworld.org/docid/48d748e44f.html [accessed 26 May 2016]| |Disclaimer||This is not a UNHCR publication. UNHCR is not responsible for, nor does it necessarily endorse, its content. Any views expressed are solely those of the author or publisher and do not necessarily reflect those of UNHCR, the United Nations or its Member States.| |Selected Child Labor Measures Adopted by Governments| |Ratified ILO Convention 138 6/20/2001||✓| |Ratified ILO Convention 182 6/20/2001||✓| |ILO-IPEC Associated Member||✓| |National Plan for Children| |National Child Labor Action Plan| |Sector Action Plans (Commercial Sexual Exploitation and Child Soldiers)||✓| Incidence and Nature of Child Labor An estimated 39.8 percent of children ages 10 to 14 years were counted as working in the Democratic Republic of the Congo in 2000.",exact_duplicate|near_duplicate|semantic_duplicate|same_template_different_content|related_but_both_valuable|false_positive|unclear
,shard_00069.parquet:47067,shard_00042.parquet:22790,1.0000001192092896,845,845,"“I’m phobic of meat,” said Caius Schneider, 20 a mechanical engineering major at Washtenaw Community College from Berkley, Mich. “I have been a vegetarian for like seven years because of it.” Schneider’s carnophobia, or her fear of meat, would be considered a phobia by most. But in psychology, the phobia label would only be used after the fear passed the specific diagnostic criteria of the DSM-IV (Diagnostic and Statistics Manual of Mental Disorders, fourth edition). The DSM-IV is the psychology world’s bible for diagnosing mental disorders. “People that see a spider might freak out then, but it will pass. That’s not a phobia,” said Ann Jones, a WCC part-time psychology faculty member. “With phobias, it can last hours, days, weeks — it can last your whole life.” You'll have to read the article yourself to see what proctophobic means.","“I’m phobic of meat,” said Caius Schneider, 20 a mechanical engineering major at Washtenaw Community College from Berkley, Mich. “I have been a vegetarian for like seven years because of it.” Schneider’s carnophobia, or her fear of meat, would be considered a phobia by most. But in psychology, the phobia label would only be used after the fear passed the specific diagnostic criteria of the DSM-IV (Diagnostic and Statistics Manual of Mental Disorders, fourth edition). The DSM-IV is the psychology world’s bible for diagnosing mental disorders. “People that see a spider might freak out then, but it will pass. That’s not a phobia,” said Ann Jones, a WCC part-time psychology faculty member. “With phobias, it can last hours, days, weeks — it can last your whole life.” You'll have to read the article yourself to see what proctophobic means.",exact_duplicate|near_duplicate|semantic_duplicate|same_template_different_content|related_but_both_valuable|false_positive|unclear
,shard_00041.parquet:30455,shard_00162.parquet:17442,0.9999999403953552,691,691,"32. The Nile Delta is one of the oldest intensely cultivated areas on earth. It is very heavily populated, with population densities up to 1600 inhabitants per square kilometer. The low lying, fertile floodplains are surrounded by deserts. Only 2,5% of Egypt's land area, the Nile delta and the Nile valley, is suitable for intensive agriculture. Most of a 50 km wide land strip along the coast is less than 2 m above sea-level and is protected from flooding by a 1 to 10 km wide coastal sand belt only, shaped by discharge of the Rosetta and Damietta branches of the Nile. Erosion of the protective sand belt is a serious problem and has accelerated since the construction of the Aswan dam.","32. The Nile Delta is one of the oldest intensely cultivated areas on earth. It is very heavily populated, with population densities up to 1600 inhabitants per square kilometer. The low lying, fertile floodplains are surrounded by deserts. Only 2,5% of Egypt's land area, the Nile delta and the Nile valley, is suitable for intensive agriculture. Most of a 50 km wide land strip along the coast is less than 2 m above sea-level and is protected from flooding by a 1 to 10 km wide coastal sand belt only, shaped by discharge of the Rosetta and Damietta branches of the Nile. Erosion of the protective sand belt is a serious problem and has accelerated since the construction of the Aswan dam.",exact_duplicate|near_duplicate|semantic_duplicate|same_template_different_content|related_but_both_valuable|false_positive|unclear
,shard_00058.parquet:10356,shard_00167.parquet:2399,0.9999998807907104,1506,1506,"When the word ends in a consonant If the accent falls on the last syllable, the consonant is doubled to form the past tense. So we have Occur –> occurred Transfer –> transferred When the word ends in a short vowel + consonant, the final consonant is not usually doubled to form the past tense. Offer –> offered (NOT Offerred) Budget –> budgeted Short monosyllabic words always double their final consonant. Shop –> shopping Let –> letting Cut –> cutting ‘ie’ and ‘ei’ The general rule is ‘i’ before ‘e’ except after ‘c’ Siege, believe, friends Receive, deceive, ceiling (after ‘c’, we use ‘e’ before ‘I’) There are however several exceptions to this rule. Examples are: reign, heir, seize, weird. As you can see, in all of these words, the letter ‘e’ goes before the letter ‘i’. Dis and mis Never double the ‘s’ of these prefixes. In some words, you may notice a second ‘s’, but remember that it is the first letter of the next syllable. So we have Dismiss (NOT Dissmiss) Se and Ce Se and sy are usually verb endings and ce and cy are usually noun endings. So the following words are verbs: license, practise, advise, prophesy And the following words are nouns: licence, practice, prophecy, advice Th","When the word ends in a consonant If the accent falls on the last syllable, the consonant is doubled to form the past tense. So we have Occur –> occurred Transfer –> transferred When the word ends in a short vowel + consonant, the final consonant is not usually doubled to form the past tense. Offer –> offered (NOT Offerred) Budget –> budgeted Short monosyllabic words always double their final consonant. Shop –> shopping Let –> letting Cut –> cutting ‘ie’ and ‘ei’ The general rule is ‘i’ before ‘e’ except after ‘c’ Siege, believe, friends Receive, deceive, ceiling (after ‘c’, we use ‘e’ before ‘I’) There are however several exceptions to this rule. Examples are: reign, heir, seize, weird. As you can see, in all of these words, the letter ‘e’ goes before the letter ‘i’. Dis and mis Never double the ‘s’ of these prefixes. In some words, you may notice a second ‘s’, but remember that it is the first letter of the next syllable. So we have Dismiss (NOT Dissmiss) Se and Ce Se and sy are usually verb endings and ce and cy are usually noun endings. So the following words are verbs: license, practise, advise, prophesy And the following words are nouns: licence, practice, prophecy, advice Th",exact_duplicate|near_duplicate|semantic_duplicate|same_template_different_content|related_but_both_valuable|false_positive|unclear
,shard_00001.parquet:18838,shard_00002.parquet:30984,1.0000004768371582,597,597,"Natural Resources Programs aim to conserve, protect, and develop natural resources on public and private lands in order to ensure that agriculture will continue to be productive and economically viable in Oregon. Natural Resources Programs work to do the following: - Address water quality and natural resource conservation on agricultural lands - Protect Oregon’s environment and public health by ensuring the proper and legal sale, use, and distribution of pesticide products - Assist local soil and water conservation districts as they help landowners properly manage Oregon’s natural resources","Natural Resources Programs aim to conserve, protect, and develop natural resources on public and private lands in order to ensure that agriculture will continue to be productive and economically viable in Oregon. Natural Resources Programs work to do the following: - Address water quality and natural resource conservation on agricultural lands - Protect Oregon’s environment and public health by ensuring the proper and legal sale, use, and distribution of pesticide products - Assist local soil and water conservation districts as they help landowners properly manage Oregon’s natural resources",exact_duplicate|near_duplicate|semantic_duplicate|same_template_different_content|related_but_both_valuable|false_positive|unclear
,shard_00117.parquet:35701,shard_00061.parquet:36035,1.0000003576278687,1275,1275,"In the early afternoon of August the 19th 1745, Prince Charles Edward Stuart landed at the north end of Loch Shiel, hoping to rally support for his father’s claim to the British Throne. His reception was not a grand one and for a time it appeared as though little more than two hundred men were willing to support the uprising. But then, the mountains around Loch Shiel echoed a distant whisper of promise as the march of pipers descended. The ground trembled and the mountains roared as the clans arrived and Charles Edward Stuart raised his standard on a hill in Glenfinnan. Today a monument stands at the head of Loch Shiel, commemorating the bravery and courage of the men who fell in support of their Prince. Erected in 1815 and designed by the Scottish architect James Gillespie Graham, the monument is now in the care and custody of the Scottish National Trust. A tall thin tower with a lone Highlander at the top, the monument is a poignant and imposing sight and well worth the effort of climbing. I would however issue a word of caution to small children or those unsteady on their feet. The tower is a copy of a medieval castle’s staircase, built as a defence against intruders. The narrow","In the early afternoon of August the 19th 1745, Prince Charles Edward Stuart landed at the north end of Loch Shiel, hoping to rally support for his father’s claim to the British Throne. His reception was not a grand one and for a time it appeared as though little more than two hundred men were willing to support the uprising. But then, the mountains around Loch Shiel echoed a distant whisper of promise as the march of pipers descended. The ground trembled and the mountains roared as the clans arrived and Charles Edward Stuart raised his standard on a hill in Glenfinnan. Today a monument stands at the head of Loch Shiel, commemorating the bravery and courage of the men who fell in support of their Prince. Erected in 1815 and designed by the Scottish architect James Gillespie Graham, the monument is now in the care and custody of the Scottish National Trust. A tall thin tower with a lone Highlander at the top, the monument is a poignant and imposing sight and well worth the effort of climbing. I would however issue a word of caution to small children or those unsteady on their feet. The tower is a copy of a medieval castle’s staircase, built as a defence against intruders. The narrow",exact_duplicate|near_duplicate|semantic_duplicate|same_template_different_content|related_but_both_valuable|false_positive|unclear
,shard_00153.parquet:19208,shard_00148.parquet:35325,0.9999441504478455,4289,4302,"I know everyone is getting tired of snow by now but we still have threats of snow and ice through March. For safety reasons (both vehicular and pedestrian) in our region, there is plenty of justification to use chemicals commonly referred to as ""ice mel I know everyone is getting tired of snow by now but we still have threats of snow and ice through March. For safety reasons (both vehicular and pedestrian) in our region, there is plenty of justification to use chemicals commonly referred to as ""ice melt"" or ""salt"" on roads, sidewalks, and hardscapes. Standard ice melt compounds are usually some form of chloride-based salts (calcium chloride, magnesium chloride, potassium chloride, or sodium chloride are typically the most readily available and cheapest ice melt compounds) and it is one of these compounds that is typically applied by VDOT during inclement weather. It is hard to argue against the importance of treating streets and sidewalks for public safety in such hazardous conditions. At the same time it is important to ensure that appropriate ""ice melt"" chemicals are selected so as to minimize possible environmental effects. The chloride-based salts are generally considered to be","I know everyone is getting tired of snow by now but we still have threats of snow and ice through March. For safety reasons (both vehicular and pedestrian) in our region, there is plenty of justification to use chemicals commonly referred to as ""ice mel I know everyone is getting tired of snow by now but we still have threats of snow and ice through March. For safety reasons (both vehicular and pedestrian) in our region, there is plenty of justification to use chemicals commonly referred to as ""ice melt"" or ""salt"" on roads, sidewalks, and hardscapes. Standard ice melt compounds are usually some form of chloride-based salts (calcium chloride, magnesium chloride, potassium chloride, or sodium chloride are typically the most readily available and cheapest ice melt compounds) and it is one of these compounds that is typically applied by VDOT during inclement weather. It is hard to argue against the importance of treating streets and sidewalks for public safety in such hazardous conditions. At the same time it is important to ensure that appropriate ""ice melt"" chemicals are selected so as to minimize possible environmental effects. The chloride-based salts are generally considered to be",exact_duplicate|near_duplicate|semantic_duplicate|same_template_different_content|related_but_both_valuable|false_positive|unclear
,shard_00018.parquet:6226,shard_00161.parquet:38342,0.9999995827674866,2446,2446,"What is a S.M.A.R.T. Goal? When making goals, it ís important to learn about the acronym S.M.A.R.T. It can help you make better goals. Each letter stands for a different area of the goal. If you create a smart goal, you have created a goal that is Specific, Measurable, Actionable, Reasonable, and Timely. Using SMART goals can set you up for success in your goal setting. S-Stands for specific, which means that your goal needs to be spelled out very precisely. Using language that leaves no doubt as to what the goal is, why you want to achieve the goal, and how you will get there is very important. If you are not able to be detailed in your description of the goal, it will be hard to meet it. Take the time to do this part right. M-Stands for measurable, which means that you should be able to use this as a metric for which to determine success. If your goal can't be quantified, then it is not a full goal and you won't know how to tell when you've succeeded. An example of a measurable goal is something like: ""I want to add 100 dollars per week of income to our bank by writing five 500-word articles each week for a life coach."" A-There are different things that can stand for but it's usu","What is a S.M.A.R.T. Goal? When making goals, it ís important to learn about the acronym S.M.A.R.T. It can help you make better goals. Each letter stands for a different area of the goal. If you create a smart goal, you have created a goal that is Specific, Measurable, Actionable, Reasonable, and Timely. Using SMART goals can set you up for success in your goal setting. S-Stands for specific, which means that your goal needs to be spelled out very precisely. Using language that leaves no doubt as to what the goal is, why you want to achieve the goal, and how you will get there is very important. If you are not able to be detailed in your description of the goal, it will be hard to meet it. Take the time to do this part right. M-Stands for measurable, which means that you should be able to use this as a metric for which to determine success. If your goal can't be quantified, then it is not a full goal and you won't know how to tell when you've succeeded. An example of a measurable goal is something like: ""I want to add 100 dollars per week of income to our bank by writing five 500-word articles each week for a life coach."" A-There are different things that can stand for but it's usu",exact_duplicate|near_duplicate|semantic_duplicate|same_template_different_content|related_but_both_valuable|false_positive|unclear
,shard_00009.parquet:40443,shard_00169.parquet:3019,1.0000004768371582,1927,1927,"Drinking Less But Feeling It More? As We Grow Older, the Effects of Alcohol Change September 11, 2013 Older adults tend to have a higher percentage of alcohol in their blood than younger people after drinking the same amount of alcohol. That's because older people metabolize, or break down, alcohol more slowly, which allows it to stay in their bodies longer. Alcohol is also more concerntrated in the blood, since body water content generally falls with age. As a result, older adults can experience the effects of alcohol, such as slurred speech and lack of coordination, more readily than when they were younger. Alcohol can also interact with a variety of health conditions and medications that may be more common among seniors. These conditions include diabetes, high blook pressure, congestive heart failure, liver problems, and memory problems. Drinking alcohol can keep certain medicines from working properly, and combined with other medicines, it can lead to side effects such as sleepiness, confusion, or lack of coordination, even if seniors drink alcohol hours after taking a pill. When it comes to taking medications, people of all ages should ask their healthcare provider or pharmaci","Drinking Less But Feeling It More? As We Grow Older, the Effects of Alcohol Change September 11, 2013 Older adults tend to have a higher percentage of alcohol in their blood than younger people after drinking the same amount of alcohol. That's because older people metabolize, or break down, alcohol more slowly, which allows it to stay in their bodies longer. Alcohol is also more concerntrated in the blood, since body water content generally falls with age. As a result, older adults can experience the effects of alcohol, such as slurred speech and lack of coordination, more readily than when they were younger. Alcohol can also interact with a variety of health conditions and medications that may be more common among seniors. These conditions include diabetes, high blook pressure, congestive heart failure, liver problems, and memory problems. Drinking alcohol can keep certain medicines from working properly, and combined with other medicines, it can lead to side effects such as sleepiness, confusion, or lack of coordination, even if seniors drink alcohol hours after taking a pill. When it comes to taking medications, people of all ages should ask their healthcare provider or pharmaci",exact_duplicate|near_duplicate|semantic_duplicate|same_template_different_content|related_but_both_valuable|false_positive|unclear
,shard_00016.parquet:4656,shard_00071.parquet:23441,1.0000003576278687,7601,7601,"Rotherhithe and the Pilgrims The years following the Reformation were a period of religious fervour when many were willing to face persecution, exile or even martyrdom for the sake of their beliefs. The Pilgrim Fathers were an expression of both these aspects of their times. The desire for liberty of conscience drove them first to voluntary exile in Holland. By 1620, the Pilgrim Fathers had the accounts of earlier explorers and settlers to inspire and guide them. Captain Christopher Jones could rely on the map made by the famous Captain John Smith who had published A Description of New England in 1616. This map, made after a detailed exploration of the coast, was the first to use the name 'New England', and it was on this map that the site of the Pilgrim Fathers' later settlement was named Plymouth. Some of those who joined the Mayflower at Rotherhithe were motivated by no higher ends than earlier settlers: the hope of better prospects than they had in England. The 'venturers' who financed the voyage certainly did so for material gain. The Pilgrims from Leyden, and others of like mind, 'laboured to have the right worship of God and discipline of Christ established in the church acc","Rotherhithe and the Pilgrims The years following the Reformation were a period of religious fervour when many were willing to face persecution, exile or even martyrdom for the sake of their beliefs. The Pilgrim Fathers were an expression of both these aspects of their times. The desire for liberty of conscience drove them first to voluntary exile in Holland. By 1620, the Pilgrim Fathers had the accounts of earlier explorers and settlers to inspire and guide them. Captain Christopher Jones could rely on the map made by the famous Captain John Smith who had published A Description of New England in 1616. This map, made after a detailed exploration of the coast, was the first to use the name 'New England', and it was on this map that the site of the Pilgrim Fathers' later settlement was named Plymouth. Some of those who joined the Mayflower at Rotherhithe were motivated by no higher ends than earlier settlers: the hope of better prospects than they had in England. The 'venturers' who financed the voyage certainly did so for material gain. The Pilgrims from Leyden, and others of like mind, 'laboured to have the right worship of God and discipline of Christ established in the church acc",exact_duplicate|near_duplicate|semantic_duplicate|same_template_different_content|related_but_both_valuable|false_positive|unclear
,shard_00012.parquet:21335,shard_00055.parquet:10390,0.9980265498161316,2417,2366,"What Are Panic Attacks? Have you broken out into a sweat? Heart going really fast? Feeling like you are going to die? You may well be suffering from a panic attack. Panic attacks can happen as a response to fear, anxiety CLICK HERE or to stressful situations. Because you are scared of something your body reacts by releasing a lot of a hormone called adrenaline, causing your chest to feel tight and your heart to race, and can take from between 10 and 30 minutes to pass. Panic attacks are really common, many people suffer from them. They can be scary but they will not cause any physical harm. If you have regular and recurring panic attacks, often for no apprent reason, you may have some form of panic disorder. If this is happening to you it’s a good idea to go and see a doctor. Help When Having A Panic Attack The following tips can help you if you are suffering from panic attacks: - Close your mouth and breath in through your nose slowly, count to 3, breath out through your nose and count to 3. - Picture something calm, maybe waves on a beach, continue breathing through your nose, slowly. It can help to imagine the panic as a ‘thing’ that is sitting beside you, instead of inside of y","What Are Panic Attacks? Have you broken out into a sweat? Heart going really fast? Feeling like you are going to die? You may well be suffering from a panic attack. Panic attacks can happen as a response to fear, anxiety CLICK HERE or to stressful situations. Because you are scared of something your body reacts by releasing a lot of a hormone called adrenaline, causing your chest to feel tight and your heart to race, and can take from between 10 and 30 minutes to pass. Panic attacks are really common, many people suffer from them. They can be scary but they will not cause any physical harm. If you have regular and recurring panic attacks, often for no apprent reason, you may have some form of panic disorder. If this is happening to you it's a good idea to go and see a doctor. Help When Having A Panic Attack The following tips can help you if you are suffering from panic attacks: Close your mouth and breath in through your nose slowly, count to 3, breath out through your nose and count to 3. Picture something calm, maybe waves on a beach, continue breathing through your nose, slowly. It can help to imagine the panic as a 'thing' that is sitting beside you, instead of inside of you,",exact_duplicate|near_duplicate|semantic_duplicate|same_template_different_content|related_but_both_valuable|false_positive|unclear
,shard_00078.parquet:10843,shard_00077.parquet:45788,1.0000005960464478,6505,6505,"Titanic: The designer, owner, officer and lookout The designer of the Titanic went down with his ship, whereas the man whose company owned the liner left on the last lifeboat, a decision he almost immediately regretted. The most senior officer to survive the tragedy later went on to become a hero at Dunkirk in World War II. The first man to see the iceberg that sank the liner was a reluctant witness at the two inquiries into the sinking, and ended up taking his own life. J Bruce Ismay J Bruce Ismay, managing director of the White Star Line, left the Titanic in one of the last lifeboats to be launched, a decision that was to haunt him for the rest of his life. Second Officer Charles Lightoller, the most senior crew member to survive, told the United States Senate inquiry that after he was rescued Mr Ismay ""was obsessed with the idea that he ought to have gone down with the ship because he found that women had gone down"". Mr Ismay was in his state room asleep when the Titanic hit the iceberg, but soon found out from Captain Smith that the liner was doomed to sink. He told the Senate inquiry: ""I asked [Captain Smith] what had happened, and he said, 'we have struck ice'. I said, 'do yo","Titanic: The designer, owner, officer and lookout The designer of the Titanic went down with his ship, whereas the man whose company owned the liner left on the last lifeboat, a decision he almost immediately regretted. The most senior officer to survive the tragedy later went on to become a hero at Dunkirk in World War II. The first man to see the iceberg that sank the liner was a reluctant witness at the two inquiries into the sinking, and ended up taking his own life. J Bruce Ismay J Bruce Ismay, managing director of the White Star Line, left the Titanic in one of the last lifeboats to be launched, a decision that was to haunt him for the rest of his life. Second Officer Charles Lightoller, the most senior crew member to survive, told the United States Senate inquiry that after he was rescued Mr Ismay ""was obsessed with the idea that he ought to have gone down with the ship because he found that women had gone down"". Mr Ismay was in his state room asleep when the Titanic hit the iceberg, but soon found out from Captain Smith that the liner was doomed to sink. He told the Senate inquiry: ""I asked [Captain Smith] what had happened, and he said, 'we have struck ice'. I said, 'do yo",exact_duplicate|near_duplicate|semantic_duplicate|same_template_different_content|related_but_both_valuable|false_positive|unclear
,shard_00079.parquet:51058,shard_00024.parquet:36311,1.0000005960464478,4844,4844,"By: Dale J. Buchberger, PT, DC, CSCS, DACBSP It is a common misconception that “sciatica” is a condition when in reality sciatica is a symptom. It is a symptom that may have a multitude of causes or predisposing factors. The most common symptom pattern is leg pain, which might feel like a bad leg cramp, or it can be excruciating, shooting pain that makes standing, sitting or sleeping nearly impossible. The sciatic nerve is the longest and widest nerve in the human body. It begins as a series of individual nerve roots in the lower back, joins together in the buttocks extending down the legs, ending just below the knee where it splits into two different nerves that control the leg, ankle and foot. Sciatic pain is typically made worse when you sit, sneeze, cough or move your bowels. Sciatica can occur suddenly or it can develop gradually. You might also feel weakness, numbness, or a burning or tingling (“pins and needles”) sensation down your leg, possibly even in your toes. Less common symptoms might include the inability to bend your knee or move your foot and toes. What causes sciatica? Sciatica might be a symptom of a “pinched nerve” affecting one or more of the lower spinal nerve","By: Dale J. Buchberger, PT, DC, CSCS, DACBSP It is a common misconception that “sciatica” is a condition when in reality sciatica is a symptom. It is a symptom that may have a multitude of causes or predisposing factors. The most common symptom pattern is leg pain, which might feel like a bad leg cramp, or it can be excruciating, shooting pain that makes standing, sitting or sleeping nearly impossible. The sciatic nerve is the longest and widest nerve in the human body. It begins as a series of individual nerve roots in the lower back, joins together in the buttocks extending down the legs, ending just below the knee where it splits into two different nerves that control the leg, ankle and foot. Sciatic pain is typically made worse when you sit, sneeze, cough or move your bowels. Sciatica can occur suddenly or it can develop gradually. You might also feel weakness, numbness, or a burning or tingling (“pins and needles”) sensation down your leg, possibly even in your toes. Less common symptoms might include the inability to bend your knee or move your foot and toes. What causes sciatica? Sciatica might be a symptom of a “pinched nerve” affecting one or more of the lower spinal nerve",exact_duplicate|near_duplicate|semantic_duplicate|same_template_different_content|related_but_both_valuable|false_positive|unclear
,shard_00065.parquet:8972,shard_00114.parquet:35253,1.0000004768371582,4152,4152,"Now a commercialized holiday celebrating modern Western courtship and romance, the ancient Christian origins of Saint Valentine’s Day are largely forgotten. The actual Orthodox liturgical Feast Days of Valentinos (Greek)/Valentinus (Latin) commemorate two Early Christian saints, Saint Valentine the Presbyter of Rome (July 6) and Hieromartyr Valentine the Bishop of Intermna (Terni), Italy (July 30). Although the historical records for these two saints are not complete, and what we do know about their lives has often been subjected to considerable confusion, their martyrdoms are well known to us. Because of their refusal to renounce their faith in Christ, both Valentines were imprisoned, tortured, and executed around 270, during the persecution of Christians under the Roman Emperor, Claudius II. Because they shared the same name, were contemporaries, resided near each other in central Italy, and ultimately, shared similar fates, the two Valentines’ personal histories were intermingled and conflated over the centuries, producing inconsistencies and puzzlement in many accounts of their lives. What most sources indicate, however, is that Bishop Valentine was renowned during his lifetime","Now a commercialized holiday celebrating modern Western courtship and romance, the ancient Christian origins of Saint Valentine’s Day are largely forgotten. The actual Orthodox liturgical Feast Days of Valentinos (Greek)/Valentinus (Latin) commemorate two Early Christian saints, Saint Valentine the Presbyter of Rome (July 6) and Hieromartyr Valentine the Bishop of Intermna (Terni), Italy (July 30). Although the historical records for these two saints are not complete, and what we do know about their lives has often been subjected to considerable confusion, their martyrdoms are well known to us. Because of their refusal to renounce their faith in Christ, both Valentines were imprisoned, tortured, and executed around 270, during the persecution of Christians under the Roman Emperor, Claudius II. Because they shared the same name, were contemporaries, resided near each other in central Italy, and ultimately, shared similar fates, the two Valentines’ personal histories were intermingled and conflated over the centuries, producing inconsistencies and puzzlement in many accounts of their lives. What most sources indicate, however, is that Bishop Valentine was renowned during his lifetime",exact_duplicate|near_duplicate|semantic_duplicate|same_template_different_content|related_but_both_valuable|false_positive|unclear
,shard_00029.parquet:20720,shard_00051.parquet:28663,1.0000005960464478,6614,6614,"Saturday, July 02, 2005 'The Blank Slate' Alien to Science? One way of shortening your reading list is to separate out the wheat from the chaff: those that have got the goods from those who merely promise them. Or course, fantasy can be a great read in itself: thus you know Alice in Wonderland and Bullfinch's Mythology are fictions, and enjoy them regardless. Others you would rather give a pass, such as tomes like the Enron Annual Report, or George Bush's CIA reports on WMD in Iraq. Steven Pinker's 'The Blank Slate' is thankfully one of those books. And why? Because its premise is, like Lewis Carroll's looking glass world, alien to science. To explain this out of this world claim, I will use an out of this world analogy that is unfortunately, true. Evolutionary Psychology: A Copernican Revolution! Before mankind learned to write, they thought they had the universe right. Constellations of gods and goddesses were literally painted in the sky, and the stars were fixed on a celestial sphere of crystal that spun round the earth. We were part of the equation of course, and the astro-logical course of the stars was bound to human fates in a mechanical and determined clockwork. It was all","Saturday, July 02, 2005 'The Blank Slate' Alien to Science? One way of shortening your reading list is to separate out the wheat from the chaff: those that have got the goods from those who merely promise them. Or course, fantasy can be a great read in itself: thus you know Alice in Wonderland and Bullfinch's Mythology are fictions, and enjoy them regardless. Others you would rather give a pass, such as tomes like the Enron Annual Report, or George Bush's CIA reports on WMD in Iraq. Steven Pinker's 'The Blank Slate' is thankfully one of those books. And why? Because its premise is, like Lewis Carroll's looking glass world, alien to science. To explain this out of this world claim, I will use an out of this world analogy that is unfortunately, true. Evolutionary Psychology: A Copernican Revolution! Before mankind learned to write, they thought they had the universe right. Constellations of gods and goddesses were literally painted in the sky, and the stars were fixed on a celestial sphere of crystal that spun round the earth. We were part of the equation of course, and the astro-logical course of the stars was bound to human fates in a mechanical and determined clockwork. It was all",exact_duplicate|near_duplicate|semantic_duplicate|same_template_different_content|related_but_both_valuable|false_positive|unclear
,shard_00163.parquet:34254,shard_00029.parquet:26193,0.9879684448242188,7658,7683,"What Is Woodworking? Woodworking suggests a lot of points, yet right here’s moderately uninteresting definition I came up with that most enthusiasts will most likely agree with Woodworking is a productive craft that involves cutting, shaping, and also signing up with timber to develop ornamental and/or helpful upper cabinet woodworking plans points. There is nothing physically demanding regarding woodworking and you can develop at your own pace. The fundamental concepts are basic to find out, yet it’s a leisure activity that will constantly remain fresh and challenging as your abilities develop. If you love problem-solving, you will enjoy woodworking. I’ve been at this for over 40 years and also encounter new challenges with every task I construct. It belongs to the procedure. It’s likewise rewarding to create truly awesome things for your home using your hands and mind. As a whole, woodworking is a very solitary experience: if you are a little bit introverted and love handling jobs from start to finish, you will certainly enjoy woodworking. That Are Woodworkers? There used to be two stereotypes of woodworkers. The cranky shop teacher who instructed a really dull course to children","What Is Woodworking? Woodworking implies a great deal of things, yet right here’s reasonably boring definition I thought of that most hobbyists will most likely agree with Woodworking is an efficient craft that includes cutting, shaping, as well as signing up with timber to produce attractive and/or useful fine woodworking table saw outfeed cabinet plan points. There is nothing physically demanding concerning woodworking and also you can build at your own speed. The standard concepts are basic to find out, yet it’s a leisure activity that will certainly constantly stay fresh and tough as your skills progress. If you enjoy problem-solving, you will certainly love woodworking. I have actually been at this for over 40 years as well as deal with brand-new obstacles with every task I build. It becomes part of the procedure. It’s likewise rewarding to generate actually amazing things for your home utilizing your hands as well as mind. As a whole, woodworking is a very solitary experience: if you are a little bit shy and love tackling jobs throughout, you will certainly like woodworking. That Are Woodworkers? There utilized to be two stereotypes of woodworkers. The grouchy store educator",exact_duplicate|near_duplicate|semantic_duplicate|same_template_different_content|related_but_both_valuable|false_positive|unclear
,shard_00087.parquet:11854,shard_00092.parquet:32136,0.9999995827674866,1014,1014,"Definition of Cohog 1. a quahog [n -S] - See also: quahog Click the following link to bring up a new window with an automated collection of images related to the term: Cohog Images Lexicographical Neighbors of Cohog Literary usage of Cohog Below you will find example usage of this term as found in modern and/or classical literature: 1. Poetical Works by Robert Browning, James Russell Lowell (1895) ""... lew words such as cuche, cohog, carry (portage), shoot (chute), timber (forest), bushwhack (to pull a boat along oy the bushes on the edge of a stream), ..."" 2. Excursions in North America: Described in Letters from a Gentleman and His ...by Priscilla Wakefield by Priscilla Wakefield (1806) ""... as it is completely authentic, and is conveyed in the expressive language of the Indian tribes. Page 16$, line 5, fir cohog read ..."" 3. History of Haverhill, N. H. by John Quincy Bittinger (1888) ""Hazen comes to cohog in 17112 with men ami material for saw-mill and grist-mill—Leading position—Death—Moses ...""","Definition of Cohog 1. a quahog [n -S] - See also: quahog Click the following link to bring up a new window with an automated collection of images related to the term: Cohog Images Lexicographical Neighbors of Cohog Literary usage of Cohog Below you will find example usage of this term as found in modern and/or classical literature: 1. Poetical Works by Robert Browning, James Russell Lowell (1895) ""... lew words such as cuche, cohog, carry (portage), shoot (chute), timber (forest), bushwhack (to pull a boat along oy the bushes on the edge of a stream), ..."" 2. Excursions in North America: Described in Letters from a Gentleman and His ...by Priscilla Wakefield by Priscilla Wakefield (1806) ""... as it is completely authentic, and is conveyed in the expressive language of the Indian tribes. Page 16$, line 5, fir cohog read ..."" 3. History of Haverhill, N. H. by John Quincy Bittinger (1888) ""Hazen comes to cohog in 17112 with men ami material for saw-mill and grist-mill—Leading position—Death—Moses ...""",exact_duplicate|near_duplicate|semantic_duplicate|same_template_different_content|related_but_both_valuable|false_positive|unclear
,shard_00124.parquet:44799,shard_00138.parquet:24074,1.0,5638,5638,"Charles Darwin is born. His work on how life forms evolve by natural selection will provide the organizing paradigm for biology and, increasingly, all of modern science. But you know that. And Wired.com has been there, covered that. So, while others work up a media storm to celebrate the 200th birthday of one of the giants of scientific endeavor, we'll take you on a quiet little tour of our coverage that you may have missed or may want to revisit. Here's our own selection of the fittest Darwin articles from the last few years on Wired.com. Click and evolve. Dec. 27, 1831: Beagle Sets Sail With a Very Special Passenger HMS Beagle, a 10-gun, Cherokee-class brig sloop of the Royal Navy's survey service, sets sail from Plymouth, England on its second voyage as a survey vessel. On board, at the invitation of the Beagle's captain, Robert FitzRoy, is a young biologist called Charles Darwin. Darwin's account of The Voyage of the Beagle, published in 1839, establishes him as one of the foremost naturalists of his time. Pink Iguana That Darwin Missed Holds Evolutionary Surprise A pink iguana overlooked by Charles Darwin turns up on the Galapagos Islands. The iguana's color isn't the only thi","Charles Darwin is born. His work on how life forms evolve by natural selection will provide the organizing paradigm for biology and, increasingly, all of modern science. But you know that. And Wired.com has been there, covered that. So, while others work up a media storm to celebrate the 200th birthday of one of the giants of scientific endeavor, we'll take you on a quiet little tour of our coverage that you may have missed or may want to revisit. Here's our own selection of the fittest Darwin articles from the last few years on Wired.com. Click and evolve. Dec. 27, 1831: Beagle Sets Sail With a Very Special Passenger HMS Beagle, a 10-gun, Cherokee-class brig sloop of the Royal Navy's survey service, sets sail from Plymouth, England on its second voyage as a survey vessel. On board, at the invitation of the Beagle's captain, Robert FitzRoy, is a young biologist called Charles Darwin. Darwin's account of The Voyage of the Beagle, published in 1839, establishes him as one of the foremost naturalists of his time. Pink Iguana That Darwin Missed Holds Evolutionary Surprise A pink iguana overlooked by Charles Darwin turns up on the Galapagos Islands. The iguana's color isn't the only thi",exact_duplicate|near_duplicate|semantic_duplicate|same_template_different_content|related_but_both_valuable|false_positive|unclear
,shard_00133.parquet:45426,shard_00050.parquet:43492,1.0000005960464478,14818,14818,"I’ve been using the Internet since 1997, way before the invention of popular social networking websites like Facebook and Twitter. Since then, I’ve seen my fair share of email scams, hoaxes, and other types of cyberspace spam. I’ve even fallen for some of them myself. Chances are, if you haven’t fallen victim to any of these scams, you’ve at least come pretty close. Cybercrime is a very lucrative business for Internet con artists, and this is why these scams are so prevalent across the web. Thieves are out to steal your money, and if they can’t get you to directly hand over the password to your online bank account, they’ll try to steal your identity or infect your computer with spyware – which, in turn, can be used to procure personal information to access your money. While there are many ways you can be duped online, you can arm yourself by learning to recognize the most common scams. Keep your guard up, and always keep an eye out for anything that looks suspicious. Some of the earliest forms of cybercrime were email scams, which continue to this day. Here are five of the most common types: 1. Foreign Lottery Scam The foreign lottery scam is one of the most common types of email s","I’ve been using the Internet since 1997, way before the invention of popular social networking websites like Facebook and Twitter. Since then, I’ve seen my fair share of email scams, hoaxes, and other types of cyberspace spam. I’ve even fallen for some of them myself. Chances are, if you haven’t fallen victim to any of these scams, you’ve at least come pretty close. Cybercrime is a very lucrative business for Internet con artists, and this is why these scams are so prevalent across the web. Thieves are out to steal your money, and if they can’t get you to directly hand over the password to your online bank account, they’ll try to steal your identity or infect your computer with spyware – which, in turn, can be used to procure personal information to access your money. While there are many ways you can be duped online, you can arm yourself by learning to recognize the most common scams. Keep your guard up, and always keep an eye out for anything that looks suspicious. Some of the earliest forms of cybercrime were email scams, which continue to this day. Here are five of the most common types: 1. Foreign Lottery Scam The foreign lottery scam is one of the most common types of email s",exact_duplicate|near_duplicate|semantic_duplicate|same_template_different_content|related_but_both_valuable|false_positive|unclear
,shard_00036.parquet:42021,shard_00066.parquet:3270,0.9999998211860657,11017,11017,"If there’s any one topic that gets a parenting debate going like no other, it’s screen time. We are the first generation of parents who are dealing with an increasing influx of technology and screens – phones, tablets, television, gaming consoles, watches, and numerous screen-based toys that promise to turn our kids into geniuses. While, in many ways, technology makes our lives easier – hi, Alexa – there is also a feeling of unsettle amongst parents when it comes to technology and our little kids. How bad is it? Should we slow down our kids’ introduction to screens or should we encourage it seeing as how relevant they are in schools nowadays? How much is too much? And most importantly, at least for me, how will we ever make dinner without it? It seems as though everyone you talk to has a different opinion on screen time. Most parents make rules that work for their families – from “We don’t do ANY screen time,” to “Eh, we let them watch whenever they want.” Of course, there is no right answer. The truth is that screens are seemingly unavoidable in our daily lives and, as parents, we need to know how to manage the influx of technology that is coming our way. Even the American Academy","If there’s any one topic that gets a parenting debate going like no other, it’s screen time. We are the first generation of parents who are dealing with an increasing influx of technology and screens – phones, tablets, television, gaming consoles, watches, and numerous screen-based toys that promise to turn our kids into geniuses. While, in many ways, technology makes our lives easier – hi, Alexa – there is also a feeling of unsettle amongst parents when it comes to technology and our little kids. How bad is it? Should we slow down our kids’ introduction to screens or should we encourage it seeing as how relevant they are in schools nowadays? How much is too much? And most importantly, at least for me, how will we ever make dinner without it? It seems as though everyone you talk to has a different opinion on screen time. Most parents make rules that work for their families – from “We don’t do ANY screen time,” to “Eh, we let them watch whenever they want.” Of course, there is no right answer. The truth is that screens are seemingly unavoidable in our daily lives and, as parents, we need to know how to manage the influx of technology that is coming our way. Even the American Academy",exact_duplicate|near_duplicate|semantic_duplicate|same_template_different_content|related_but_both_valuable|false_positive|unclear
,shard_00056.parquet:32370,shard_00080.parquet:33439,0.9999992251396179,1403,1403,"|Of necessity, much of the actual work of harvesting resources for true in situ resource utilization (ISRU) will have to be done robotically [Pat Rawlings/SAIC].| Birkbeck, University of London To date, all human economic activity has depended on the material and energy resources of a single planet; understandably, perhaps. It is conceivable though that future advances in space exploration could change this by opening our closed planetary economy to essentially unlimited external resources of energy and raw materials. Look up at the Moon this evening, and you might be gazing at a solution. The Earth’s closest celestial neighbour seems likely to play a major role and already a number of private companies have been created to explore the possibilities. It is important to stress that even now, 40 years after the Apollo missions, we still don’t have a complete picture of the Moon’s economic potential, and obtaining one will require a more rigorous programme of lunar exploration than has been undertaken to-date. In part, this is why proposed future lunar exploration missions (such as the recently announced Lunar Mission One) are so important. Nevertheless, as a result of work over the p","|Of necessity, much of the actual work of harvesting resources for true in situ resource utilization (ISRU) will have to be done robotically [Pat Rawlings/SAIC].| Birkbeck, University of London To date, all human economic activity has depended on the material and energy resources of a single planet; understandably, perhaps. It is conceivable though that future advances in space exploration could change this by opening our closed planetary economy to essentially unlimited external resources of energy and raw materials. Look up at the Moon this evening, and you might be gazing at a solution. The Earth’s closest celestial neighbour seems likely to play a major role and already a number of private companies have been created to explore the possibilities. It is important to stress that even now, 40 years after the Apollo missions, we still don’t have a complete picture of the Moon’s economic potential, and obtaining one will require a more rigorous programme of lunar exploration than has been undertaken to-date. In part, this is why proposed future lunar exploration missions (such as the recently announced Lunar Mission One) are so important. Nevertheless, as a result of work over the p",exact_duplicate|near_duplicate|semantic_duplicate|same_template_different_content|related_but_both_valuable|false_positive|unclear
,shard_00086.parquet:6336,shard_00125.parquet:29471,1.0000001192092896,1972,1972,"199: Right-Hand Rule Title text: To really expand your mind try some noncartesian porn. Edwin Abbot Abbott has nothing on ""Girls on Girls in Tightly Closed Nonorientable Spaces"" The right-hand rule is a mathematics and physics trick to learning how to find the cross product of two Cartesian vectors in three dimensions. First, position your right arm in the direction of the first vector (in the example diagram in the comic, this is to the left). Then, curl your fingers in the direction of the second vector (out of the page/screen, in the example). Now point your thumb perpendicular to the other fingers, and it will point in the direction of the cross product of those two vectors (upwards, in the example). Note that reversing the order of the two vectors also reverses the direction of the cross product. The joke relies on non-standard ways of measuring, which are unusual and much more impractical. To emphasize this, the third method only works for males, provided that he is not impotent, while looking at porn. It's a penis joke. The title text refers to Edwin Abbott Abbott, author of the book Flatland, a story about a two dimensional world. - [Picture of a right hand with fingers cur","199: Right-Hand Rule Title text: To really expand your mind try some noncartesian porn. Edwin Abbot Abbott has nothing on ""Girls on Girls in Tightly Closed Nonorientable Spaces"" The right-hand rule is a mathematics and physics trick to learning how to find the cross product of two Cartesian vectors in three dimensions. First, position your right arm in the direction of the first vector (in the example diagram in the comic, this is to the left). Then, curl your fingers in the direction of the second vector (out of the page/screen, in the example). Now point your thumb perpendicular to the other fingers, and it will point in the direction of the cross product of those two vectors (upwards, in the example). Note that reversing the order of the two vectors also reverses the direction of the cross product. The joke relies on non-standard ways of measuring, which are unusual and much more impractical. To emphasize this, the third method only works for males, provided that he is not impotent, while looking at porn. It's a penis joke. The title text refers to Edwin Abbott Abbott, author of the book Flatland, a story about a two dimensional world. - [Picture of a right hand with fingers cur",exact_duplicate|near_duplicate|semantic_duplicate|same_template_different_content|related_but_both_valuable|false_positive|unclear
,shard_00066.parquet:34311,shard_00035.parquet:3794,1.0,4045,4045,"Challenges for humanitarian aid Bärbel Kofler, Federal Government Commissioner for Human Rights Policy and Humanitarian Aid, believes humanitarian aid faces massive challenges globally. In recent years, the challenges to humanitarian aid have increased sharply. Crises go on for longer, and each year the need for aid grows. Moreover, given anthropogenic climate change the intensity and frequency of natural disasters is on the up, which poses additional challenges to the international community. Over 75 percent of natural disasters are already attributable to extreme weather conditions that are causing immeasurable suffering the world over. This will presumably increase still further in coming years. Particularly in the Global South, storms and floods are leaving people homeless, injured, or dead. An ever greater incidence of droughts spells more lost harvests and depleted water reserves. At the same time, there is a growing danger that people will be uprooted by the consequences of climate change and natural disasters. Violation of humanitarian principles Moreover, the “humanitarian space”, namely the scope for humanitarian organisations and helpers, is being curtailed ever more by","Challenges for humanitarian aid Bärbel Kofler, Federal Government Commissioner for Human Rights Policy and Humanitarian Aid, believes humanitarian aid faces massive challenges globally. In recent years, the challenges to humanitarian aid have increased sharply. Crises go on for longer, and each year the need for aid grows. Moreover, given anthropogenic climate change the intensity and frequency of natural disasters is on the up, which poses additional challenges to the international community. Over 75 percent of natural disasters are already attributable to extreme weather conditions that are causing immeasurable suffering the world over. This will presumably increase still further in coming years. Particularly in the Global South, storms and floods are leaving people homeless, injured, or dead. An ever greater incidence of droughts spells more lost harvests and depleted water reserves. At the same time, there is a growing danger that people will be uprooted by the consequences of climate change and natural disasters. Violation of humanitarian principles Moreover, the “humanitarian space”, namely the scope for humanitarian organisations and helpers, is being curtailed ever more by",exact_duplicate|near_duplicate|semantic_duplicate|same_template_different_content|related_but_both_valuable|false_positive|unclear
,shard_00166.parquet:31113,shard_00128.parquet:39579,1.0000004768371582,2352,2352,"Green infrastructure stormwater systems use natural processes and green technologies to manage stormwater and improve water quality. About Stormwater Systems Also referred to as Low Impact Development, green stormwater infrastructure intercepts, absorbs, and holds stormwater, helping reduce the amount of runoff entering sewers during rain events. By absorbing rain where it falls, it decreases the untreated runoff discharged into water bodies from combined sewer system overflow events. The absorption and storage process also filters pollutants which improves water quality. Examples of these systems include: - Permeable pavement; - Rain gardens; - Stream naturalization; and, - Downspout disconnection. What are the Benefits of Stormwater Systems? Adaptation: Green infrastructure stormwater systems help manage the impacts of severe weather, particularly from increased precipitation. Flooding: Green infrastructure stormwater systems mitigate flood risk by providing permeable surfaces for stormwater to be absorbed into the ground. Water Cycle: Green infrastructure stormwater systems absorb rain water, which helps sustain infiltration to aquifers, recharge groundwater reserves and maintai","Green infrastructure stormwater systems use natural processes and green technologies to manage stormwater and improve water quality. About Stormwater Systems Also referred to as Low Impact Development, green stormwater infrastructure intercepts, absorbs, and holds stormwater, helping reduce the amount of runoff entering sewers during rain events. By absorbing rain where it falls, it decreases the untreated runoff discharged into water bodies from combined sewer system overflow events. The absorption and storage process also filters pollutants which improves water quality. Examples of these systems include: - Permeable pavement; - Rain gardens; - Stream naturalization; and, - Downspout disconnection. What are the Benefits of Stormwater Systems? Adaptation: Green infrastructure stormwater systems help manage the impacts of severe weather, particularly from increased precipitation. Flooding: Green infrastructure stormwater systems mitigate flood risk by providing permeable surfaces for stormwater to be absorbed into the ground. Water Cycle: Green infrastructure stormwater systems absorb rain water, which helps sustain infiltration to aquifers, recharge groundwater reserves and maintai",exact_duplicate|near_duplicate|semantic_duplicate|same_template_different_content|related_but_both_valuable|false_positive|unclear
,shard_00010.parquet:35936,shard_00103.parquet:39987,1.0,3853,3853,"The Impact of the Children’s Health Insurance Program (CHIP): What Does the Research Tell Us? The Children’s Health Insurance Program (CHIP) was established in 1997 to provide coverage for uninsured children who are low-income but above the cut-off for Medicaid eligibility. In 2009, Congress reauthorized and extended federal funding for CHIP, and the Affordable Care Act (ACA) extended CHIP funding further, through FY 2015. If Congress does not act, federal funding for CHIP will expire a little over a year from now. Decisions about CHIP’s future will be consequential as more than 8 million low-income children were covered by CHIP at some point during 2012. CHIP and Medicaid combined cover more than 1 in every 3 children in the U.S. To help inform the debate about CHIP’s future, this brief reviews data and a large body of research about the impact of Medicaid and CHIP on low-income children. The evidence can be summarized as follows: - Coverage: Medicaid and CHIP have significantly expanded health coverage among U.S. children and provided a coverage safety-net for children in working families during economic downturns. From 1997, when CHIP was enacted, to 2012, the uninsured rate for","The Impact of the Children’s Health Insurance Program (CHIP): What Does the Research Tell Us? The Children’s Health Insurance Program (CHIP) was established in 1997 to provide coverage for uninsured children who are low-income but above the cut-off for Medicaid eligibility. In 2009, Congress reauthorized and extended federal funding for CHIP, and the Affordable Care Act (ACA) extended CHIP funding further, through FY 2015. If Congress does not act, federal funding for CHIP will expire a little over a year from now. Decisions about CHIP’s future will be consequential as more than 8 million low-income children were covered by CHIP at some point during 2012. CHIP and Medicaid combined cover more than 1 in every 3 children in the U.S. To help inform the debate about CHIP’s future, this brief reviews data and a large body of research about the impact of Medicaid and CHIP on low-income children. The evidence can be summarized as follows: - Coverage: Medicaid and CHIP have significantly expanded health coverage among U.S. children and provided a coverage safety-net for children in working families during economic downturns. From 1997, when CHIP was enacted, to 2012, the uninsured rate for",exact_duplicate|near_duplicate|semantic_duplicate|same_template_different_content|related_but_both_valuable|false_positive|unclear
,shard_00067.parquet:14839,shard_00109.parquet:12102,1.0000001192092896,812,812,"“Gilbert writes so well that you half-suspect he could give up the day job.” The Independent. This dramatic version of Robert Louis Stevenson’s novel, “The Strange Case of Dr Jekyll & Mr Hyde”, brings out the full horror of the original story as well as being a compelling play in its own right. Stevenson’s narrative has been adapted so that six actors can perform it. This is the only stage version which is genuinely faithful to the text, using Stevenson’s words where appropriate, as well as his chapter headings. It would be ideal for students to perform in small groups, particularly if they find the original text difficult to understand. There are comprehension questions and creative tasks to answer on every scene so that students can check their understanding and develop their own personal responses.","“Gilbert writes so well that you half-suspect he could give up the day job.” The Independent. This dramatic version of Robert Louis Stevenson’s novel, “The Strange Case of Dr Jekyll & Mr Hyde”, brings out the full horror of the original story as well as being a compelling play in its own right. Stevenson’s narrative has been adapted so that six actors can perform it. This is the only stage version which is genuinely faithful to the text, using Stevenson’s words where appropriate, as well as his chapter headings. It would be ideal for students to perform in small groups, particularly if they find the original text difficult to understand. There are comprehension questions and creative tasks to answer on every scene so that students can check their understanding and develop their own personal responses.",exact_duplicate|near_duplicate|semantic_duplicate|same_template_different_content|related_but_both_valuable|false_positive|unclear
,shard_00139.parquet:9383,shard_00106.parquet:38758,0.9964063167572021,7635,7439,"Phlebotomists work in numerous places including laboratories, hospitals, medical offices and clinics. To be a phlebotomist, an individual must be patient, compassionate, have the ability to keep up with a fast-paced work environment and possess excellent communication skills. I Know I Want to Be a Phlebotomist, How do I Begin My Career? To begin your career as a phlebotomist, you must obtain a certificate from a Phlebotomy Certificate Program. How Long Will That Take? These certificate programs are very quick, usually only taking about four months. Once the program has been completed, you can sit for one of the national certification exams. Does a Phlebotomy Certificate Program Qualify as a College Unit Course? Generally, it does not. It is a program that awards the graduate a Phlebotomy Technician certificate/diploma. What is the Curriculum Like for a Phlebotomy Certificate Program? Subjects that are covered in these kinds of programs vary depending on which school you attend. Below is a list of the kinds of courses that will most likely be offered by the majority of schools. Anatomy & Physiology Overview This course will help you understand the various systems and structure of th","Phlebotomists work in numerous places including laboratories, hospitals, medical offices and clinics. To be a phlebotomist, an individual must be patient, compassionate, have the ability to keep up with a fast-paced work environment and possess excellent communication skills. I Know I Want to Be a Phlebotomist, How do I Begin My Career? To begin your career as a phlebotomist, you must obtain a certificate from a Phlebotomy Certificate Program. How Long Will That Take? These certificate programs are very quick, usually only taking about four months. Once the program has been completed, you can sit for one of the national certification exams. Does a Phlebotomy Certificate Program Qualify as a College Unit Course? Generally, it does not. It is a program that awards the graduate a Phlebotomy Technician certificate/diploma. What is the Curriculum Like for a Phlebotomy Certificate Program? Subjects that are covered in these kinds of programs vary depending on which school you attend. Below is a list of the kinds of courses that will most likely be offered by the majority of schools. Anatomy & Physiology Overview This course will help you understand the various systems and structure of th",exact_duplicate|near_duplicate|semantic_duplicate|same_template_different_content|related_but_both_valuable|false_positive|unclear
,shard_00068.parquet:13835,shard_00164.parquet:9756,0.9865848422050476,17883,18168,"By Rayana Godfrey Teenagers often feel misunderstood. It’s a hard time of life – somewhere between childhood and adulthood, not quite one or the other – with a future that is at once uncertain, exciting, and overwhelming. It’s no wonder that they can seem ungrateful for what’s going on in the present – and that’s something researchers have found repeatedly. Youth Radio’s Rayana Godfrey decided to take that presumption on in this report on the science of. * * * RAYANA GODFREY: My mom would kill me if I ever acted like the kid in this popular YouTube video: TEEN (from YouTube): I’m going to run away, you’ll never see me again. I swear. This teenage boy is throwing a tantrum because his mom said he couldn’t play his videogames anymore. To you, it might seem a little excessive – there are worse things than losing game privileges. But according to scientific studies, his lack of gratitude makes him pretty normal. In gratitude surveys, the only people who score lower than teenagers are people with post-traumatic stress disorder. GIACOMO BONO: I mean, it’s just unavoidable. Giacomo Bono, a professor at Cal State Dominguez Hills, studies gratitude among adolescents. He rejects the argument","Posts filtered on Category By Rayana Godfrey Teenagers often feel misunderstood. It’s a hard time of life – somewhere between childhood and adulthood, not quite one or the other – with a future that is at once uncertain, exciting, and overwhelming. It’s no wonder that they can seem ungrateful for what’s going on in the present – and that’s something researchers have found repeatedly. Youth Radio’s Rayana Godfrey decided to take that presumption on in this report on the science of. * * * RAYANA GODFREY: My mom would kill me if I ever acted like the kid in this popular YouTube video: TEEN (from YouTube): I’m going to run away, you’ll never see me again. I swear. This teenage boy is throwing a tantrum because his mom said he couldn’t play his videogames anymore. To you, it might seem a little excessive – there are worse things than losing game privileges. But according to scientific studies, his lack of gratitude makes him pretty normal. In gratitude surveys, the only people who score lower than teenagers are people with post-traumatic stress disorder. GIACOMO BONO: I mean, it’s just unavoidable. Giacomo Bono, a professor at Cal State Dominguez Hills, studies gratitude among adolescen",exact_duplicate|near_duplicate|semantic_duplicate|same_template_different_content|related_but_both_valuable|false_positive|unclear
,shard_00004.parquet:15754,shard_00053.parquet:50608,0.9999995827674866,2937,2937,"This afternoon I went to a twilight seminar for a range of professionals. We heard about the findings of a critical review of the literature on children and young people’s views on the factors that influence their mental health. One of the authors, Jenny Spratt, summarised the findings of the review’s 137 pages and we were then encouraged to reflect on how they relate to and can inform practice with young people, whether at school or in the wider community. The four most important influences for young people emerging from the review are all familiar territory for speech and language therapists: - Social relationships - A need to feel normal and fit in - Control over choices. One of the attendees talked about the challenges of finding the right language to use with young people to discuss their mental health and wellbeing. Jenny has found simple concepts such as ‘good’ / ‘bad’ can be the most effective. By coincidence, earlier on today I had an order for a 2010 article by Yvonne Macleman. It examines how speech and language therapists can work with Child & Adolescent Mental Health Services using Talking Mats to facilitate accurate mental state assessments in young people with speech","This afternoon I went to a twilight seminar for a range of professionals. We heard about the findings of a critical review of the literature on children and young people’s views on the factors that influence their mental health. One of the authors, Jenny Spratt, summarised the findings of the review’s 137 pages and we were then encouraged to reflect on how they relate to and can inform practice with young people, whether at school or in the wider community. The four most important influences for young people emerging from the review are all familiar territory for speech and language therapists: - Social relationships - A need to feel normal and fit in - Control over choices. One of the attendees talked about the challenges of finding the right language to use with young people to discuss their mental health and wellbeing. Jenny has found simple concepts such as ‘good’ / ‘bad’ can be the most effective. By coincidence, earlier on today I had an order for a 2010 article by Yvonne Macleman. It examines how speech and language therapists can work with Child & Adolescent Mental Health Services using Talking Mats to facilitate accurate mental state assessments in young people with speech",exact_duplicate|near_duplicate|semantic_duplicate|same_template_different_content|related_but_both_valuable|false_positive|unclear
,shard_00037.parquet:39893,shard_00076.parquet:45279,1.0000004768371582,1594,1594,"|Click here to view the item| |Title:||Equal access to public accommodations| Section of online exhibit focusing on efforts to overcome discrimination in public accommodations ranging from the 1944 Irene Morgan court case against segregated seating on buses to the 1961 sit-ins and the 1964 Civil Rights Act. The page includes ten black-and-white photographs and one newspaper article from the Virginia Historical Society, the Richmond Times-Dispatch, and the Valentine Richmond History Center. The Civil Rights Digital Library received support from a National Leadership Grant for Libraries awarded to the University of Georgia by the Institute of Museum and Library Services for the aggregation and enhancement of partner metadata. |Types:||Black-and-white photographs | Newspapers | Web sites| |Subjects:||African Americans--Segregation--Virginia | Civil rights movements--Virginia | African Americans--Civil rights--Virginia | Discrimination in public accommodations--Virginia | Segregation in transportation--Virginia | Virginia| |Collection:||Civil Rights Movement in Virginia : An Exhibition on Display February 7 - June 19, 2004| |Institution:||Virginia Historical Society| |Contributors:||Vi","|Click here to view the item| |Title:||Equal access to public accommodations| Section of online exhibit focusing on efforts to overcome discrimination in public accommodations ranging from the 1944 Irene Morgan court case against segregated seating on buses to the 1961 sit-ins and the 1964 Civil Rights Act. The page includes ten black-and-white photographs and one newspaper article from the Virginia Historical Society, the Richmond Times-Dispatch, and the Valentine Richmond History Center. The Civil Rights Digital Library received support from a National Leadership Grant for Libraries awarded to the University of Georgia by the Institute of Museum and Library Services for the aggregation and enhancement of partner metadata. |Types:||Black-and-white photographs | Newspapers | Web sites| |Subjects:||African Americans--Segregation--Virginia | Civil rights movements--Virginia | African Americans--Civil rights--Virginia | Discrimination in public accommodations--Virginia | Segregation in transportation--Virginia | Virginia| |Collection:||Civil Rights Movement in Virginia : An Exhibition on Display February 7 - June 19, 2004| |Institution:||Virginia Historical Society| |Contributors:||Vi",exact_duplicate|near_duplicate|semantic_duplicate|same_template_different_content|related_but_both_valuable|false_positive|unclear
,shard_00134.parquet:47334,shard_00140.parquet:2254,0.970020592212677,7418,4660,"Combustible dust, also known as explosive dust, cleaning is a required preventative maintenance program in manufacturing and production facilities to prevent safety hazards, possible fires and explosions. This type of cleaning also helps preserve proper indoor air quality (IAQ). Combustible dust is fine particulate dust, which is generated from wood, metal, grain, agricultural, chemical, plastic, paper and carbonaceous products. Manufacturing and production facilities'' equipment and machinery often pulverize, mill, grind, crush, macerate and cut bulk product. In return, dust is generated and accumulates on all equipment and facility structure surfaces. The fine powder dust, which is suspended on higher, inaccessible and unnoticeable surfaces, is the most problematic. Combustible dust can impact the facility''s workers'' health, leading to illnesses and injuries. The Bureau of Labor Statistics reports that 6.1 percent of private-sector employees suffered 5.7 million workplace injuries and illnesses in 2000. Forty-six percent of those injury cases required days away from work for recuperation or restricted work activity. J. Paul Leigh of the Stanford Medical Center notes that busine","Combustible dust, also known as explosive dust. Cleaning is a required preventative maintenance program in manufacturing and production facilities to prevent safety hazards, possible fires and explosions. This type of cleaning also helps preserve proper indoor air quality (IAQ). Combustible dust is fine particulate dust, which is generated from wood, metal, grain, agricultural, chemical, plastic, paper and carbonaceous products. Manufacturing and production facilities’ equipment and machinery often pulverize, mill, grind, crush, macerate and cut bulk product. In return, dust is generated and accumulates on all equipment and facility structure surfaces. The fine powder dust, which is suspended on higher, inaccessible and unnoticeable surfaces, is the most problematic. Combustible dust can impact the facility’s workers’ health, leading to illnesses and injuries. Where To Target Some of the cleaning services that may be required to control combustible dust and areas to target include: - High ceilings and surfaces - Heating, ventilation and air conditioning (HVAC) systems - Dust collectors - Conveyor belts - Silo tanks - Lab fume hood cleaning - Dust control vacuuming. These services h",exact_duplicate|near_duplicate|semantic_duplicate|same_template_different_content|related_but_both_valuable|false_positive|unclear
,shard_00031.parquet:53769,shard_00062.parquet:23679,1.0000008344650269,4290,4290,"The importance of becoming a citizen of the world is crystal clear when we step out of our comfort zone. Suddenly things don’t look so black and white. We can see the shades of grey and appreciate them. If we want to raise children who can compete with the rest of the world, they need to have a global mindset. 9 Ways to Ensure Kids Have a Global Mindset Being a connected to the rest of humanity must start with experiences people, places and ideas contrary to your own. Travel as much and as far as you can with your kids. Be sure to travel to see many different cultures, especially ones that are vastly different from yours. It’s not enough to just touch down in a different country or culture, you have to immerse yourself in it. While staying at an exclusive all-inclusive resort is wonderful, it probably won’t give you a real sense of the place. Try to experience the local customs, foods, music, languages and people. It’s important not be a voyeur though. You shouldn’t be there to judge anyone. Learn a New Language When at all possible, teach your kids multiple languages. Being able to talk to people in their own language is key. Some things just can’t be translated. The saying “lost","The importance of becoming a citizen of the world is crystal clear when we step out of our comfort zone. Suddenly things don’t look so black and white. We can see the shades of grey and appreciate them. If we want to raise children who can compete with the rest of the world, they need to have a global mindset. 9 Ways to Ensure Kids Have a Global Mindset Being a connected to the rest of humanity must start with experiences people, places and ideas contrary to your own. Travel as much and as far as you can with your kids. Be sure to travel to see many different cultures, especially ones that are vastly different from yours. It’s not enough to just touch down in a different country or culture, you have to immerse yourself in it. While staying at an exclusive all-inclusive resort is wonderful, it probably won’t give you a real sense of the place. Try to experience the local customs, foods, music, languages and people. It’s important not be a voyeur though. You shouldn’t be there to judge anyone. Learn a New Language When at all possible, teach your kids multiple languages. Being able to talk to people in their own language is key. Some things just can’t be translated. The saying “lost",exact_duplicate|near_duplicate|semantic_duplicate|same_template_different_content|related_but_both_valuable|false_positive|unclear
,shard_00022.parquet:9285,shard_00086.parquet:15668,1.000000238418579,1024,1024,"Collier's New Encyclopedia (1921)/Eads, James Buchanan EADS, JAMES BUCHANAN, an American engineer; born in Lawrenceburg, Ind., May 23, 1820. He early designed some useful boats for raising sunken steamers, and in 1861, when called to advise the National Government, constructed within 100 days eight ironclad steamers for use on the Mississippi and its tributaries. He afterward built a number of other ironclads and mortar-boats. His steel arch bridge (1867-1874) across the Mississippi at St. Louis, with its central arch embracing a clear span of 520 feet, ranks deservedly among the notable bridges of the world; his works for improving the South Pass of the Mississippi delta were successfully completed in 1875-1879; and his great plan for deepening the river as far as the mouth of the Ohio by means of jetties, has been demonstrated to be entirely practicable. In 1884 he received the Albert Medal of the Society of Arts, being the first American citizen so honored. He died in Nassau, New Providence, March 8, 1887.","Collier's New Encyclopedia (1921)/Eads, James Buchanan EADS, JAMES BUCHANAN, an American engineer; born in Lawrenceburg, Ind., May 23, 1820. He early designed some useful boats for raising sunken steamers, and in 1861, when called to advise the National Government, constructed within 100 days eight ironclad steamers for use on the Mississippi and its tributaries. He afterward built a number of other ironclads and mortar-boats. His steel arch bridge (1867-1874) across the Mississippi at St. Louis, with its central arch embracing a clear span of 520 feet, ranks deservedly among the notable bridges of the world; his works for improving the South Pass of the Mississippi delta were successfully completed in 1875-1879; and his great plan for deepening the river as far as the mouth of the Ohio by means of jetties, has been demonstrated to be entirely practicable. In 1884 he received the Albert Medal of the Society of Arts, being the first American citizen so honored. He died in Nassau, New Providence, March 8, 1887.",exact_duplicate|near_duplicate|semantic_duplicate|same_template_different_content|related_but_both_valuable|false_positive|unclear
,shard_00168.parquet:15069,shard_00113.parquet:21693,0.9999992251396179,1894,1894,"Architect Vincent Callebaut’s latest project balances public galleries, meeting rooms and gathering spaces over canals and abandoned railroad tracks in the 19th Parisian district. The prototype uses green technologies and techniques but is more than just an example of sustainable design. Callebaut’s ‘Anti Smog: An Innovation Centre in Sustainable Development’ is a catalyst for cleaner air. The project centers on the “Solar Drop”, an elliptical structure perched over the unused railroad tracks. The exterior is fitted with 250 square meters of solar photovoltaic panels and coated in titanium dioxide (TiO2). The PV system produces on-site electrical energy while the TiO2 coating works with ultraviolet radiation to interact with particulates in the air, break down organics and reduce air born pollutants and contaminants. Callebaut describes the process as an intention to “absorb and recycle by photo-catalytic effect the cloud of harmful gases (Smog) from the intense traffic near Paris.” Under the smog eating exterior, the building houses public spaces with a central courtyard and natural lagoon, a place Callebaut envisions for teaching opportunities about urban ecology and renewable en","Architect Vincent Callebaut’s latest project balances public galleries, meeting rooms and gathering spaces over canals and abandoned railroad tracks in the 19th Parisian district. The prototype uses green technologies and techniques but is more than just an example of sustainable design. Callebaut’s ‘Anti Smog: An Innovation Centre in Sustainable Development’ is a catalyst for cleaner air. The project centers on the “Solar Drop”, an elliptical structure perched over the unused railroad tracks. The exterior is fitted with 250 square meters of solar photovoltaic panels and coated in titanium dioxide (TiO2). The PV system produces on-site electrical energy while the TiO2 coating works with ultraviolet radiation to interact with particulates in the air, break down organics and reduce air born pollutants and contaminants. Callebaut describes the process as an intention to “absorb and recycle by photo-catalytic effect the cloud of harmful gases (Smog) from the intense traffic near Paris.” Under the smog eating exterior, the building houses public spaces with a central courtyard and natural lagoon, a place Callebaut envisions for teaching opportunities about urban ecology and renewable en",exact_duplicate|near_duplicate|semantic_duplicate|same_template_different_content|related_but_both_valuable|false_positive|unclear
,shard_00126.parquet:31698,shard_00144.parquet:23906,0.9999999403953552,2539,2539,"Wireless mining sensor networks are the latest step in the evolution of mine monitoring. In order to continually monitor geological and geomechanical factors inside underground mines and assess potential safety and productivity risks posed by rapid or out-of-safe-range changes in these factors, many modern underground mines install a variety of geotechnical and related monitoring instruments. Some of the types of instruments commonly used for geotechnical monitoring are: - Multi-Point Borehole Extensometers - Instrumented Cable Bolts - Spun-in Cable Bolts (Maclean Bolter) - Ground Movement Monitors - Thermistor Strings In the past, monitoring instruments often contained a gauge or similar item to allow for data reading. Of course, this meant that a personnel member had to visit each instrument on a regular basis to read and manually record the data. This made gathering data a very slow process indeed. Later on, many instruments contained a digital readout head, making the data easier to gather and more accurate (no risk of a user accidentally writing down a wrong reading). However, it was still necessary for a staff member to visit each instrument and gather information by connecti","Wireless mining sensor networks are the latest step in the evolution of mine monitoring. In order to continually monitor geological and geomechanical factors inside underground mines and assess potential safety and productivity risks posed by rapid or out-of-safe-range changes in these factors, many modern underground mines install a variety of geotechnical and related monitoring instruments. Some of the types of instruments commonly used for geotechnical monitoring are: - Multi-Point Borehole Extensometers - Instrumented Cable Bolts - Spun-in Cable Bolts (Maclean Bolter) - Ground Movement Monitors - Thermistor Strings In the past, monitoring instruments often contained a gauge or similar item to allow for data reading. Of course, this meant that a personnel member had to visit each instrument on a regular basis to read and manually record the data. This made gathering data a very slow process indeed. Later on, many instruments contained a digital readout head, making the data easier to gather and more accurate (no risk of a user accidentally writing down a wrong reading). However, it was still necessary for a staff member to visit each instrument and gather information by connecti",exact_duplicate|near_duplicate|semantic_duplicate|same_template_different_content|related_but_both_valuable|false_positive|unclear
,shard_00082.parquet:6433,shard_00145.parquet:48671,0.9917507171630859,796,745,"Wikijunior:Summer Flowers of Northern New England/Taraxacum officinale< Wikijunior:Summer Flowers of Northern New England The Common Dandelion is one of the most easily recognizable flowers in the United States. But be careful! There are a lot of other flowers that look like the Common Dandelion, but aren't. To be sure, check the stem and make sure it's both round and hollow. There should be only one flower on each stem. When you break the stem, a milky sap should ooze out. Then check the leaves. They should not be hairy, but they should have jagged edges shaped like a lion's teeth. In fact, that's what the word dandelion means - tooth of the lion. It is fun to pick a ripe seed head and blow all the seeds off the stem. You can also tie the stems of the flowers together to form a chain.","Wikijunior:Summer Flowers of Northern New England/Taraxacum officinale The Common Dandelion is one of the most easily recognizable flowers in the United States. But be careful! There are a lot of other flowers that look like the Common Dandelion, but aren't. To be sure, check the stem and make sure it's both round and hollow. There should be only one flower on each stem. When you break the stem, a milky sap should ooze out. Then check the leaves. They should not be hairy, but they should have jagged edges shaped like a lion's teeth. In fact, that's what the word dandelion means - tooth of the lion. It is fun to pick a ripe seed head and blow all the seeds off the stem. You can also tie the stems of the flowers together to form a chain.",exact_duplicate|near_duplicate|semantic_duplicate|same_template_different_content|related_but_both_valuable|false_positive|unclear
,shard_00156.parquet:37007,shard_00128.parquet:10233,1.0000004768371582,9796,9796,"The Coanda effect In 1910, a young Romanian born engineer named Henri Coanda tested a plane that he had designed and built powered by a gasoline engine-driven centrifugal compressor, a compression chamber, and nozzle – which many call the first jet engine. Coanda put metal plates between the hot jet gases and the plywood fuselage. He expected that the jet would be deflected away from the fuselage but instead it deflected onto the plates, ran along them, and set the fuselage on fire. Amazed by what was going on – which is now known as the Coanda effect – he failed to notice that he was headed straight for a wall. At the last second he noticed the wall, pulled back the stick, just barely cleared it, and was thrown clear as the plane went up in flames. He spent much of the next 20 years studying the phenomenon of ejecting a jet from a narrow slot over a surface. Coanda jets are created by blowing a moderate to high pressure gas or liquid through a narrow slot over a surface. The velocity of the jet evacuates the layer of fluid between it and the surface. The low-pressure region between the jet and the surface cannot be relieved by ambient inflow, however, because the ambient fluid is","The Coanda effect In 1910, a young Romanian born engineer named Henri Coanda tested a plane that he had designed and built powered by a gasoline engine-driven centrifugal compressor, a compression chamber, and nozzle – which many call the first jet engine. Coanda put metal plates between the hot jet gases and the plywood fuselage. He expected that the jet would be deflected away from the fuselage but instead it deflected onto the plates, ran along them, and set the fuselage on fire. Amazed by what was going on – which is now known as the Coanda effect – he failed to notice that he was headed straight for a wall. At the last second he noticed the wall, pulled back the stick, just barely cleared it, and was thrown clear as the plane went up in flames. He spent much of the next 20 years studying the phenomenon of ejecting a jet from a narrow slot over a surface. Coanda jets are created by blowing a moderate to high pressure gas or liquid through a narrow slot over a surface. The velocity of the jet evacuates the layer of fluid between it and the surface. The low-pressure region between the jet and the surface cannot be relieved by ambient inflow, however, because the ambient fluid is",exact_duplicate|near_duplicate|semantic_duplicate|same_template_different_content|related_but_both_valuable|false_positive|unclear
,shard_00071.parquet:26450,shard_00010.parquet:14677,0.9855342507362366,36565,36447,"THE PERPETUATION OF LIVING BEINGS, HEREDITARY TRANSMISSION AND VARIATION Lecture III. (of VI.), ""Lectures To Working Men"", at the Museum of Practical Geology, 1863, On Darwin's work: ""Origin of Species"". By Thomas H. Huxley The inquiry which we undertook, at our last meeting, into the state of our knowledge of the causes of the phenomena of organic nature,—of the past and of the present,—resolved itself into two subsidiary inquiries: the first was, whether we know anything, either historically or experimentally, of the mode of origin of living beings; the second subsidiary inquiry was, whether, granting the origin, we know anything about the perpetuation and modifications of the forms of organic beings. The reply which I had to give to the first question was altogether negative, and the chief result of my last lecture was, that, neither historically nor experimentally, do we at present know anything whatsoever about the origin of living forms. We saw that, historically, we are not likely to know anything about it, although we may perhaps learn something experimentally; but that at present we are an enormous distance from the goal I indicated. I now, then, take up the next question,","THE PERPETUATION OF LIVING BEINGS, HEREDITARY TRANSMISSION AND VARIATION By Thomas Henry Huxley The inquiry which we undertook, at our last meeting, into the state of our knowledge of the causes of the phenomena of organic nature,—of the past and of the present,—resolved itself into two subsidiary inquiries: the first was, whether we know anything, either historically or experimentally, of the mode of origin of living beings; the second subsidiary inquiry was, whether, granting the origin, we know anything about the perpetuation and modifications of the forms of organic beings. The reply which I had to give to the first question was altogether negative, and the chief result of my last lecture was, that, neither historically nor experimentally, do we at present know anything whatsoever about the origin of living forms. We saw that, historically, we are not likely to know anything about it, although we may perhaps learn something experimentally; but that at present we are an enormous distance from the goal I indicated. I now, then, take up the next question, What do we know of the reproduction, the perpetuation, and the modifications of the forms of living beings, supposing that we h",exact_duplicate|near_duplicate|semantic_duplicate|same_template_different_content|related_but_both_valuable|false_positive|unclear
,shard_00147.parquet:36744,shard_00154.parquet:1179,0.9999997615814209,2127,2127,"Norway spruce (Picea abies) is a medium to large evergreen tree with ascending branches and drooping twigs. Needles are rigid and dark green. Their cross-section is square. Twigs are stout, orange brown, and usually naked. Cones are long and narrow with scales pointed and slightly toothed. Native to Europe, the Norway spruce is extremely common in cultivation with hundreds of cultivars. Widely planted for its commercial value (the most used softwood and pulpwood tree in Europe) and stately garden features. Also used for Christmas tree in Europe. The genus name arises from the Latin word pix meaning “pitch” in reference to the sticky resin typically found in spruce bark. The specific epithet refers to the genus Abies (fir). The wood of the Norway spruce is relatively light weight but also inflexible and therefore well suited for the fabrication of musical instruments. Stradivarius used wood of Norway spruces from the Italian Alps known for their exceptional stiffness to build his famous violins in Cremona . Common name: Norway spruce Scientific Name (family and order): Picea abies (Linnaeus) Karsten (Pinaceae, Pinales) Species Origin: Europe New Jersey Status: USDA Introduced Habit:","Norway spruce (Picea abies) is a medium to large evergreen tree with ascending branches and drooping twigs. Needles are rigid and dark green. Their cross-section is square. Twigs are stout, orange brown, and usually naked. Cones are long and narrow with scales pointed and slightly toothed. Native to Europe, the Norway spruce is extremely common in cultivation with hundreds of cultivars. Widely planted for its commercial value (the most used softwood and pulpwood tree in Europe) and stately garden features. Also used for Christmas tree in Europe. The genus name arises from the Latin word pix meaning “pitch” in reference to the sticky resin typically found in spruce bark. The specific epithet refers to the genus Abies (fir). The wood of the Norway spruce is relatively light weight but also inflexible and therefore well suited for the fabrication of musical instruments. Stradivarius used wood of Norway spruces from the Italian Alps known for their exceptional stiffness to build his famous violins in Cremona . Common name: Norway spruce Scientific Name (family and order): Picea abies (Linnaeus) Karsten (Pinaceae, Pinales) Species Origin: Europe New Jersey Status: USDA Introduced Habit:",exact_duplicate|near_duplicate|semantic_duplicate|same_template_different_content|related_but_both_valuable|false_positive|unclear
,shard_00001.parquet:8561,shard_00043.parquet:33259,0.9999997615814209,7156,7156,"A food allergy or sensitivity occurs when there is an adverse reaction to the ingestion of a food. The allergic reaction may or may not be mediated (controlled and influenced) by the immune system. The allergic reaction may be caused by a protein, starch, or other food component, or by a contaminant found in the food (colorings, preservatives, etc.). Food allergies are associated with a multitude of symptoms and health conditions: |Gastrointestinal||Canker sores, celiac disease, chronic diarrhea, duodenal ulcer, gastritis, irritable bowel syndrome, malabsorption, ulcerative colitis| |Genitourinary||Bed-wetting, chronic bladder infections, nephrosis| |Immune||Chronic infections, frequent ear infections| |Mental/emotional||Anxiety, depression, hyperactivity, inability to concentrate, insomnia, irritability, mental confusion, personality change, seizures| |Musculoskeletal||Bursitis, joint pain, low back pain| |Respiratory||Asthma, chronic bronchitis, wheezing| |Skin||Acne, eczema, hives, itching, skin rash| |Miscellaneous||Arrhythmia, edema, fainting, fatigue, headache, hypoglycemia, itchy nose or throat, migraines, sinusitis| What causes Food Allergy? Food allergy is often inherited.","A food allergy or sensitivity occurs when there is an adverse reaction to the ingestion of a food. The allergic reaction may or may not be mediated (controlled and influenced) by the immune system. The allergic reaction may be caused by a protein, starch, or other food component, or by a contaminant found in the food (colorings, preservatives, etc.). Food allergies are associated with a multitude of symptoms and health conditions: |Gastrointestinal||Canker sores, celiac disease, chronic diarrhea, duodenal ulcer, gastritis, irritable bowel syndrome, malabsorption, ulcerative colitis| |Genitourinary||Bed-wetting, chronic bladder infections, nephrosis| |Immune||Chronic infections, frequent ear infections| |Mental/emotional||Anxiety, depression, hyperactivity, inability to concentrate, insomnia, irritability, mental confusion, personality change, seizures| |Musculoskeletal||Bursitis, joint pain, low back pain| |Respiratory||Asthma, chronic bronchitis, wheezing| |Skin||Acne, eczema, hives, itching, skin rash| |Miscellaneous||Arrhythmia, edema, fainting, fatigue, headache, hypoglycemia, itchy nose or throat, migraines, sinusitis| What causes Food Allergy? Food allergy is often inherited.",exact_duplicate|near_duplicate|semantic_duplicate|same_template_different_content|related_but_both_valuable|false_positive|unclear
,shard_00124.parquet:39826,shard_00155.parquet:2695,1.0000001192092896,4968,4968,"Addiction is a chronic, relapsing disorder affecting two million people in the UK. It is a persistent disorder of brain function in which compulsive drug use occurs despite serious negative consequences for the afflicted individual. The initial impetus for drug taking is for the euphoria, but in chronic substance abuse, withdrawal of the drug often leads to antonymous symptoms that can be both psychological, such as dysphoria, and physiological, such as vomiting and shaking. This negative reinforcement drives the addict to seek out the drug to ameliorate the negative side effects associated with withdrawal. Over 40 years ago, The Misuse of Drugs Act 1971 introduced penalties for the possession and consumption of prohibited drugs. The recent debate in the House of Commons on the effects of drug related abuse on UK society, highlighted that the UK government is spending £3 billion per year on counter productive measures against addiction, drug misuse and that the UK’s drug policies are failing. Consequently, the motion proposed to reassess the effectiveness of The Misuse of Drugs Act 1971, but will addiction remain a major societal problem by the 22nd Century? A huge problem within a","Addiction is a chronic, relapsing disorder affecting two million people in the UK. It is a persistent disorder of brain function in which compulsive drug use occurs despite serious negative consequences for the afflicted individual. The initial impetus for drug taking is for the euphoria, but in chronic substance abuse, withdrawal of the drug often leads to antonymous symptoms that can be both psychological, such as dysphoria, and physiological, such as vomiting and shaking. This negative reinforcement drives the addict to seek out the drug to ameliorate the negative side effects associated with withdrawal. Over 40 years ago, The Misuse of Drugs Act 1971 introduced penalties for the possession and consumption of prohibited drugs. The recent debate in the House of Commons on the effects of drug related abuse on UK society, highlighted that the UK government is spending £3 billion per year on counter productive measures against addiction, drug misuse and that the UK’s drug policies are failing. Consequently, the motion proposed to reassess the effectiveness of The Misuse of Drugs Act 1971, but will addiction remain a major societal problem by the 22nd Century? A huge problem within a",exact_duplicate|near_duplicate|semantic_duplicate|same_template_different_content|related_but_both_valuable|false_positive|unclear
,shard_00090.parquet:34001,shard_00018.parquet:52798,1.0000001192092896,1815,1815,"Published Online: April 2, 2015 For many years, breastfeeding has been promoted as a way to reduce risk of allergy-related diseases in children, particularly in families with a history of allergy. In a new study recently published in The Journal of Allergy and Clinical Immunology (JACI), Jelding-Dannemand and colleagues present results showing no protective effect of breastfeeding against allergic sensitization and allergy-related diseases such as asthma, eczema, and seasonal allergies. Allergic sensitization is the presence of antibodies against specific allergens, regardless of symptoms and disease. It is an important objective marker of allergic disease and many children who develop sensitization tend to show symptoms of allergy-related diseases later in life. This study followed 335 at-risk children from Copenhagen, Denmark all born to mothers with a history of asthma. Allergic sensitization was measured at ½, 1½, 4, and 6 years of age, by skin prick tests and blood tests against 12 common airborne and 10 food allergens. Information on breastfeeding was gathered by personal interviews, and eczema, asthma and allergic rhinitis were diagnosed at the research unit when the childre","Published Online: April 2, 2015 For many years, breastfeeding has been promoted as a way to reduce risk of allergy-related diseases in children, particularly in families with a history of allergy. In a new study recently published in The Journal of Allergy and Clinical Immunology (JACI), Jelding-Dannemand and colleagues present results showing no protective effect of breastfeeding against allergic sensitization and allergy-related diseases such as asthma, eczema, and seasonal allergies. Allergic sensitization is the presence of antibodies against specific allergens, regardless of symptoms and disease. It is an important objective marker of allergic disease and many children who develop sensitization tend to show symptoms of allergy-related diseases later in life. This study followed 335 at-risk children from Copenhagen, Denmark all born to mothers with a history of asthma. Allergic sensitization was measured at ½, 1½, 4, and 6 years of age, by skin prick tests and blood tests against 12 common airborne and 10 food allergens. Information on breastfeeding was gathered by personal interviews, and eczema, asthma and allergic rhinitis were diagnosed at the research unit when the childre",exact_duplicate|near_duplicate|semantic_duplicate|same_template_different_content|related_but_both_valuable|false_positive|unclear
,shard_00112.parquet:1826,shard_00094.parquet:41769,1.0,2421,2421,"Before we delve into the dangers of power (voltage) surges, let’s first define what they are. A power surge is a form of electrical power disturbance, also referred to as voltage surges or transient voltages, and are defined as spikes in voltage. They occur within a very swift pocket of time, vary in voltage and last only millionths of a second. Now, here in the U.S., residences run on a voltage that rises and falls between 0-169 volts at a programmed rhythm. Consequently, power surges occur when the voltage rises beyond 169 volts. Power surges are dangers to your appliances and electronics because they can cause slow but steady damages to your electronics varying components. Voltage dips (Brown outs) are another form of surges in that they are the deliberate cause of a sudden drop in voltage. And it’s at this occurrence when there is grave danger to your electronic devices because dips can result in lost data or system failures. Where do they come from? Power surges are the direct result of one of two causes; the first is the result of a high energy appliance, such a refrigerator or air conditioner, coming on inside your home or damaged/exposed wiring. The second is caused by blac","Before we delve into the dangers of power (voltage) surges, let’s first define what they are. A power surge is a form of electrical power disturbance, also referred to as voltage surges or transient voltages, and are defined as spikes in voltage. They occur within a very swift pocket of time, vary in voltage and last only millionths of a second. Now, here in the U.S., residences run on a voltage that rises and falls between 0-169 volts at a programmed rhythm. Consequently, power surges occur when the voltage rises beyond 169 volts. Power surges are dangers to your appliances and electronics because they can cause slow but steady damages to your electronics varying components. Voltage dips (Brown outs) are another form of surges in that they are the deliberate cause of a sudden drop in voltage. And it’s at this occurrence when there is grave danger to your electronic devices because dips can result in lost data or system failures. Where do they come from? Power surges are the direct result of one of two causes; the first is the result of a high energy appliance, such a refrigerator or air conditioner, coming on inside your home or damaged/exposed wiring. The second is caused by blac",exact_duplicate|near_duplicate|semantic_duplicate|same_template_different_content|related_but_both_valuable|false_positive|unclear
,shard_00161.parquet:52350,shard_00044.parquet:47327,0.9936436414718628,1206,1226,"Take a good look at the photograph above. NASA captured this image of a mysterious black object orbiting the Earth in 1998, during the first Space Shuttle mission to the International Space Station (ISS). The space agency refers to the strange entity as item STS088-724-66 in its catalogue of space junk floating in low-Earth orbit (within 1,200 miles). Jerry Ross, an astronaut who took part in that mission, says that the object is a wayward thermal blanket that broke loose while his team tried to attach an American module to a Russian module on the ISS. But for a small, devoted following, it’s a 13,000-year-old, artificially made satellite known as the Black Knight. So, could this peculiar object really have come from ancient aliens? Or is it just an innocuous piece of space debris? The facts surrounding the Black Knight are cobbled together from a number of tales. It begins with Nikola Tesla, who said that he had received radio signals from space during his 1899 radio experiments in Colorado Springs. Martians, he believed, were attempting to communicate with humans through numbers, since they’re a universal language. Keep Reading With Pop Mech Pro Already a member? Finish the story","Take a good look at the photograph above. NASA captured this image of a mysterious black object orbiting the Earth in 1998, during the first Space Shuttle mission to the International Space Station (ISS). The space agency refers to the strange entity as item STS088-724-66 in its catalogue of space junk floating in low-Earth orbit (within 1,200 miles). Jerry Ross, an astronaut who took part in that mission, says that the object is a wayward thermal blanket that broke loose while his team tried to attach an American module to a Russian module on the ISS. But for a small, devoted following, it’s a 13,000-year-old, artificially made satellite known as the Black Knight. So, could this peculiar object really have come from ancient aliens? Or is it just an innocuous piece of space debris? The facts surrounding the Black Knight are cobbled together from a number of tales. It begins with Nikola Tesla, who said that he had received radio signals from space during his 1899 radio experiments in Colorado Springs. Martians, he believed, were attempting to communicate with humans through numbers, since they’re a universal language. Keep Reading With Pop Mech Pro Already a member? Finish the story",exact_duplicate|near_duplicate|semantic_duplicate|same_template_different_content|related_but_both_valuable|false_positive|unclear
,shard_00129.parquet:1789,shard_00016.parquet:3788,0.9754436016082764,3284,3177,"Anniversary of Northridge Earthquake: Where were you 20 years ago? Updated On: Jan 18 2014 11:47:00 AM CST Twenty years ago, the magnitude 6.7 quake in 1994 killed 57 people and injured close to 12,000 others in LA, Orange and Ventura counties. The Northridge Earthquake caused an estimated $40 billion in damage, making it the most costly disaster in US history. The quake struck at 4:31 a.m, affecting an area covering 2,192 square miles - the first temblor to knock out power in every area of Los Angeles. Here in the desert, people felt it, too. ""It was frightening it was shaking a lot. Nothing fell in our house, but one little thing fell in our house,” Gwen Herron said. We also talked to people who now live in the desert, but lived closer to the quake 20 years ago. “In Hollywood, my wife and I were on the second floor and we were just getting out of bed and we heard the whole house move and we felt it. The next thing I knew we heard down below all the dishes coming out of the closet,” Fred Bass said. We even found one man who lived in Northridge at the time. “The room I was staying at, the TV on the dresser, just flew and hit me in the leg I was sleeping. Everything in our house was","Twenty years ago, the magnitude 6.7 quake in 1994 killed 57 people and injured close to 12,000 others in LA, Orange and Ventura counties. The Northridge Earthquake caused an estimated $40 billion in damage, making it the most costly disaster in US history. The quake struck at 4:31 a.m, affecting an area covering 2,192 square miles - the first temblor to knock out power in every area of Los Angeles. Here in the desert, people felt it, too. ""It was frightening it was shaking a lot. Nothing fell in our house, but one little thing fell in our house,” Gwen Herron said. We also talked to people who now live in the desert, but lived closer to the quake 20 years ago. “In Hollywood, my wife and I were on the second floor and we were just getting out of bed and we heard the whole house move and we felt it. The next thing I knew we heard down below all the dishes coming out of the closet,” Fred Bass said. We even found one man who lived in Northridge at the time. “The room I was staying at, the TV on the dresser, just flew and hit me in the leg I was sleeping. Everything in our house was just gone,” Bryan Miller said. Many expect the Coachella Valley to be ground zero for a major earthquake s",exact_duplicate|near_duplicate|semantic_duplicate|same_template_different_content|related_but_both_valuable|false_positive|unclear
,shard_00004.parquet:1623,shard_00067.parquet:12758,0.9999996423721313,9018,9018,"Mycotoxins are low molecular weight secondary metabolites produced by certain strains of filamentous fungi such as Aspergillus, Penicillium and Fusarium. Their presence in animal feed can have serious negative effects on animal health and performance. The effects of mycotoxins in poultry feed depend on the specific mycotoxin or mycotoxins present, the level of contamination, the length of time the animal has been consuming the mycotoxin(s), and the animal's age, sex, and level of stress. The mycotoxins of most concern due to their toxicity and occurrence are aflatoxin, vomitoxin, ochratoxin, zearaleone, fumonisin and T-2 toxins. They cause significant economic losses in animals due to reduced productivity, increased disease incidence, chronic damage of vital organs and decreased reproductive performance. No region in the world escapes the problem of mycotoxins and its estimated that there are about 300 harmful mycotoxins. Food and Agricultural Organisation (FAO) estimates that about 25% of the world crops contain mycotoxins. At the IHSIG conference, recently organized in Rome – Italy, an increase in the occurrence of mycotoxins worldwide and an increase in the prevalence of individ","Mycotoxins are low molecular weight secondary metabolites produced by certain strains of filamentous fungi such as Aspergillus, Penicillium and Fusarium. Their presence in animal feed can have serious negative effects on animal health and performance. The effects of mycotoxins in poultry feed depend on the specific mycotoxin or mycotoxins present, the level of contamination, the length of time the animal has been consuming the mycotoxin(s), and the animal's age, sex, and level of stress. The mycotoxins of most concern due to their toxicity and occurrence are aflatoxin, vomitoxin, ochratoxin, zearaleone, fumonisin and T-2 toxins. They cause significant economic losses in animals due to reduced productivity, increased disease incidence, chronic damage of vital organs and decreased reproductive performance. No region in the world escapes the problem of mycotoxins and its estimated that there are about 300 harmful mycotoxins. Food and Agricultural Organisation (FAO) estimates that about 25% of the world crops contain mycotoxins. At the IHSIG conference, recently organized in Rome – Italy, an increase in the occurrence of mycotoxins worldwide and an increase in the prevalence of individ",exact_duplicate|near_duplicate|semantic_duplicate|same_template_different_content|related_but_both_valuable|false_positive|unclear
,shard_00027.parquet:38551,shard_00169.parquet:33041,1.0000004768371582,2126,2126,"For many, the deciduous forsythia shrub (Forsythia spp.) provides the first sign of spring. In U.S. Department of Agriculture plant hardiness zones 5a through 10a, the graceful, arching branches, covered with yellow flowers, appear as early as January or February. All forsythias grow best in full sun, in a variety of soil types and with watering every few weeks. They are effective as hedges, espaliered on a fence, in a large garden border or as specimen plants. A group of hybrid forsythias (Forsythia x intermedia), with flowers ranging from pale to dark yellow, is the one you might be most familiar with. Varieties within this species include large, upright forsythias such as “Beatrix Farrand” and “Spectabillis""; medium-sized shrubs such as 6-foot “Spring Glory” and “”Show Off”; and very small varieties like the 20-inch high “Gold Tide.” So named because they thrive in cooler climates, hardy hybrids (Forsythia hardy hybrids) retain their buds even in minus 30 degree Fahrenheit temperatures. Varieties that can even be grown in USDA plant hardiness zone 4 include the mounding, 5-foot tall “New Hampshire Gold” and the erect, 8- to 10-foot tall “Northern Sun.” Growing 1 1/2 to 3 feet ta","For many, the deciduous forsythia shrub (Forsythia spp.) provides the first sign of spring. In U.S. Department of Agriculture plant hardiness zones 5a through 10a, the graceful, arching branches, covered with yellow flowers, appear as early as January or February. All forsythias grow best in full sun, in a variety of soil types and with watering every few weeks. They are effective as hedges, espaliered on a fence, in a large garden border or as specimen plants. A group of hybrid forsythias (Forsythia x intermedia), with flowers ranging from pale to dark yellow, is the one you might be most familiar with. Varieties within this species include large, upright forsythias such as “Beatrix Farrand” and “Spectabillis""; medium-sized shrubs such as 6-foot “Spring Glory” and “”Show Off”; and very small varieties like the 20-inch high “Gold Tide.” So named because they thrive in cooler climates, hardy hybrids (Forsythia hardy hybrids) retain their buds even in minus 30 degree Fahrenheit temperatures. Varieties that can even be grown in USDA plant hardiness zone 4 include the mounding, 5-foot tall “New Hampshire Gold” and the erect, 8- to 10-foot tall “Northern Sun.” Growing 1 1/2 to 3 feet ta",exact_duplicate|near_duplicate|semantic_duplicate|same_template_different_content|related_but_both_valuable|false_positive|unclear
,shard_00069.parquet:27975,shard_00100.parquet:36247,1.0000004768371582,4954,4954,"3) This was my home – Zeh haya beyti – זה היה ביתי A song exploring concepts of “home”, and the emotional impact of the Gaza disengagement. For in-depth background information about the disengagement from Gaza in 2005, and educational activities, we would suggest you dip into “Engaging with Disengagement” Listen/watch the two versions of the song. The original version by Meni Begger in 1981. And the remake of 2005. Start off the discussion by simply asking people for their responses to the songs – let them respond spontaneously first. This may already set off an interesting conversation. When this has run its course, (or if they have nothing to say,) move into the structured part of the discussion. The structure of the discussion is based around an ancient form of Jewish spiritual literary criticism used throughout the Jewish world, summed up by the acronym, PaRDeSS. Feel free to mention this to your participants, if you feel it is appropriate. Pardes means orchard, and it’s a symbol of the Garden of Eden and spiritual enlightenment. Broken down, it points to a four point method of text appreciation. P stands for Pshat. This means the simple straightforward understanding of a text.","3) This was my home – Zeh haya beyti – זה היה ביתי A song exploring concepts of “home”, and the emotional impact of the Gaza disengagement. For in-depth background information about the disengagement from Gaza in 2005, and educational activities, we would suggest you dip into “Engaging with Disengagement” Listen/watch the two versions of the song. The original version by Meni Begger in 1981. And the remake of 2005. Start off the discussion by simply asking people for their responses to the songs – let them respond spontaneously first. This may already set off an interesting conversation. When this has run its course, (or if they have nothing to say,) move into the structured part of the discussion. The structure of the discussion is based around an ancient form of Jewish spiritual literary criticism used throughout the Jewish world, summed up by the acronym, PaRDeSS. Feel free to mention this to your participants, if you feel it is appropriate. Pardes means orchard, and it’s a symbol of the Garden of Eden and spiritual enlightenment. Broken down, it points to a four point method of text appreciation. P stands for Pshat. This means the simple straightforward understanding of a text.",exact_duplicate|near_duplicate|semantic_duplicate|same_template_different_content|related_but_both_valuable|false_positive|unclear
,shard_00115.parquet:49923,shard_00159.parquet:50838,1.0000001192092896,1674,1674,"Why Getting Kicked in the Balls Causes Pain in the Abdomen Today I found out why getting kicked in the balls hurts in the abdomen, not just the region that was actually impacted. Testes originally form in the abdomen near the stomach and kidneys. The nerves and blood vessels remain attached in that region, even after the balls drop. So when a guy gets kicked in the balls or otherwise has his nuts squished, the pain involved travels up from each testicle into the abdominal cavity, via the spermatic plexus, which is the primary nerve of each testicle, and then to the spine. In addition to the pain in the stomach area, many men also experience severe nausea. This is thought to be caused by a huge rush of sympathetic nervous system discharge. So the body’s tolerance level for that rush determines whether that person will be someone susceptible to actually vomiting when kicked in the nuts. So bottom line, getting kicked in the balls = severe pain in testicles + severe abdominal pain + quite a bit of nausea and possible vomiting. Good times. - The testes of the Right whale are the largest of any animal, each weighing around 500 kg (1,100 lb). - Getting kicked or hit in the balls can actu","Why Getting Kicked in the Balls Causes Pain in the Abdomen Today I found out why getting kicked in the balls hurts in the abdomen, not just the region that was actually impacted. Testes originally form in the abdomen near the stomach and kidneys. The nerves and blood vessels remain attached in that region, even after the balls drop. So when a guy gets kicked in the balls or otherwise has his nuts squished, the pain involved travels up from each testicle into the abdominal cavity, via the spermatic plexus, which is the primary nerve of each testicle, and then to the spine. In addition to the pain in the stomach area, many men also experience severe nausea. This is thought to be caused by a huge rush of sympathetic nervous system discharge. So the body’s tolerance level for that rush determines whether that person will be someone susceptible to actually vomiting when kicked in the nuts. So bottom line, getting kicked in the balls = severe pain in testicles + severe abdominal pain + quite a bit of nausea and possible vomiting. Good times. - The testes of the Right whale are the largest of any animal, each weighing around 500 kg (1,100 lb). - Getting kicked or hit in the balls can actu",exact_duplicate|near_duplicate|semantic_duplicate|same_template_different_content|related_but_both_valuable|false_positive|unclear
,shard_00168.parquet:3658,shard_00089.parquet:50760,1.0000001192092896,1937,1937,"Click for more ""Microbes After Hours"" videos long time listener, first time writer. I was just wondering, am I missing something really crucial? I've been reading in the news about Europe's ""E.coli virus"" everywhere. I have to assume that people are just mis-speaking and they mean illness not virus, but maybe there is a virus of E.coli that is released from the bacteria and are causing some sort of double whammy illness in folks. Do you happen to know any more about this than I do? Those of us who teach (undergraduate) diagnostic microbiology are sometimes caught in a dilemma. On one hand, we need to teach students to process cultures (urines, throats, sputums, blood, stool, etc) and identify organisms that are commonly associated with those specimens..and we all know there are some potential pathogens in the mix. On the other, we don't want to any kind of exposure incidences. What recommendations can you guys make about how to handle this situation. We want to keep it ""real."" We feel the student will work with the organisms on an internship and then once they graduate so we want to make sure they are well prepared. We all wear PPE (gowns, gloves), practice good hand hygiene, and h","Click for more ""Microbes After Hours"" videos long time listener, first time writer. I was just wondering, am I missing something really crucial? I've been reading in the news about Europe's ""E.coli virus"" everywhere. I have to assume that people are just mis-speaking and they mean illness not virus, but maybe there is a virus of E.coli that is released from the bacteria and are causing some sort of double whammy illness in folks. Do you happen to know any more about this than I do? Those of us who teach (undergraduate) diagnostic microbiology are sometimes caught in a dilemma. On one hand, we need to teach students to process cultures (urines, throats, sputums, blood, stool, etc) and identify organisms that are commonly associated with those specimens..and we all know there are some potential pathogens in the mix. On the other, we don't want to any kind of exposure incidences. What recommendations can you guys make about how to handle this situation. We want to keep it ""real."" We feel the student will work with the organisms on an internship and then once they graduate so we want to make sure they are well prepared. We all wear PPE (gowns, gloves), practice good hand hygiene, and h",exact_duplicate|near_duplicate|semantic_duplicate|same_template_different_content|related_but_both_valuable|false_positive|unclear
,shard_00128.parquet:10480,shard_00050.parquet:46205,0.9995278716087341,9467,9441,"In this final installment of a two-part series on Alabama's long-term soil fertility research, Southeast Farm Press looks at how historical experiments are guiding the phosphorus and potassium recommendations of cotton farmers today. Does higher cotton yield potential require higher rates of phosphorus and potassium? This is just one of the questions being answered by Alabama's long-term soil fertility research, says Charles Mitchell, Auburn University Extension agronomist. Alabama's Two-Year Rotation tests — begun in 1929 — are located at six sites in the state and always have involved cotton, corn, sorghum, soybean or peanut rotations. The Rates of N-P-K trials, started in 1954, look at various rates of nitrogen, phosphorus and potassium on cotton. “These long-term experiments already are in place, so we don't have to spend money putting in new tests to answer these soil fertility questions,” says Mitchell. “We can go in each year and answer these questions quickly. This data soon will go into a regional publication that all states in the Coastal Plain will use for soil testing purposes.” Phosphorus fertilization, says Mitchell, is one of the oldest fertilizer practices used in t","In this final installment of a two-part series on Alabama's long-term soil fertility research, Southeast Farm Press looks at how historical experiments are guiding the phosphorus and potassium recommendations of cotton farmers today. Does higher cotton yield potential require higher rates of phosphorus and potassium? This is just one of the questions being answered by Alabama's long-term soil fertility research, says Charles Mitchell, Auburn University Extension agronomist. Alabama's Two-Year Rotation tests — begun in 1929 — are located at six sites in the state and always have involved cotton, corn, sorghum, soybean or peanut rotations. The Rates of N-P-K trials, started in 1954, look at various rates of nitrogen, phosphorus and potassium on cotton. “These long-term experiments already are in place, so we don't have to spend money putting in new tests to answer these soil fertility questions,” says Mitchell. “We can go in each year and answer these questions quickly. This data soon will go into a regional publication that all states in the Coastal Plain will use for soil testing purposes.” Phosphorus fertilization, says Mitchell, is one of the oldest fertilizer practices used in t",exact_duplicate|near_duplicate|semantic_duplicate|same_template_different_content|related_but_both_valuable|false_positive|unclear
,shard_00027.parquet:11787,shard_00043.parquet:14705,0.9999998807907104,2859,2859,"11. The Act alluded to probably is 14 Elizabeth, c. 5. Other Acts of the same reign dealing with vagrancy and the first poor-law are 39 Elizabeth, c. 3, and 43 Elizabeth, c. 2 (A.D. 1601). In 1595 vagrancy had assumed such alarming proportions in London that a provost-marshal was appointed to give the wanderers the short shrift of martial law. The course of legislation on the subject is summarized in the article ‘Poor Laws’ in Chambers’s Encyclopaedia (1904), and the articles ‘Poor-Law and Vagrancy’ in the Encyclopaedia Britannica, 11th ed., 1910. See also the chapter entitled ’The England of Elizabeth’ in Green’s History of the English People. 12. As already observed, chapter 29, note 12, the term Gosain is by no means restricted to the special devotees of Siva; many Gosains— for example, those in Bengal and those at Gokul in the Mathura district—are followers of Vishnu. The term ‘fakir’ is vaguely used, and often applied to Hindoos. 13. Even still, something of this unquiet spirit hovers about India, and the incompatibility between the ideas of twentieth-century Englishmen and those of Indian peoples whose mental attitude approaches that of Europeans of the twelfth century is a p","11. The Act alluded to probably is 14 Elizabeth, c. 5. Other Acts of the same reign dealing with vagrancy and the first poor-law are 39 Elizabeth, c. 3, and 43 Elizabeth, c. 2 (A.D. 1601). In 1595 vagrancy had assumed such alarming proportions in London that a provost-marshal was appointed to give the wanderers the short shrift of martial law. The course of legislation on the subject is summarized in the article ‘Poor Laws’ in Chambers’s Encyclopaedia (1904), and the articles ‘Poor-Law and Vagrancy’ in the Encyclopaedia Britannica, 11th ed., 1910. See also the chapter entitled ’The England of Elizabeth’ in Green’s History of the English People. 12. As already observed, chapter 29, note 12, the term Gosain is by no means restricted to the special devotees of Siva; many Gosains— for example, those in Bengal and those at Gokul in the Mathura district—are followers of Vishnu. The term ‘fakir’ is vaguely used, and often applied to Hindoos. 13. Even still, something of this unquiet spirit hovers about India, and the incompatibility between the ideas of twentieth-century Englishmen and those of Indian peoples whose mental attitude approaches that of Europeans of the twelfth century is a p",exact_duplicate|near_duplicate|semantic_duplicate|same_template_different_content|related_but_both_valuable|false_positive|unclear
,shard_00020.parquet:31314,shard_00051.parquet:1636,1.0000001192092896,1002,1002,"I recently had the pleasure of reading The King’s Ransom (Young Knights of the Round Table) by Cheryl Carpinello. It was a wonderful story, well-written and interesting, with surprises thrown in at the end. As you can guess from the title, the story takes place during the reign of King Arthur. The protagonists are ages eleven, thirteen, and fifteen. Their adventure lies in trying to clear the name of a friend who has been framed for murder. Each boy must face his fear and complete a quest by himself in order to save the friend. The book is short–just over 100 pages–so it’s ideal for use in a classroom setting. It is also wonderful for kids who maybe do not yet love reading or are intimidated by longer books. The book ends nicely, but leaves itself open for many sequels where we might again enjoy the company of Gavin, Philip, and Bryan. Connect with Cheryl Carpinello: Carpinello’s Writing Pages: http://carpinelloswritingpages.blogspot.com Twitter Home Page: https://twitter.com/ccarpinello","I recently had the pleasure of reading The King’s Ransom (Young Knights of the Round Table) by Cheryl Carpinello. It was a wonderful story, well-written and interesting, with surprises thrown in at the end. As you can guess from the title, the story takes place during the reign of King Arthur. The protagonists are ages eleven, thirteen, and fifteen. Their adventure lies in trying to clear the name of a friend who has been framed for murder. Each boy must face his fear and complete a quest by himself in order to save the friend. The book is short–just over 100 pages–so it’s ideal for use in a classroom setting. It is also wonderful for kids who maybe do not yet love reading or are intimidated by longer books. The book ends nicely, but leaves itself open for many sequels where we might again enjoy the company of Gavin, Philip, and Bryan. Connect with Cheryl Carpinello: Carpinello’s Writing Pages: http://carpinelloswritingpages.blogspot.com Twitter Home Page: https://twitter.com/ccarpinello",exact_duplicate|near_duplicate|semantic_duplicate|same_template_different_content|related_but_both_valuable|false_positive|unclear
,shard_00001.parquet:30080,shard_00034.parquet:3269,0.9999998211860657,1448,1448,"Venomous Snakes of Africa is the 15th volume of the highly esteemed Terralog series. It portrays about 136 taxa and forms of the families Atractaspidae, Elapidae and Viperidae, and covers the entire African continent. Besides species that are illustrated in colour photographs for the first time, this book also contains photographs of some undescribed forms. This second volume of the Terralog series on venomous snakes of the world is dedicated to the venomous snakes of Africa as defined by political frontiers. The publishers have therefore omitted the species native to the Egyptian Sinai peninsula that are of Arabian or Oriental origins and will be covered in another volume of Terralog. Exceptions are Echis coloratus and Walterinnesia aegyptia, which also occur in the Egyptian mainland. Every photograph is accompanied by a symbol-based overview of the individual species terrarium requirements. Information on natural habitats and dietary preferences will contribute to their successful keeping and breeding in captivity. With over 480 colour photographs and 78 colour maps, this book is a very well illustrated reference guide for scientists as well as terrarium keepers. At the same time","Venomous Snakes of Africa is the 15th volume of the highly esteemed Terralog series. It portrays about 136 taxa and forms of the families Atractaspidae, Elapidae and Viperidae, and covers the entire African continent. Besides species that are illustrated in colour photographs for the first time, this book also contains photographs of some undescribed forms. This second volume of the Terralog series on venomous snakes of the world is dedicated to the venomous snakes of Africa as defined by political frontiers. The publishers have therefore omitted the species native to the Egyptian Sinai peninsula that are of Arabian or Oriental origins and will be covered in another volume of Terralog. Exceptions are Echis coloratus and Walterinnesia aegyptia, which also occur in the Egyptian mainland. Every photograph is accompanied by a symbol-based overview of the individual species terrarium requirements. Information on natural habitats and dietary preferences will contribute to their successful keeping and breeding in captivity. With over 480 colour photographs and 78 colour maps, this book is a very well illustrated reference guide for scientists as well as terrarium keepers. At the same time",exact_duplicate|near_duplicate|semantic_duplicate|same_template_different_content|related_but_both_valuable|false_positive|unclear
,shard_00127.parquet:9067,shard_00131.parquet:44414,0.9854916334152222,3553,2731,"- Existing vaccines should still protect people who contract the Omicron variant from severe Covid cases, a World Health Organization (WHO) official says. It comes as the first lab tests of the new variant in South Africa suggest it can partially evade the Pfizer jab. Researchers say there was a “very large drop” in how well the vaccine’s antibodies neutralised the new strain. But the WHO’s Dr Mike Ryan said there was no sign Omicron would be better at evading vaccines than other variants. “We have highly effective vaccines that have proved effective against all the variants so far, in terms of severe disease and hospitalisation, and there’s no reason to expect that it wouldn’t be so” for Omicron, Dr Ryan, the WHO’s emergencies director, told AFP news agency. He said initial data suggested Omicron did not make people sicker than the Delta and other strains. “If anything, the direction is towards less severity,” he said. The new South African study – which has not yet been peer-reviewed – found the Pfizer/BioNTech vaccine may be up to 40 times less effective against Omicron than the original Covid strain. But Omicron’s ability to escape vaccine antibodies is “incomplete”, said Prof","Existing vaccines should still protect people who contract the Omicron variant from severe Covid cases, a World Health Organization (WHO) official says. It comes as the first lab tests of the new variant in South Africa suggest it can partially evade the Pfizer jab. Researchers say there was a “very large drop” in how well the vaccine’s antibodies neutralised the new strain. But the WHO’s Dr Mike Ryan said there was no sign Omicron would be better at evading vaccines than other variants. “We have highly effective vaccines that have proved effective against all the variants so far, in terms of severe disease and hospitalisation, and there’s no reason to expect that it wouldn’t be so” for Omicron, Dr Ryan, the WHO’s emergencies director, told AFP news agency. He said initial data suggested Omicron did not make people sicker than the Delta and other strains. “If anything, the direction is towards less severity,” he said. The new South African study – which has not yet been peer-reviewed – found the Pfizer/BioNTech vaccine may result in up to 40 times fewer neutralising antibodies against Omicron than against the original Covid strain. But Omicron’s ability to escape vaccine antibodies",exact_duplicate|near_duplicate|semantic_duplicate|same_template_different_content|related_but_both_valuable|false_positive|unclear
,shard_00092.parquet:34352,shard_00142.parquet:13957,1.0000005960464478,16303,16303,"This summary of the book of Proverbs provides information about the title, author(s), date of writing, chronology, theme, theology, outline, a brief overview, and the chapters of the Book of Proverbs. Although the book begins with a title ascribing the proverbs to Solomon, it is clear from later chapters that he was not the only author of the book. Pr 22:17 refers to the ""sayings of the wise,"" and 24:23 mentions additional ""sayings of the wise."" The presence of an introduction in 22:17-21 further indicates that these sections stem from a circle of wise men, not from Solomon himself. Ch. 30 is attributed to Agur son of Jakeh and 31:1-9 to King Lemuel, neither of whom is mentioned elsewhere. Lemuel's sayings contain several Aramaic spellings that may point to a non-Israelite background. Most of the book, however, is closely linked with Solomon. The headings in 10:1 and 25:1 again include his name, though 25:1 states that these proverbs were ""copied by the men of Hezekiah king of Judah."" This indicates that a group of wise men or scribes compiled these proverbs as editors and added chs. 25 - 29 to the earlier collections. Solomon's ability to produce proverbs is specified in 1Ki 4:32,","This summary of the book of Proverbs provides information about the title, author(s), date of writing, chronology, theme, theology, outline, a brief overview, and the chapters of the Book of Proverbs. Although the book begins with a title ascribing the proverbs to Solomon, it is clear from later chapters that he was not the only author of the book. Pr 22:17 refers to the ""sayings of the wise,"" and 24:23 mentions additional ""sayings of the wise."" The presence of an introduction in 22:17-21 further indicates that these sections stem from a circle of wise men, not from Solomon himself. Ch. 30 is attributed to Agur son of Jakeh and 31:1-9 to King Lemuel, neither of whom is mentioned elsewhere. Lemuel's sayings contain several Aramaic spellings that may point to a non-Israelite background. Most of the book, however, is closely linked with Solomon. The headings in 10:1 and 25:1 again include his name, though 25:1 states that these proverbs were ""copied by the men of Hezekiah king of Judah."" This indicates that a group of wise men or scribes compiled these proverbs as editors and added chs. 25 - 29 to the earlier collections. Solomon's ability to produce proverbs is specified in 1Ki 4:32,",exact_duplicate|near_duplicate|semantic_duplicate|same_template_different_content|related_but_both_valuable|false_positive|unclear
,shard_00087.parquet:23023,shard_00124.parquet:4293,1.0000007152557373,687,687,"Emiquon National Wildlife Refuge is managed under the Illinois River National Wildlife and Fish Refuges Complex. Chautauqua and Meredosia National Wildlife Refuges are also managed under this refuge complex. Emiquon refuge was established in 1993 to restore and protect wetland habitats at the confluence of the Illinois and Spoon Rivers and help fulfill international obligations contained in various migratory bird treaties and conventions. The first tract was purchased on December 29, 1993. The refuge has since grown to approximately 2,600 acres. In 2012, the refuge was designated as a “Ramsar Wetland of International Importance”. Emiquon National Wildlife Refuge Havana, IL 62644","Emiquon National Wildlife Refuge is managed under the Illinois River National Wildlife and Fish Refuges Complex. Chautauqua and Meredosia National Wildlife Refuges are also managed under this refuge complex. Emiquon refuge was established in 1993 to restore and protect wetland habitats at the confluence of the Illinois and Spoon Rivers and help fulfill international obligations contained in various migratory bird treaties and conventions. The first tract was purchased on December 29, 1993. The refuge has since grown to approximately 2,600 acres. In 2012, the refuge was designated as a “Ramsar Wetland of International Importance”. Emiquon National Wildlife Refuge Havana, IL 62644",exact_duplicate|near_duplicate|semantic_duplicate|same_template_different_content|related_but_both_valuable|false_positive|unclear
,shard_00036.parquet:37998,shard_00156.parquet:1698,1.0,5858,5858,"Most revolutionary changes in factories can be traced back to some groundbreaking innovation. Whether harnessing the power of steam in the mid-18th century or developing the assembly-line production model in the early 20th century, every innovation has led to radical efficiency and productivity improvements. We are in an era where the innovation of industrial robotics, intelligent sensors and automated assembly lines are fundamentally changing the way factories are run. The process of manufacturing a product has become more and more automated, with machines learning how to do work typically done by hand. Sensors continuously monitor these machines, measuring parameters such as vibration and temperature, in order to ensure that they are operating properly and not overheating. These sensors then transmit their information to a central hub that oversees all of the machines in its assembly line. It is essential that such complex networks of systems communicate with each other in a way that keeps everything running smoothly. This need for efficient communication is where the standardization of factory automation communication protocols really starts to shine. Three of the most common wi","Most revolutionary changes in factories can be traced back to some groundbreaking innovation. Whether harnessing the power of steam in the mid-18th century or developing the assembly-line production model in the early 20th century, every innovation has led to radical efficiency and productivity improvements. We are in an era where the innovation of industrial robotics, intelligent sensors and automated assembly lines are fundamentally changing the way factories are run. The process of manufacturing a product has become more and more automated, with machines learning how to do work typically done by hand. Sensors continuously monitor these machines, measuring parameters such as vibration and temperature, in order to ensure that they are operating properly and not overheating. These sensors then transmit their information to a central hub that oversees all of the machines in its assembly line. It is essential that such complex networks of systems communicate with each other in a way that keeps everything running smoothly. This need for efficient communication is where the standardization of factory automation communication protocols really starts to shine. Three of the most common wi",exact_duplicate|near_duplicate|semantic_duplicate|same_template_different_content|related_but_both_valuable|false_positive|unclear
,shard_00071.parquet:44321,shard_00133.parquet:28642,0.9773874282836914,7238,7037,"A scholastic journal is a periodical publication that releases scholarship in a certain scholastic discipline. It serves as a clear as well as irreversible discussion forum for research. Its objective is to advance the discipline through the publication of high-grade posts. It also acts as a valuable source for both academics and also experts. Lots of well-known authors keep journals, as well as reviewing them can give insight right into their lives. It is essential to bear in mind that you might not sell a million duplicates of your publication, however your journal might read by the mice in your cellar or by zombies after the zombie armageddon. Despite how you pick to journal, it’s a good idea to have a regimen that includes the day, subject, and also purpose of your writing. One more benefit of journaling is that it supplies a risk-free and also private location to reveal yourself. There are no expectations concerning that will certainly review your access, so it’s very easy to vent and share yourself. A journal can assist you track your mood over time and can also assist you keep in mind weddings. Maintaining a journal is additionally an excellent way to practice your creating","A scholastic journal is a periodical magazine that releases scholarship in a particular academic technique. It works as a transparent and long-term online forum for research study. Its objective is to progress the field of study via the magazine of high-quality write-ups. It likewise serves as an important source for both academics and specialists. Lots of well-known writers keep journals, and also reading them can supply insight right into their lives. It is essential to bear in mind that you may not sell a million duplicates of your book, but your journal may be read by the computer mice in your basement or by zombies after the zombie apocalypse. Despite just how you choose to journal, it’s a good concept to have a routine that consists of the day, topic, and also function of your writing. Another benefit of journaling is that it gives a safe and personal area to express on your own. There are no expectations regarding that will read your access, so it’s very easy to air vent and also share on your own. A journal can aid you track your state of mind over time and can even aid you remember weddings. Maintaining a journal is likewise a good way to practice your writing abilities. T",exact_duplicate|near_duplicate|semantic_duplicate|same_template_different_content|related_but_both_valuable|false_positive|unclear
,shard_00109.parquet:16106,shard_00003.parquet:35458,0.9999997615814209,6789,6789,"For FREE, unlimited access to full unit plans, resources and supporting materials.Register Your students, parents and community will be encouraged to think, learn and act together to achieve positive, empathetic and compassionate outcomes for human and non-human members of society. Find out more about how RSPCA's Education Resources meet the requirements of the Australian Curriculum. RSPCA's animal welfare resources provide opportunities for learners to develop the General Capabilities described below. Students will apply creative, critical and meta-cognitive processes to make sense of information, experiences and ideas. This process will enable them to construct knowledge and develop understandings that will support their decisions and shape their actions for animal welfare. Students will have opportunities to build a personal and socially oriented ethical outlook through the lens of animal welfare. Processes of inquiring into ethical issues include giving reasons, being consistent, finding meanings and causes, and providing proof and evidence. Interrogating such concepts through authentic cases such as animal welfare can involve group and independent inquiry, critical and creativ","For FREE, unlimited access to full unit plans, resources and supporting materials.Register Your students, parents and community will be encouraged to think, learn and act together to achieve positive, empathetic and compassionate outcomes for human and non-human members of society. Find out more about how RSPCA's Education Resources meet the requirements of the Australian Curriculum. RSPCA's animal welfare resources provide opportunities for learners to develop the General Capabilities described below. Students will apply creative, critical and meta-cognitive processes to make sense of information, experiences and ideas. This process will enable them to construct knowledge and develop understandings that will support their decisions and shape their actions for animal welfare. Students will have opportunities to build a personal and socially oriented ethical outlook through the lens of animal welfare. Processes of inquiring into ethical issues include giving reasons, being consistent, finding meanings and causes, and providing proof and evidence. Interrogating such concepts through authentic cases such as animal welfare can involve group and independent inquiry, critical and creativ",exact_duplicate|near_duplicate|semantic_duplicate|same_template_different_content|related_but_both_valuable|false_positive|unclear
,shard_00028.parquet:25280,shard_00071.parquet:14096,0.99742591381073,757,649,"A growth spurt is a period when a child's height rapidly increases. Growth spurts are most obvious when a child is an infant (in the first year of life) and during the teen years (starting at about age 11 for girls and at about age 13 for boys). The signs of a growth spurt include: Growth spurts can last days to years. During the first year of life, growth spurts typically occur during the following ages: eMedicineHealth Medical Reference from Healthwise To learn more visit Healthwise.org © 1995-2014 Healthwise, Incorporated. Healthwise, Healthwise for every health decision, and the Healthwise logo are trademarks of Healthwise, Incorporated. - Early Care for Your Premature Baby - What to Eat When You Have Cancer - When to Take More Pain Medication","A growth spurt is a period when a child's height rapidly increases. Growth spurts are most obvious when a child is an infant (in the first year of life) and during the teen years (starting at about age 11 for girls and at about age 13 for boys). The signs of a growth spurt include: Growth spurts can last days to years. During the first year of life, growth spurts typically occur during the following ages: eMedicineHealth Medical Reference from Healthwise To learn more visit Healthwise.org © 1995-2014 Healthwise, Incorporated. Healthwise, Healthwise for every health decision, and the Healthwise logo are trademarks of Healthwise, Incorporated.",exact_duplicate|near_duplicate|semantic_duplicate|same_template_different_content|related_but_both_valuable|false_positive|unclear
,shard_00034.parquet:52657,shard_00098.parquet:21356,1.000000238418579,1253,1253,"You have to pull the grass out just so; and not just any piece of grass. It should be a fairly thick piece that is wider than your thumb, and longer too. The longest blades of grass should be left to complement the wind as it sings across the prairie; the smaller blades stay to carpet your bare feet. It takes a little practice, but is well worth the training. When you find that perfect, green growth, place it between your freshly moistened thumbs and give it a kiss. With your pursed lips and pointed exhale, the grass will begin to dance between your fingers and trumpet to the swans. Not a shrill or a screech, but a call to the wild that spring has come. All around you can see, the birds and bees hear its tune. The wind rustles up the leaves to dance among the trees. And the grass beneath your feet begins to rear. That is why it is ok to pick the blades of grass and tickle its tone between your lips; because each blow calls to the ones below, to rise and feel the sun’s warmth glow. Listen up little one, this lesson may not come easy. But practice makes perfect and perfect this feeling will always be; when you can sit in the warmth of the prairie and make music with the trees, to cha","You have to pull the grass out just so; and not just any piece of grass. It should be a fairly thick piece that is wider than your thumb, and longer too. The longest blades of grass should be left to complement the wind as it sings across the prairie; the smaller blades stay to carpet your bare feet. It takes a little practice, but is well worth the training. When you find that perfect, green growth, place it between your freshly moistened thumbs and give it a kiss. With your pursed lips and pointed exhale, the grass will begin to dance between your fingers and trumpet to the swans. Not a shrill or a screech, but a call to the wild that spring has come. All around you can see, the birds and bees hear its tune. The wind rustles up the leaves to dance among the trees. And the grass beneath your feet begins to rear. That is why it is ok to pick the blades of grass and tickle its tone between your lips; because each blow calls to the ones below, to rise and feel the sun’s warmth glow. Listen up little one, this lesson may not come easy. But practice makes perfect and perfect this feeling will always be; when you can sit in the warmth of the prairie and make music with the trees, to cha",exact_duplicate|near_duplicate|semantic_duplicate|same_template_different_content|related_but_both_valuable|false_positive|unclear
,shard_00154.parquet:22570,shard_00135.parquet:22780,1.0,1547,1547,"Bijin-ga (美人画) literally means “picture of beautiful person”. They originate in the woodblock prints of the Edo era, and typically depicted beautiful women from various walks of life – from everyday women doing everyday things to famous courtesans reclining in luxurious surroundings. Many famous artists produced bijin-ga prints; some of the most well-known being Utagawa Kunisada, Kitagawa Utamaro, and Tsukioka Yoshitoshi. Around the transitional period from late Meiji through Taisho into early Showa era, artists such as Jun’ichi Nakahara, Yumeji Takehisa, and Katsuji Matsumoto‘s modern styles made an enormous impact on traditional bijin-ga and produced works that helped form the flowery, large-eyed shoujo manga aesthetic as we know it. With the advent of more modern printing technologies and digital painting, art has become more accessible than ever before. There are incredible modern artists out there today producing breathtaking works that continue to challenge the way we think of traditional Japanese art of gorgeous women. These are the sorts of artists I’m going to focus on. I urge you to check out their galleries, follow them on social media, and buy their prints to support th","Bijin-ga (美人画) literally means “picture of beautiful person”. They originate in the woodblock prints of the Edo era, and typically depicted beautiful women from various walks of life – from everyday women doing everyday things to famous courtesans reclining in luxurious surroundings. Many famous artists produced bijin-ga prints; some of the most well-known being Utagawa Kunisada, Kitagawa Utamaro, and Tsukioka Yoshitoshi. Around the transitional period from late Meiji through Taisho into early Showa era, artists such as Jun’ichi Nakahara, Yumeji Takehisa, and Katsuji Matsumoto‘s modern styles made an enormous impact on traditional bijin-ga and produced works that helped form the flowery, large-eyed shoujo manga aesthetic as we know it. With the advent of more modern printing technologies and digital painting, art has become more accessible than ever before. There are incredible modern artists out there today producing breathtaking works that continue to challenge the way we think of traditional Japanese art of gorgeous women. These are the sorts of artists I’m going to focus on. I urge you to check out their galleries, follow them on social media, and buy their prints to support th",exact_duplicate|near_duplicate|semantic_duplicate|same_template_different_content|related_but_both_valuable|false_positive|unclear
,shard_00000.parquet:35476,shard_00120.parquet:9935,0.9862465262413025,8810,8524,"NSA seeks to build quantum computer that could crack most types of encryption By Steven Rich and Barton Gellman, In room-size metal boxes secure against electromagnetic leaks, the National Security Agency is racing to build a computer that could break nearly every kind of encryption used to protect banking, medical, business and government records around the world. According to documents provided by former NSA contractor Edward Snowden, the effort to build “a cryptologically useful quantum computer” — a machine exponentially faster than classical computers — is part of a $79.7 million research program titled “Penetrating Hard Targets.” Much of the work is hosted under classified contracts at alaboratory in College Park, Md. [Read an annotated description of the Penetrating Hard Targets project] The development of a quantum computer has long been a goal of many in the scientific community, with revolutionary implications for fields such as medicine as well as for the NSA’s code-breaking mission. With such technology, all current forms of public key encryption would be broken, including those used on many secure Web sites as well as the type used to protect state secrets. Physicists","In room-size metal boxes, secure against electromagnetic leaks, the National Security Agency is racing to build a computer that could break nearly every kind of encryption used to protect banking, medical, business and government records around the world. According to documents provided by former NSA contractor Edward Snowden, the effort to build “a cryptologically useful quantum computer” — a machine exponentially faster than classical computers — is part of a $79.7 million research program titled, “Penetrating Hard Targets.” Much of the work is hosted under classified contracts at a laboratory in College Park, Md. The development of a quantum computer has long been a goal of many in the scientific community, with revolutionary implications for fields like medicine as well as for the NSA's code-breaking mission. With such technology, all forms of public key encryption would be broken, including those used on many secure websites as well as the type used to protect state secrets. Physicists and computer scientists have long speculated whether the NSA's efforts are more advanced than those of the best civilian labs. Although the full extent of the agency's research remains unknown,",exact_duplicate|near_duplicate|semantic_duplicate|same_template_different_content|related_but_both_valuable|false_positive|unclear
,shard_00036.parquet:42172,shard_00135.parquet:20136,0.9914261102676392,6189,6742,"Nature is all about balance, and the human body is no different. When one system is out of balance, it causes a reaction in the body that can cause illness or disease. Unfortunately, traditional medicine tends to view each system separately and treat the symptoms presented, instead of looking deeper to find the root cause(s) and restore balance to the entire body.The proper balance of minerals is essential to the function of the body, and a mineral imbalance is one of those things often overlooked or misdiagnosed. Approximately 99% of the body is composed of minerals, and it is well known that it requires at least 60 minerals in order to maintain a disease- and ailment-free state. They work together synergistically, and certain minerals “pair up” to effect different functions in the body. The four primary macrominerals of Calcium (Ca), Magnesium (Mg), Sodium (Na) and Potassium (K) pair up in different combinations to control blood sugar levels, thyroid function, adrenal function and overall vitality. A Hair Tissue Mineral Analysis (HTMA) test measures the levels of minerals and metals in the body and provides the basis for a nutritional balancing program. You could trace every dise","Nature is all about balance, and the human body is no different. When one system is out of balance, it causes a reaction in the body that can cause illness or disease. Unfortunately, traditional medicine tends to view each system separately and treat the symptoms presented, instead of looking deeper to find the root cause(s) and restore balance to the entire body. The proper balance of minerals is essential to the function of the body, and a mineral imbalance is one of those things often overlooked or misdiagnosed. Approximately 99% of the body is composed of minerals, and it is well known that it requires at least 60 minerals in order to maintain a disease- and ailment-free state. They work together synergistically, and certain minerals “pair up” to effect different functions in the body. The four primary macrominerals of Calcium (Ca), Magnesium (Mg), Sodium (Na) and Potassium (K) pair up in different combinations to control blood sugar levels, thyroid function, adrenal function and overall vitality. A Hair Tissue Mineral Analysis (HTMA) test measures the levels of minerals and metals in the body and provides the basis for a nutritional balancing program. ""You could trace every di",exact_duplicate|near_duplicate|semantic_duplicate|same_template_different_content|related_but_both_valuable|false_positive|unclear
,shard_00157.parquet:34225,shard_00154.parquet:44480,0.9851081967353821,3541,2756,"A bunion is when your big toe points toward the second toe. This causes a bump on the inside edge of your toe. Bunions occur more commonly in women and can sometimes run in families. People born with abnormal bones in their feet are more likely to form a bunion. Wearing narrow-toed, high-heeled shoes may lead to the development of a bunion. The condition may become painful as extra bone and a fluid-filled sac grow at the base of the big toe. - Red, calloused skin along the inside edge of the big toe - A bony bump at this site - Pain over the joint, aggravated by pressure from shoes - Big toe turned toward the other toes A doctor can usually diagnose a bunion by looking at it. A foot x-ray can show an abnormal angle between the big toe and the foot and, in some cases, arthritis. The outlook depends on your age and activities, and the severity of the bunion. Teenagers may have more trouble treating a bunion than adults. Many adults do well by caring for the bunion when it first starts to develop, and wearing different shoes. Surgery reduces the pain in many, but not all, people with bunions. Call for an appointment with your doctor if the bunion: - Continues to cause pain even after","A bunion is when your big toe points toward the second toe. This causes a bump on the inside edge of your toe. Causes, Incidence, and Risk Factors Bunions occur more commonly in women and can sometimes run in families. People born with abnormal bones in their feet are more likely to form a bunion. Wearing narrow-toed, high-heeled shoes may lead to the development of a bunion. The condition may become painful as extra bone and a fluid-filled sac grow at the base of the big toe. - Red, calloused skin along the inside edge of the big toe - A bony bump at this site - Pain over the joint, aggravated by pressure from shoes - Big toe turned toward the other toes Signs and Tests A doctor can usually diagnose a bunion by looking at it. A foot x-ray can show an abnormal angle between the big toe and the foot and, in some cases, arthritis. When a bunion first begins to develop, take good care of your feet and wear wide-toed shoes. This can often solve the problem and prevent the need for any further treatment. It may help to wear felt or foam pads on the foot to protect the bunion, or devices called spacers to separate the first and second toes at night. These are available at drugstores. You",exact_duplicate|near_duplicate|semantic_duplicate|same_template_different_content|related_but_both_valuable|false_positive|unclear
,shard_00059.parquet:41727,shard_00129.parquet:30940,1.0000004768371582,4291,4291,"To say that the human brain is complicated is putting it lightly, and to think that we could capture that complexity in a dish almost seems like hubris. But I come from an electrical engineering background, and the thing you need to know about engineers is that we “live in the domain of approximate”1. We don’t try to make things perfect, we try to make things work – we’re practical. I recently applied this mindset to studying the human brain. I reasoned that taking a bottom-up approach to making 3D neural tissues. Coming from an engineering background, I see the brain as a machine made of uniquely combined multiple components with a transcriptomic readout that drives cellular identity. I sought to characterize the impact of tuning various controllable parameters on this readout in a defined context. However, this work was more than just an engineer’s fiddling. There is a growing need for tractable systems to study the human brain. Our knowledge of the genes and gene variants that are associated with the huge range of human behavioral and neurological phenotypes is growing by leaps and bounds, but our ability to sift through these data and find the causative variants and link them t","To say that the human brain is complicated is putting it lightly, and to think that we could capture that complexity in a dish almost seems like hubris. But I come from an electrical engineering background, and the thing you need to know about engineers is that we “live in the domain of approximate”1. We don’t try to make things perfect, we try to make things work – we’re practical. I recently applied this mindset to studying the human brain. I reasoned that taking a bottom-up approach to making 3D neural tissues. Coming from an engineering background, I see the brain as a machine made of uniquely combined multiple components with a transcriptomic readout that drives cellular identity. I sought to characterize the impact of tuning various controllable parameters on this readout in a defined context. However, this work was more than just an engineer’s fiddling. There is a growing need for tractable systems to study the human brain. Our knowledge of the genes and gene variants that are associated with the huge range of human behavioral and neurological phenotypes is growing by leaps and bounds, but our ability to sift through these data and find the causative variants and link them t",exact_duplicate|near_duplicate|semantic_duplicate|same_template_different_content|related_but_both_valuable|false_positive|unclear
,shard_00069.parquet:22967,shard_00085.parquet:6588,0.9998704791069031,2134,2134,"Date: 01/07/98 at 23:54:34 From: Thomas Dehler Subject: orthogonal matrices If A is an orthogonal matrix, then the determinant of A is either 1 or -1. How do I prove this? Date: 01/09/98 at 10:03:03 From: Doctor Joe Subject: Re: orthogonal matrices Hi Thomas, The problem you have asked belongs to a set of just about the nicest set of problems in linear algebra. I hope you already know the following theorems and I can use them without proofs: Theorem A Let A and B be any two square matrices with the same dimension. Denoting the determinant of a matrix A by det A, (likewise for B), we have: det AB = det A * det B. In other words, the determinant preserves the product of matrices. (Remark: This gives an insight to why the determinant gives rise to many homomorphisms between certain subgroups of square matrices and the non-zero real number line.) Theorem B Denote the transpose of A as A^T for a given square matrix A. The determinant of A^T is the same as the determinant of A itself; i.e. det A^T = det A. Now, let's prove your statement: ""If A is orthogonal, then det A = either 1 or -1."" Proof: By definition, A is orthogonal means that A^T = A^(-1) (read as the transpose of A is equal t","Date: 01/07/98 at 23:54:34 From: Thomas Dehler Subject: orthogonal matrices If A is an orthogonal matrix, then the determinant of A is either 1 or -1. How do I prove this? Date: 01/09/98 at 10:03:03 From: Doctor Joe Subject: Re: orthogonal matrices Hi Thomas, The problem you have asked belongs to a set of just about the nicest set of problems in linear algebra. I hope you already know the following theorems and I can use them without proofs: Theorem A Let A and B be any two square matrices with the same dimension. Denoting the determinant of a matrix A by det A, (likewise for B), we have: det AB = det A * det B. In other words, the determinant preserves the product of matrices. (Remark: This gives an insight to why the determinant gives rise to many homomorphisms between certain subgroups of square matrices and the non-zero real number line.) Theorem B Denote the transpose of A as A^T for a given square matrix A. The determinant of A^T is the same as the determinant of A itself; i.e. det A^T = det A. Now, let's prove your statement: ""If A is orthogonal, then det A = either 1 or -1."" Proof: By definition, A is orthogonal means that A^T = A^(-1) (read as the transpose of A is equal t",exact_duplicate|near_duplicate|semantic_duplicate|same_template_different_content|related_but_both_valuable|false_positive|unclear
,shard_00048.parquet:25180,shard_00112.parquet:697,0.9999997019767761,3116,3116,"Peridontitis is caused by a bacterial infection A genetic link between dental disease and heart attacks has been found by German researchers. Gum disease - periodontitis - is known to be associated with heart disease but how exactly they are linked is unknown. Now the University of Kiel team has found a common gene mutation in people with periodontitis and heart attack patients, a conference heard. Study leader Dr Arne Schaefer said gum disease should be taken very seriously and treated as early as possible. Both coronary heart disease (CHD) and periodontitis are associated with the same risk factors - most importantly smoking, diabetes and obesity. Researchers have shown similarities between the bacteria found in the oral cavity and those in coronary plaques and both diseases are characterised by an imbalanced immune reaction and chronic inflammation. One theory is that the bacteria involved in gum disease trigger a low grade inflammatory response throughout the body, prompting changes in the arteries leading to strokes and heart attacks. Another possibility is that bacteria disturbs the way blood vessels dilate directly, since some bacteria can enter the bloodstream. Speaking at","Peridontitis is caused by a bacterial infection A genetic link between dental disease and heart attacks has been found by German researchers. Gum disease - periodontitis - is known to be associated with heart disease but how exactly they are linked is unknown. Now the University of Kiel team has found a common gene mutation in people with periodontitis and heart attack patients, a conference heard. Study leader Dr Arne Schaefer said gum disease should be taken very seriously and treated as early as possible. Both coronary heart disease (CHD) and periodontitis are associated with the same risk factors - most importantly smoking, diabetes and obesity. Researchers have shown similarities between the bacteria found in the oral cavity and those in coronary plaques and both diseases are characterised by an imbalanced immune reaction and chronic inflammation. One theory is that the bacteria involved in gum disease trigger a low grade inflammatory response throughout the body, prompting changes in the arteries leading to strokes and heart attacks. Another possibility is that bacteria disturbs the way blood vessels dilate directly, since some bacteria can enter the bloodstream. Speaking at",exact_duplicate|near_duplicate|semantic_duplicate|same_template_different_content|related_but_both_valuable|false_positive|unclear
,shard_00145.parquet:15397,shard_00104.parquet:48805,0.9999992251396179,4226,4226,"Before exploring a forest to map nests of mound building wood ants (Formica species) it is useful to some research. The internet search-tool Google and social media platforms are a good way to start with. The results vary from photo’s from a single nest by hikers that shared their interesting discovery to full inventories of ants. Sometimes it is possible to find exact nest-positions by analyzing landscape, coordinates of even detailed maps. Also Google Maps and Google Street view are a useful resource (fig.1). In 2019 and 2020 it is used to explore roadsides in the Utrechtse Heuvelrug area in the Netherlands. Major roads are covered by this tool, showing photos of roadsides, sometimes even during several years. In this region several nests were discovered this way and confirmed by visiting them during a field-trip. This article describes how to use Google maps and Google Earth, using the region of Hjøllund in Denmark as example. Google Street view offers useful information, not only for mapping but also monitoring. To collect this data two tables in an MS access database were created: one for nests and coordinates and one for nest-observations. The Nest-table (fig. 2) contains a c","Before exploring a forest to map nests of mound building wood ants (Formica species) it is useful to some research. The internet search-tool Google and social media platforms are a good way to start with. The results vary from photo’s from a single nest by hikers that shared their interesting discovery to full inventories of ants. Sometimes it is possible to find exact nest-positions by analyzing landscape, coordinates of even detailed maps. Also Google Maps and Google Street view are a useful resource (fig.1). In 2019 and 2020 it is used to explore roadsides in the Utrechtse Heuvelrug area in the Netherlands. Major roads are covered by this tool, showing photos of roadsides, sometimes even during several years. In this region several nests were discovered this way and confirmed by visiting them during a field-trip. This article describes how to use Google maps and Google Earth, using the region of Hjøllund in Denmark as example. Google Street view offers useful information, not only for mapping but also monitoring. To collect this data two tables in an MS access database were created: one for nests and coordinates and one for nest-observations. The Nest-table (fig. 2) contains a c",exact_duplicate|near_duplicate|semantic_duplicate|same_template_different_content|related_but_both_valuable|false_positive|unclear
,shard_00035.parquet:7889,shard_00033.parquet:28246,0.9895333647727966,3628,3604,"Puffball Fungi in Grass The appearance of white, ball-shaped mushrooms in your grass can be alarming, but puffball mushrooms are more of a nuisance than a cause for panic. Puffball mushrooms are members of the class Basiciomycota. Although puffballs can be unsightly, and some even poisonous, controlling them with chemicals is not usually necessary. Puffball fruiting bodies, or mushrooms, are spherical or pearlike in shape and usually about 1 inch or less in diameter. Some puffballs grow to more than 1 foot in diameter and can weigh several pounds, but typically they are not found in turfgrass. Young puffballs of most species are creamy white on both their inside and outside. As they mature, their inside takes on a yellow color. When the puffballs are fully mature, their inside becomes a dark green to purple mass of spores. The fruiting bodies eventually rupture, and spores are released. When that occurs, the outer skin may remain intact with only a hole at the top, or it may break into large pieces. The spores produced by puffball mushrooms are carried by wind to new locations. Spores that reach a lawn germinate and send out hyphae, which are long filaments or strands. The strands","The appearance of white, ball-shaped mushrooms in your grass can be alarming, but puffball mushrooms are more of a nuisance than a cause for panic. Puffball mushrooms are members of the class Basiciomycota. Although puffballs can be unsightly, and some even poisonous, controlling them with chemicals is not usually necessary. Puffball fruiting bodies, or mushrooms, are spherical or pearlike in shape and usually about 1 inch or less in diameter. Some puffballs grow to more than 1 foot in diameter and can weigh several pounds, but typically they are not found in turfgrass. Young puffballs of most species are creamy white on both their inside and outside. As they mature, their inside takes on a yellow color. When the puffballs are fully mature, their inside becomes a dark green to purple mass of spores. The fruiting bodies eventually rupture, and spores are released. When that occurs, the outer skin may remain intact with only a hole at the top, or it may break into large pieces. The spores produced by puffball mushrooms are carried by wind to new locations. Spores that reach a lawn germinate and send out hyphae, which are long filaments or strands. The strands support the fruiting bod",exact_duplicate|near_duplicate|semantic_duplicate|same_template_different_content|related_but_both_valuable|false_positive|unclear
,shard_00101.parquet:31837,shard_00161.parquet:25972,1.0000001192092896,12013,12013,"Glossary for Waltzing Matilda & the Sunshine Harvester Factory A law made by Parliament. Laws are binding and must be complied with. Person over the age of 21. A period of working time which is paid for by the employer, but during which the employee is not required to be at work and can go on holiday. A young person who enters into a formal contract of training to learn a trade skill while also working in the trade. The training leads to a formal trades qualification. The combination of work and training that leads to a tradesperson's qualification. The binding determination of an issue, in this context an employment issue. This can be the level of wage rates, or other conditions of employment such as the length of sick leave, whether or not the termination of employment is unfair or not, or another issue. The Commonwealth Court of Conciliation and Arbitration. An order of the Arbitration Court setting the minimum wages and conditions that must be paid by employers to their employees employed in a certain industry, occupation or enterprise. The legal right that an employee has to certain wages and conditions under an award made by the Arbitration Court. A part of the Australian min","Glossary for Waltzing Matilda & the Sunshine Harvester Factory A law made by Parliament. Laws are binding and must be complied with. Person over the age of 21. A period of working time which is paid for by the employer, but during which the employee is not required to be at work and can go on holiday. A young person who enters into a formal contract of training to learn a trade skill while also working in the trade. The training leads to a formal trades qualification. The combination of work and training that leads to a tradesperson's qualification. The binding determination of an issue, in this context an employment issue. This can be the level of wage rates, or other conditions of employment such as the length of sick leave, whether or not the termination of employment is unfair or not, or another issue. The Commonwealth Court of Conciliation and Arbitration. An order of the Arbitration Court setting the minimum wages and conditions that must be paid by employers to their employees employed in a certain industry, occupation or enterprise. The legal right that an employee has to certain wages and conditions under an award made by the Arbitration Court. A part of the Australian min",exact_duplicate|near_duplicate|semantic_duplicate|same_template_different_content|related_but_both_valuable|false_positive|unclear
,shard_00145.parquet:34838,shard_00102.parquet:4509,1.0000001192092896,2771,2771,"WHO was Adam? This seems a very straightforward question, and the obvious, and Biblical answer is surely “The first man.” Yet many Christian writers and Bible commentators have been so influenced by evolution and the popular view that homo sapiens has been on earth for 100,000 years or more, that they have resorted to various compromises to try to reconcile “science” with Scripture.1 In so doing, they have seriously undermined both the unity of the human race and the Gospel itself. One of the most popular ideas is that Adam was a representative term for the Neolithic or “New Stone Age” people. However, since Biblical chronology places the creation of Adam around 6,000 years ago this view necessitates introducing the concept of “pre-Adamite” people. This creates a very serious problem in that, according to popular dating, the aborigines arrived in Australia about 50,000 years ago, and the native Americans are said to have crossed the Bering Strait 15,000–17,000 years ago In a recent book,2 theistic evolutionist Dr Denis Alexander claims that Adam and Eve were Neolithic farmers on whom God bestowed His image. However, he admits this means that humans who lived earlier cannot be desce","WHO was Adam? This seems a very straightforward question, and the obvious, and Biblical answer is surely “The first man.” Yet many Christian writers and Bible commentators have been so influenced by evolution and the popular view that homo sapiens has been on earth for 100,000 years or more, that they have resorted to various compromises to try to reconcile “science” with Scripture.1 In so doing, they have seriously undermined both the unity of the human race and the Gospel itself. One of the most popular ideas is that Adam was a representative term for the Neolithic or “New Stone Age” people. However, since Biblical chronology places the creation of Adam around 6,000 years ago this view necessitates introducing the concept of “pre-Adamite” people. This creates a very serious problem in that, according to popular dating, the aborigines arrived in Australia about 50,000 years ago, and the native Americans are said to have crossed the Bering Strait 15,000–17,000 years ago In a recent book,2 theistic evolutionist Dr Denis Alexander claims that Adam and Eve were Neolithic farmers on whom God bestowed His image. However, he admits this means that humans who lived earlier cannot be desce",exact_duplicate|near_duplicate|semantic_duplicate|same_template_different_content|related_but_both_valuable|false_positive|unclear
,shard_00099.parquet:33345,shard_00123.parquet:45317,1.0,5219,5219,"The following is an excerpt from tt engines, a company who made a truck engine that does not have any pistons, valves, or any other elements from the conventional Otto engine. It works with 30% more efficiency, and exhausts less dangerous elements for our health and the environment. It can burn anything, from gasoline to hydrogen. The latter is to be preferred, because it doesn’t output anything but water. I would rather prefer electric engines. Read the technology involved below: “A Detonation Cycle Gas Turbine engine is made of a turbine rotor contained within a housing. Exhaust ports of respective valveless combustion chambers located on opposite sides of the rotor direct combustion gases towards the turbine, which operates in similar fashion to a Pelton Water Wheel. Turbine blades are positively displaced through a blade race (tangentially to the turbine shaft) by kinetic impact and expansion of gases exiting from the combustion chambers via nozzles, rather than pistons, axial flow, or radial inflo expanders. The combustion chambers are connected by a valveless manifold fed with fuel and oxidizer. When combustible gasses are detonated by an igniter (via the EIC Process) in one","The following is an excerpt from tt engines, a company who made a truck engine that does not have any pistons, valves, or any other elements from the conventional Otto engine. It works with 30% more efficiency, and exhausts less dangerous elements for our health and the environment. It can burn anything, from gasoline to hydrogen. The latter is to be preferred, because it doesn’t output anything but water. I would rather prefer electric engines. Read the technology involved below: “A Detonation Cycle Gas Turbine engine is made of a turbine rotor contained within a housing. Exhaust ports of respective valveless combustion chambers located on opposite sides of the rotor direct combustion gases towards the turbine, which operates in similar fashion to a Pelton Water Wheel. Turbine blades are positively displaced through a blade race (tangentially to the turbine shaft) by kinetic impact and expansion of gases exiting from the combustion chambers via nozzles, rather than pistons, axial flow, or radial inflo expanders. The combustion chambers are connected by a valveless manifold fed with fuel and oxidizer. When combustible gasses are detonated by an igniter (via the EIC Process) in one",exact_duplicate|near_duplicate|semantic_duplicate|same_template_different_content|related_but_both_valuable|false_positive|unclear
,shard_00128.parquet:20244,shard_00119.parquet:8822,1.0000003576278687,1441,1441,"The Intelligent Ground Vehicle Competition (IGVC) is one of three, unmanned systems, student competitions that were founded by the Association for Unmanned Vehicle Systems International (AUVSI) in the 1990s. The IGVC is a multidisciplinary exercise in product realization that challenges college engineering student teams to integrate advanced control theory, machine vision, vehicular electronics, and mobile platform fundamentals to design and build an unmanned system. Both U.S. and international teams focus on developing a suite of dual-use technologies to equip ground vehicles of the future with intelligent driving capabilities. Over the past 12 years, the competition has challenged undergraduate, graduate and Ph.D. students with real world applications in intelligent transportation systems, the military and manufacturing automation. To date, teams from over 43 universities and colleges have participated. This paper describes some of the applications of the technologies required by this competition and discusses the educational benefits. The primary goal of the IGVC is to advance engineering education in intelligent vehicles and related technologies. The employment and professional","The Intelligent Ground Vehicle Competition (IGVC) is one of three, unmanned systems, student competitions that were founded by the Association for Unmanned Vehicle Systems International (AUVSI) in the 1990s. The IGVC is a multidisciplinary exercise in product realization that challenges college engineering student teams to integrate advanced control theory, machine vision, vehicular electronics, and mobile platform fundamentals to design and build an unmanned system. Both U.S. and international teams focus on developing a suite of dual-use technologies to equip ground vehicles of the future with intelligent driving capabilities. Over the past 12 years, the competition has challenged undergraduate, graduate and Ph.D. students with real world applications in intelligent transportation systems, the military and manufacturing automation. To date, teams from over 43 universities and colleges have participated. This paper describes some of the applications of the technologies required by this competition and discusses the educational benefits. The primary goal of the IGVC is to advance engineering education in intelligent vehicles and related technologies. The employment and professional",exact_duplicate|near_duplicate|semantic_duplicate|same_template_different_content|related_but_both_valuable|false_positive|unclear
,shard_00038.parquet:6631,shard_00037.parquet:49548,0.9834040999412537,3102,3339,"Learn something new every day More Info... by email The North American Free Trade Agreement, also known as NAFTA, is a major treaty governing trading laws between Canada, Mexico, and the United States. Created in 1994, the aim of the treaty was to increase free trade, leading to more profitable markets and a wider selection of goods in all three countries. Controversial from the beginning, the North American Free Trade Agreement remains a topic of considerable political and economic debate. One major long-term goal of the North American Free Trade Agreement was the elimination of tariffs on imported goods between the three countries. According to the basic philosophy behind the agreement, the removal of tariffs would allow goods to be imported and exported at a lower cost, making a wider range of goods available across each of the three markets. Not all tariffs were eliminated immediately by the North American Free Trade Agreement; on some goods, a ten to fifteen year phase out of tariff charges was permitted instead. The North American Free Trade Agreement was not the first document aimed at increasing trade between North American countries. In the 1980s, the United States and Can","Learn something new every day More Info... by email The North American Free Trade Agreement, also known as NAFTA, is a major treaty governing trading laws between Canada, Mexico, and the United States. Created in 1994, the aim of the treaty was to increase free trade, leading to more profitable markets and a wider selection of goods in all three countries. Controversial from the beginning, the North American Free Trade Agreement remains a topic of considerable political and economic debate. One major long-term goal of the North American Free Trade Agreement was the elimination of tariffs on imported goods between the three countries. According to the basic philosophy behind the agreement, the removal of tariffs would allow goods to be imported and exported at a lower cost, making a wider range of goods available across each of the three markets. Not all tariffs were eliminated immediately by the North American Free Trade Agreement; on some goods, a ten to fifteen year phase out of tariff charges was permitted instead. The North American Free Trade Agreement was not the first document aimed at increasing trade between North American countries. In the 1980s, the United States and Can",exact_duplicate|near_duplicate|semantic_duplicate|same_template_different_content|related_but_both_valuable|false_positive|unclear
,shard_00114.parquet:46005,shard_00116.parquet:7585,0.990364134311676,3404,3455,"Does this test have other names? Human lymphocyte antigen B27, human leukocyte A antigen, white blood cell antigens, histocompatibility leukocyte A antigen What is this test? This test looks for HLA-B27, which are proteins called antigens. These are found on the surface of white blood cells that are fighting infection. If you have HLA-B27, you may have an autoimmune disease. An autoimmune disease is when your immune system attacks your own cells. The most common autoimmune disorders connected with HLA-B27 antigens are: Ankylosing spondylitis, a form of arthritis that affects the spine Juvenile arthritis, which occurs in children Reactive arthritis, a type of arthritis in the joints Your HLA antigens are unique to you. They are determined by your genes. Because of that, this blood test is also useful as a paternity test. Why do I need this test? You may need this test if your healthcare provider thinks that you have ankylosing spondylitis. This can cause pain and stiffness in your back, neck, or chest. This is more common if you are a man and have symptoms in your early 30s. You also may need this test if you are having an organ or tissue transplant. For example, this may be a donor","Does this test have other names? Human lymphocyte antigen B27, human leukocyte A antigen, white blood cell antigens, histocompatibility leukocyte A antigen What is this test? This test looks for HLA-B27, an antigen, or protein, found on the surface of infection-fighting white blood cells. If you have HLA-B27, you may have an autoimmune disease. Autoimmune diseases occur when your immune system sees its own cells as foreign invaders and destroys them. The most common autoimmune disorders associated with HLA-B27 antigens are ankylosing spondylitis, a form of arthritis that affects the spine; juvenile arthritis, which occurs in children; and reactive arthritis, or Reiter's syndrome, a type of arthritis in the joints. Your HLA antigens are unique to you and are determined by your genes. Therefore, this blood test is useful in paternity investigations. Why do I need this test? You might have this test if your doctor suspects that you have ankylosing spondylitis because of pain and stiffness in your back, neck, or chest. This is especially true if you are a man and have symptoms in your early 30s. You also might have this test if you are undergoing an organ transplant of your kidney or b",exact_duplicate|near_duplicate|semantic_duplicate|same_template_different_content|related_but_both_valuable|false_positive|unclear
,shard_00028.parquet:36223,shard_00054.parquet:44318,0.9705284833908081,7002,6295,"It is actually read this approximated that in the United States alone, over 100 million folks play computer game on a routine manner. While the real numbers are actually certainly not understood, it is determined that one away from every 4 United States little ones has actually participated in computer game at the very least as soon as. In reality, depending on to a research study through the Entertainment Software Organization (ESA), Americans devoted $30 billion a year on video recording activities. While some parents have an issue along with their youngsters playing online video games overly, others have actually an even more loosened up view of computer game. Some parents stress that their kids are establishing poor interest and attention capabilities while playing video recording activities however researches reveal that kids who interact in the task are really better at multi-tasking than those that don’t. Children may profit from participating in computer game because the activity can easily help all of them create a sense of competitiveness. According to research, competitive video games can help build specific components of individual cleverness, including abstract thought","It is actually navigate to this website approximated that in the USA alone, over one hundred million individuals participate in computer game regularly. While the actual amounts are certainly not understood, it is actually determined that people away from every four American kids has actually played computer game at the very least the moment. In reality, according to a research study due to the Home entertainment Software Organization (ESA), Americans spent $30 billion a year on video games. While some parents possess a complication along with their kids playing computer game exceedingly, others have actually an additional loosened up scenery of computer game. Some moms and dads worry that their kids are cultivating bad interest as well as concentration capabilities while participating in computer game but research studies show that children that participate in the activity are actually much better at multi-tasking than those who do not. Youngsters can easily benefit coming from playing online video activities given that the activity can aid all of them cultivate a sense of competitiveness. Depending on to analysis, very competitive games can help create certain components of human",exact_duplicate|near_duplicate|semantic_duplicate|same_template_different_content|related_but_both_valuable|false_positive|unclear
,shard_00058.parquet:48198,shard_00092.parquet:39878,0.9711605906486511,2580,2610,"Google today launched a new online education tool called Oppia, currently an open source project with the goal of making it easy for anyone to create online interactive activities that others can learn from. Called explorations, these activities can be built and contributed to by multiple people from around the world through a Web interface, without any programming required. Here is how Google describes its latest venture: Oppia does this by modeling a mentor who poses questions for the learner to answer. Based on the learner’s responses, the mentor decides what question to ask next, what feedback to give, whether to delve deeper, or whether to proceed to something new. You can think of this as a smart feedback system that tries to “teach a person to fish,” instead of simply revealing the correct answer or marking the submitted answer as wrong. And in typical Google style, here’s the YouTube video: Google says Oppia does more than just present content: it gathers data on how learners interact with it and offers it to exploration authors so they can fix shortcomings in an exploration. For example, if many learners are giving an answer to which an exploration is not responding adequa","Google has launched a new online education tool - Oppia, which is an open source project as of now. Google aims to make the usage of the tool easy for anyone to create interactive activities online, which the others can learn from. Called explorations, the activities can be built and furnished for numerous people from across the globe, via a web interface, which does not require any programming. Google recounts its latest venture as... ""Oppia does this by modeling a mentor who poses questions for the learner to answer. Based on the learner's responses, the mentor decides what question to ask next, what feedback to give, whether to delve deeper, or whether to proceed to something new. You can think of this as a smart feedback system that tries to ""teach a person to fish,"" instead of simply revealing the correct answer or marking the submitted answer as wrong."" Oppia does more than just presenting the content, says Google. The data is gathered on how learners interact with it by Oppia and it gives this data to the exploration authors so that they can fix the drawbacks in an explanation. For instance, if an exploration is not adequately responding (like, the abrupt changes in difficul",exact_duplicate|near_duplicate|semantic_duplicate|same_template_different_content|related_but_both_valuable|false_positive|unclear
,shard_00119.parquet:39605,shard_00133.parquet:50698,1.0000003576278687,1265,1265,"The importance of understanding the cash needs of the firm. Based on these needs, the firm will seek to borrow -- short-term, long-term or both based on their borrowing philosophy. Cash is king according to the business community. Therefore firms are constantly striving to improve its cash flow position. One technique that has been popular recently is using cash rebates to increase sales while promising the consumer a return of some of their funds. Key concepts: cash budgeting, liquidity, borrowing techniques and working capital. 1. Among the cash management techniques used by most businesses are those that slow down their bill payments. A good example for this is ""Cash Rebates"" offered on household items like computers and other electronics. 2. Are these practices sound business decisions? Are they ethical? Explain. 3. What percentage of the rebates offered are actually paid? 1. Cash Rebates is not an example for slowing payments but it is a tool for decreasing collection period and fast recovery of sales. Cash rebate is an incentive offered by the seller to encourage the buyer to pay within a stipulated time. For example, if the terms are 2/10/N 30, the buyer may deduct 2 percent","The importance of understanding the cash needs of the firm. Based on these needs, the firm will seek to borrow -- short-term, long-term or both based on their borrowing philosophy. Cash is king according to the business community. Therefore firms are constantly striving to improve its cash flow position. One technique that has been popular recently is using cash rebates to increase sales while promising the consumer a return of some of their funds. Key concepts: cash budgeting, liquidity, borrowing techniques and working capital. 1. Among the cash management techniques used by most businesses are those that slow down their bill payments. A good example for this is ""Cash Rebates"" offered on household items like computers and other electronics. 2. Are these practices sound business decisions? Are they ethical? Explain. 3. What percentage of the rebates offered are actually paid? 1. Cash Rebates is not an example for slowing payments but it is a tool for decreasing collection period and fast recovery of sales. Cash rebate is an incentive offered by the seller to encourage the buyer to pay within a stipulated time. For example, if the terms are 2/10/N 30, the buyer may deduct 2 percent",exact_duplicate|near_duplicate|semantic_duplicate|same_template_different_content|related_but_both_valuable|false_positive|unclear
,shard_00102.parquet:33990,shard_00124.parquet:35732,1.0000003576278687,1755,1755,"The Battle of Cane Hill was part of a Confederate attempt to drive the Union forces back into Missouri and recapture ground lost during the Pea Ridge campaign of early 1862, when Union forces had secured parts of northern Arkansas. Now, Confederate General Thomas C. Hindman moved his army of 11,000 soldiers into Fort Smith, Arkansas, and prepared to move across the Boston Mountains into the extreme northwestern corner of the state. Awaiting him there was Blunt with 5,000 troops. Hindman hoped to attack Blunt's force, which was over 70 miles (110 km) from the nearest Union reinforcements. Hindman dispatched Marmaduke and 2,000 cavalry troopers to hold Blunt in place while Hindman moved the rest of his force through the mountains. Blunt disrupted the Confederate plan by advancing south when he heard of Marmaduke's approach. Marmaduke was not prepared to meet Blunt, who was 35 miles (56 km) further south than expected. Marmaduke's troops were surprised and outnumbered when Blunt suddenly attacked on November 28. Marmaduke began a hasty retreat and ordered Col.Jo Shelby's cavalry to fight a delaying action while the rest of the Confederates headed for the mountains. Blunt pursued Marma","The Battle of Cane Hill was part of a Confederate attempt to drive the Union forces back into Missouri and recapture ground lost during the Pea Ridge campaign of early 1862, when Union forces had secured parts of northern Arkansas. Now, Confederate General Thomas C. Hindman moved his army of 11,000 soldiers into Fort Smith, Arkansas, and prepared to move across the Boston Mountains into the extreme northwestern corner of the state. Awaiting him there was Blunt with 5,000 troops. Hindman hoped to attack Blunt's force, which was over 70 miles (110 km) from the nearest Union reinforcements. Hindman dispatched Marmaduke and 2,000 cavalry troopers to hold Blunt in place while Hindman moved the rest of his force through the mountains. Blunt disrupted the Confederate plan by advancing south when he heard of Marmaduke's approach. Marmaduke was not prepared to meet Blunt, who was 35 miles (56 km) further south than expected. Marmaduke's troops were surprised and outnumbered when Blunt suddenly attacked on November 28. Marmaduke began a hasty retreat and ordered Col.Jo Shelby's cavalry to fight a delaying action while the rest of the Confederates headed for the mountains. Blunt pursued Marma",exact_duplicate|near_duplicate|semantic_duplicate|same_template_different_content|related_but_both_valuable|false_positive|unclear
,shard_00090.parquet:12243,shard_00133.parquet:52194,0.9999999403953552,1195,1195,"Debye-Huckel Equation | Article about Debye-Huckel Equation by The Free Dictionary Debye-Hückel theory (redirected from Debye-Huckel Equation) Debye-Hückel theory[də¦bī ′hik·əl ‚thē·ə·rē] A theory of the behavior of strong electrolytes, according to which each ion is surrounded by an ionic atmosphere of charges of the opposite sign whose behavior retards the movement of ions when a current is passed through the medium. References in periodicals archive 2 = M, respectively, were corrected by the Debye-Huckel equation The overestimation of the Faraday's constant was consistent with the use of the Debye-Huckel equation and Davies' equation to predict the activity coefficients of the ions by the speciation program SOILSOLN. For dilute solutions of non-electrolytes, or electrolytes when the Debye-Huckel equation for activity coefficient is applicable, the value of a may be replaced by solute as concentration c. Desnoyers commented that the properties of ionic and non-ionic surfactant solutions can be predicted reasonably well up to about 100 degrees C from measurements near room temperature by using a mass-action model combined with a suitable extension of the Debye-Huckel equation","Debye-Huckel Equation | Article about Debye-Huckel Equation by The Free Dictionary Debye-Hückel theory (redirected from Debye-Huckel Equation) Debye-Hückel theory[də¦bī ′hik·əl ‚thē·ə·rē] A theory of the behavior of strong electrolytes, according to which each ion is surrounded by an ionic atmosphere of charges of the opposite sign whose behavior retards the movement of ions when a current is passed through the medium. References in periodicals archive 2 = M, respectively, were corrected by the Debye-Huckel equation The overestimation of the Faraday's constant was consistent with the use of the Debye-Huckel equation and Davies' equation to predict the activity coefficients of the ions by the speciation program SOILSOLN. For dilute solutions of non-electrolytes, or electrolytes when the Debye-Huckel equation for activity coefficient is applicable, the value of a may be replaced by solute as concentration c. Desnoyers commented that the properties of ionic and non-ionic surfactant solutions can be predicted reasonably well up to about 100 degrees C from measurements near room temperature by using a mass-action model combined with a suitable extension of the Debye-Huckel equation",exact_duplicate|near_duplicate|semantic_duplicate|same_template_different_content|related_but_both_valuable|false_positive|unclear
,shard_00123.parquet:48187,shard_00036.parquet:43240,0.9999998807907104,4889,4889,"Dear Quotation Investigator: I once read that the funniest book review ever written begins with the sentence: “This book fills a much-needed gap”. Does this book review actually exist? QI: Remarkably, the phrase mentioned does appear in many book reviews and other evaluations. For years writers have been incongruously eager to praise the filling of a “much-needed gap”. The book reviewers probably intend to say: “This book is a much needed gap-filler.” Instead, books are not being praised they are being inadvertently condemned because a much-needed gap should certainly remain unfilled. Typically, the humor is unintentional, but sometimes the writer is aware of the precise meaning of the expression. Biologist Richard Dawkins in a 2006 bestseller said, “The jest works because we simultaneously understand the two opposite meanings. Incidentally, I thought it was an invented witticism but, to my surprise, I find that it has actually been used, in all innocence, by publishers.” [DAWK] An early example of the misuse of the phrase appears in 1857 in a newspaper published in Charleston, South Carolina. The author discusses the transportation network around the city and argues for the rapid","Dear Quotation Investigator: I once read that the funniest book review ever written begins with the sentence: “This book fills a much-needed gap”. Does this book review actually exist? QI: Remarkably, the phrase mentioned does appear in many book reviews and other evaluations. For years writers have been incongruously eager to praise the filling of a “much-needed gap”. The book reviewers probably intend to say: “This book is a much needed gap-filler.” Instead, books are not being praised they are being inadvertently condemned because a much-needed gap should certainly remain unfilled. Typically, the humor is unintentional, but sometimes the writer is aware of the precise meaning of the expression. Biologist Richard Dawkins in a 2006 bestseller said, “The jest works because we simultaneously understand the two opposite meanings. Incidentally, I thought it was an invented witticism but, to my surprise, I find that it has actually been used, in all innocence, by publishers.” [DAWK] An early example of the misuse of the phrase appears in 1857 in a newspaper published in Charleston, South Carolina. The author discusses the transportation network around the city and argues for the rapid",exact_duplicate|near_duplicate|semantic_duplicate|same_template_different_content|related_but_both_valuable|false_positive|unclear
,shard_00035.parquet:3828,shard_00043.parquet:41757,0.9999999403953552,8111,8111,"These bats are at home in both human populated communities and in the wild. In settlements they are found roosting in roofs or empty rooms. In the wild they can be found resting in bushes, aardvark holes, termite mounds, hollow trees and papyrus crowns. (Kingdon, 1984)lives just about anywhere, from dry open country to moist woodlands and marshes, often flying through papyrus swamps. Slit-faced bats in general share a common physical feature. A ""slit"" runs down the muzzle and ends at the nostrils. Around this slit is a nose-leaf. The interorbital region of the skull is deeply concave. (Kingdon, 1984; Meester, 1966; Nowak, 1997; Vaughan, et al., 2000)has ears longer than its head, which are connected near the base of the ears by a membrane. also has a small tragus, small eyes, broad wings, and a long tail with a T-shaped tip made of cartilage. The dental formula for is 2/3, 1/1, 1/2, 3/3 = 32. The forearm rages between 36 and 45 mm in length, and the ear is 18 to 25 mm long. The young have forearms that are about 15 mm long. Their fur is brown and long. In Zaire, it was noted that most births occurred in the spring months of March and April. However, there was another minor birthing","These bats are at home in both human populated communities and in the wild. In settlements they are found roosting in roofs or empty rooms. In the wild they can be found resting in bushes, aardvark holes, termite mounds, hollow trees and papyrus crowns. (Kingdon, 1984)lives just about anywhere, from dry open country to moist woodlands and marshes, often flying through papyrus swamps. Slit-faced bats in general share a common physical feature. A ""slit"" runs down the muzzle and ends at the nostrils. Around this slit is a nose-leaf. The interorbital region of the skull is deeply concave. (Kingdon, 1984; Meester, 1966; Nowak, 1997; Vaughan, et al., 2000)has ears longer than its head, which are connected near the base of the ears by a membrane. also has a small tragus, small eyes, broad wings, and a long tail with a T-shaped tip made of cartilage. The dental formula for is 2/3, 1/1, 1/2, 3/3 = 32. The forearm rages between 36 and 45 mm in length, and the ear is 18 to 25 mm long. The young have forearms that are about 15 mm long. Their fur is brown and long. In Zaire, it was noted that most births occurred in the spring months of March and April. However, there was another minor birthing",exact_duplicate|near_duplicate|semantic_duplicate|same_template_different_content|related_but_both_valuable|false_positive|unclear
,shard_00132.parquet:2102,shard_00032.parquet:47856,1.0000004768371582,1136,1136,"Abstract and Keywords This article describes philosopher Thomas Reid's view against skepticism. According to Reid, a major source of skepticism about the external world is the theory of ideas or the view that the direct or immediate objects of perceptual acquaintance are not objects in the external world but only ideas, images, or representations in the perceiver's own mind. In his Essays on the Intellectual Powers of Man Reid portrays the theory of ideas as engendering epistemological skepticism and in In An Inquiry into the Human Mind he portrays the theory of ideas as engendering a different kind of skepticism that we might call semantic skepticism as opposed to epistemological skepticism, or skepticism about understanding as opposed to skepticism about knowledge. Access to the complete content on Oxford Handbooks Online requires a subscription or purchase. Public users are able to search the site and view the abstracts and keywords for each book and chapter without a subscription. If you have purchased a print title that contains an access token, please see the token for information about how to register your code.","Abstract and Keywords This article describes philosopher Thomas Reid's view against skepticism. According to Reid, a major source of skepticism about the external world is the theory of ideas or the view that the direct or immediate objects of perceptual acquaintance are not objects in the external world but only ideas, images, or representations in the perceiver's own mind. In his Essays on the Intellectual Powers of Man Reid portrays the theory of ideas as engendering epistemological skepticism and in In An Inquiry into the Human Mind he portrays the theory of ideas as engendering a different kind of skepticism that we might call semantic skepticism as opposed to epistemological skepticism, or skepticism about understanding as opposed to skepticism about knowledge. Access to the complete content on Oxford Handbooks Online requires a subscription or purchase. Public users are able to search the site and view the abstracts and keywords for each book and chapter without a subscription. If you have purchased a print title that contains an access token, please see the token for information about how to register your code.",exact_duplicate|near_duplicate|semantic_duplicate|same_template_different_content|related_but_both_valuable|false_positive|unclear
,shard_00049.parquet:43621,shard_00046.parquet:18772,1.0000005960464478,8309,8309,"Computers have become a part of our daily life. It is not anymore only the work that makes us stuck to the computers; these devices have become our regular companion for entertainment and communication as well. While computers have actually made our lives easier, it has subjected us to a bunch of radiations and it is our eyes that have to take the maximum burn of it. In this tech-savvy world staying away from the computers is not a feasible option, and hence the best we can do is to take maximum precautions to ensure that the effect of the computer radiation is minimized on the eyes. The good thing is that, by following some simple processes and ways we can significantly minimize the total strain on the eyes caused due to working on computers for hours together. When you use computer for 1-2 hours a day, your eyes can easily take the strain caused, but when the sitting time in front of your computer spans to 8 hours or even more, things start to become really difficult for your eyes. So, if you are spending a good part of the day or the most part of the day in front of your computer, it is time when you should start taking the protection of your eyes from computer radiation serious","Computers have become a part of our daily life. It is not anymore only the work that makes us stuck to the computers; these devices have become our regular companion for entertainment and communication as well. While computers have actually made our lives easier, it has subjected us to a bunch of radiations and it is our eyes that have to take the maximum burn of it. In this tech-savvy world staying away from the computers is not a feasible option, and hence the best we can do is to take maximum precautions to ensure that the effect of the computer radiation is minimized on the eyes. The good thing is that, by following some simple processes and ways we can significantly minimize the total strain on the eyes caused due to working on computers for hours together. When you use computer for 1-2 hours a day, your eyes can easily take the strain caused, but when the sitting time in front of your computer spans to 8 hours or even more, things start to become really difficult for your eyes. So, if you are spending a good part of the day or the most part of the day in front of your computer, it is time when you should start taking the protection of your eyes from computer radiation serious",exact_duplicate|near_duplicate|semantic_duplicate|same_template_different_content|related_but_both_valuable|false_positive|unclear
,shard_00145.parquet:46056,shard_00040.parquet:1877,0.9852406978607178,6750,6727,"lung cancer(redirected from bronchogenic carcinoma) Also found in: Dictionary, Thesaurus, Medical, Wikipedia. Related to bronchogenic carcinoma: Bronchoalveolar Carcinoma in medicine, common term for neoplasms, or tumors, that are malignant. Like benign tumors, malignant tumors do not respond to body mechanisms that limit cell growth. ..... Click the link for more information. that originates in the tissues of the lungslungs, elastic organs used for breathing in vertebrate animals, excluding most fish, which use gills, and a few amphibian species that respire through the skin. The word is sometimes applied to the respiratory apparatus of lower animals. ..... Click the link for more information. . Lung cancer is the leading cause of cancer death in the United States in both men and women. Like other cancers, lung cancer occurs after repeated insults to the genetic material of the cell. By far the most common source of these insults is tobacco smoke, which is responsible for about 85% of U.S. lung cancer deaths (see smokingsmoking, inhalation and exhalation of the fumes of burning tobacco in cigars and cigarettes and pipes. Some persons draw the smoke into their lungs; others do not.","lung cancer(redirected from Pulmonary cancer) Also found in: Dictionary, Thesaurus, Medical. Related to Pulmonary cancer: mesothelioma, lung cancer in medicine, common term for neoplasms, or tumors, that are malignant. Like benign tumors, malignant tumors do not respond to body mechanisms that limit cell growth. ..... Click the link for more information. that originates in the tissues of the lungslungs, elastic organs used for breathing in vertebrate animals, excluding most fish, which use gills, and a few amphibian species that respire through the skin. The word is sometimes applied to the respiratory apparatus of lower animals. ..... Click the link for more information. . Lung cancer is the leading cause of cancer death in the United States in both men and women. Like other cancers, lung cancer occurs after repeated insults to the genetic material of the cell. By far the most common source of these insults is tobacco smoke, which is responsible for about 85% of U.S. lung cancer deaths (see smokingsmoking, inhalation and exhalation of the fumes of burning tobacco in cigars and cigarettes and pipes. Some persons draw the smoke into their lungs; others do not. Smoking was probably f",exact_duplicate|near_duplicate|semantic_duplicate|same_template_different_content|related_but_both_valuable|false_positive|unclear
