label,removed_doc_id,root_doc_id,similarity_score,removed_char_len,root_char_len,removed_preview,root_preview,allowed_labels
,shard_00024.parquet:22990,shard_00124.parquet:16467,1.0000001192092896,3660,3660,"Recently, I heard the amazing story of Charles Blondin, a famous French tightrope walker, which illustrates how we can be challenged. Blondin’s greatest fame came on September 14, 1860, when he became the first person to cross a tightrope stretched 11,000 feet (over a quarter of a mile) across the mighty Niagara Falls. People from both Canada and America came from miles away to see this great feat. He walked across, 160 feet above the falls, several times… each time with a different daring feat – once in a sack, on stilts, on a bicycle, in the dark, and blindfolded. One time he even carried a stove and cooked an omelet in the middle of the rope! He also went across pushing a wheelbarrow and then a one point, he asked for the participation of a volunteer. Upon reaching the other side, the crowd’s applause was louder than the roar of the falls! The crowd enthusiastically yelled, “Yes! You are the greatest tightrope walker in the world. We believe!” How many volunteers do you think stepped forward? There were none, but the reason is the most interesting: They only observed and believed. As the story is told only his manager was willing to take the step beyond belief and have sufficien","Recently, I heard the amazing story of Charles Blondin, a famous French tightrope walker, which illustrates how we can be challenged. Blondin’s greatest fame came on September 14, 1860, when he became the first person to cross a tightrope stretched 11,000 feet (over a quarter of a mile) across the mighty Niagara Falls. People from both Canada and America came from miles away to see this great feat. He walked across, 160 feet above the falls, several times… each time with a different daring feat – once in a sack, on stilts, on a bicycle, in the dark, and blindfolded. One time he even carried a stove and cooked an omelet in the middle of the rope! He also went across pushing a wheelbarrow and then a one point, he asked for the participation of a volunteer. Upon reaching the other side, the crowd’s applause was louder than the roar of the falls! The crowd enthusiastically yelled, “Yes! You are the greatest tightrope walker in the world. We believe!” How many volunteers do you think stepped forward? There were none, but the reason is the most interesting: They only observed and believed. As the story is told only his manager was willing to take the step beyond belief and have sufficien",exact_duplicate|near_duplicate|semantic_duplicate|same_template_different_content|related_but_both_valuable|false_positive|unclear
,shard_00095.parquet:19738,shard_00087.parquet:43881,1.0,5514,5514,"Concerned about online security? Be careful to avoid this mistake. In the Beginning The internet has long been a trusting and insecure place. The initial mechanisms put in place by the early founders of the internet are largely still in place – and when you look just below the surface you can see most of the internet is simply plain text messages transmitting between server and browser, and for a large part of history, this was perfectly safe. But, just like your grandparents never bothered locking the doors in their small town, we have learned from hackers and nefarious state actors that security is increasingly important. In recent years, Google and other major players have been recommending Secure Sockets Layer (SSL) certificates for all industries. Once only common with banking or ecommerce sites, SSL certificates help encrypt the information sent between your web browser and the site you’re using. However, SSL requires a layer of trust as well as encryption; the browser, and thus you, must trust that the certificate has been signed by a reputable Certificate Authority (CA) and that all the keys along the way are not compromised. There are a limited number of certificate author","Concerned about online security? Be careful to avoid this mistake. In the Beginning The internet has long been a trusting and insecure place. The initial mechanisms put in place by the early founders of the internet are largely still in place – and when you look just below the surface you can see most of the internet is simply plain text messages transmitting between server and browser, and for a large part of history, this was perfectly safe. But, just like your grandparents never bothered locking the doors in their small town, we have learned from hackers and nefarious state actors that security is increasingly important. In recent years, Google and other major players have been recommending Secure Sockets Layer (SSL) certificates for all industries. Once only common with banking or ecommerce sites, SSL certificates help encrypt the information sent between your web browser and the site you’re using. However, SSL requires a layer of trust as well as encryption; the browser, and thus you, must trust that the certificate has been signed by a reputable Certificate Authority (CA) and that all the keys along the way are not compromised. There are a limited number of certificate author",exact_duplicate|near_duplicate|semantic_duplicate|same_template_different_content|related_but_both_valuable|false_positive|unclear
,shard_00009.parquet:33300,shard_00127.parquet:51282,1.0000003576278687,6477,6477,"Chapter 03: Early Subway Schemes Rapid Transit in New York City and in the Other Great Cities · Chamber of Commerce, 1906 During the period from 1868 to 1900 many subway schemes were brought forward in the effort to provide transportation that would be rapid and reliable, and would meet at least the demands of the times. Most of these are now historical incidents only. New York City Central Underground. In 1868, by an act of the Legislature, the New York City Central Underground Railway Company was incorporated. The line was to run from the City Hall to the Harlem River. The charter granted ample powers as to route, capital, and facilities for construction. Although the standing of the incorporators indicates that their purpose was serious, no practical result was reached. New York City Rapid Transit. Following this, in 1872, an act was passed by which Cornelius Vanderbilt and others were incorporated, as the New York City Rapid Transit Company, to build an underground road from the City Hall to connect with the New York & Harlem Railroad and with the New York Central. This company was duly organized and the necessary surveys and plans were made for the construction of the road. Ad","Chapter 03: Early Subway Schemes Rapid Transit in New York City and in the Other Great Cities · Chamber of Commerce, 1906 During the period from 1868 to 1900 many subway schemes were brought forward in the effort to provide transportation that would be rapid and reliable, and would meet at least the demands of the times. Most of these are now historical incidents only. New York City Central Underground. In 1868, by an act of the Legislature, the New York City Central Underground Railway Company was incorporated. The line was to run from the City Hall to the Harlem River. The charter granted ample powers as to route, capital, and facilities for construction. Although the standing of the incorporators indicates that their purpose was serious, no practical result was reached. New York City Rapid Transit. Following this, in 1872, an act was passed by which Cornelius Vanderbilt and others were incorporated, as the New York City Rapid Transit Company, to build an underground road from the City Hall to connect with the New York & Harlem Railroad and with the New York Central. This company was duly organized and the necessary surveys and plans were made for the construction of the road. Ad",exact_duplicate|near_duplicate|semantic_duplicate|same_template_different_content|related_but_both_valuable|false_positive|unclear
,shard_00072.parquet:20371,shard_00081.parquet:8044,0.9965336918830872,5032,4865,"Blowfly is the main external parasite affecting sheep in the summer months. More likely to occur in warmer, humid weather, the blowfly season is starting earlier and lasting longer than before1. If left untreated, fly strike can be fatal. Three species of fly can attack sheep in the UK: - Lucilia sericata (Greenbottle) - most common species - Lucilia caesar - second most common species - Calliphora vomitoria - quite rare - Agitation and dejection - foot stamping, vigorous shaking, gnawing or rubbing of the tail and breech. - Odour - as infestation develops a distinctive smell is noticeable. Wool becomes matted and discoloured. - Wool is shed - if infestations remain untreated, the affected area increases from the centre, accompanied by constant discomfort. - The smell of infestation attracts more flies – if unchecked, further infestations of flies can result in a quick and agonising death. The Blowfly Life Cycle - Blowfly larvae need soil temperatures above 9oC to develop. - The first ‘wave’ of flies – from overwintered larvae - causes spring strike. - Flies continue to deposit many hundreds of eggs onto affected sheep, which hatch into larvae. - Larvae develop through 3 stages bet","Blowfly is the main external parasite affecting sheep in the summer months. More likely to occur in warmer, humid weather, the blowfly season is starting earlier and lasting longer than before1. If left untreated, fly strike can be fatal. Three species of fly can attack sheep in the UK: - Lucilia sericata (Greenbottle) - most common species - Lucilia caesar - second most common species - Calliphora vomitoria - quite rare - Agitation and dejection - foot stamping, vigorous shaking, gnawing or rubbing of the tail and breech. - Odour - as infestation develops a distinctive smell is noticeable. Wool becomes matted and discoloured. - Wool is shed - if infestations remain untreated, the affected area increases from the centre, accompanied by constant discomfort. - The smell of infestation attracts more flies – if unchecked, further infestations of flies can result in a quick and agonising death. The Blowfly Life Cycle - Blowfly larvae need soil temperatures above 9oC to develop. - The first ‘wave’ of flies – from overwintered larvae - causes spring strike. - Flies continue to deposit many hundreds of eggs onto affected sheep, which hatch into larvae. - Larvae develop through 3 stages bet",exact_duplicate|near_duplicate|semantic_duplicate|same_template_different_content|related_but_both_valuable|false_positive|unclear
,shard_00152.parquet:32915,shard_00082.parquet:29115,1.0000003576278687,916,916,"Discover the cosmos! Each day we feature a different image or photograph of our fascinating universe, along with a brief explanation written by a professional astronomer. September 14, 1995 The Far Side Credit: The Soviet Lunar Program Explanation: This historic picture was humanity's first glimpse of the far side of the Moon. It was taken by the Soviet spacecraft Luna 3 in October of 1959. Luna 3 followed closely on the heels of another Soviet probe, Luna 2, which had become the first spacecraft to impact the Moon on September 13th of that same year. Why does the Moon have a far side? Gravitational tidal forces within the Earth-Moon system have synchronized the Moon's period of rotation around its axis with its orbital period at about 28 days. So, as the Moon moves around its orbit its rotation exactly compensates, keeping the same face toward the Earth. Tomorrow's picture: Space Station Mir Over Earth","Discover the cosmos! Each day we feature a different image or photograph of our fascinating universe, along with a brief explanation written by a professional astronomer. September 14, 1995 The Far Side Credit: The Soviet Lunar Program Explanation: This historic picture was humanity's first glimpse of the far side of the Moon. It was taken by the Soviet spacecraft Luna 3 in October of 1959. Luna 3 followed closely on the heels of another Soviet probe, Luna 2, which had become the first spacecraft to impact the Moon on September 13th of that same year. Why does the Moon have a far side? Gravitational tidal forces within the Earth-Moon system have synchronized the Moon's period of rotation around its axis with its orbital period at about 28 days. So, as the Moon moves around its orbit its rotation exactly compensates, keeping the same face toward the Earth. Tomorrow's picture: Space Station Mir Over Earth",exact_duplicate|near_duplicate|semantic_duplicate|same_template_different_content|related_but_both_valuable|false_positive|unclear
,shard_00030.parquet:338,shard_00069.parquet:20757,0.9999997615814209,6283,6283,"""All work and no play makes Jack a dull boy,"" goes the popular saying. Apparently, it also makes Jack a depressed boy. For people who work long hours, above the 40-hour-per-week average, the risk of becoming depressed is much greater. And that increased risk of depression is high no matter how stressful the job. This was clearly illustrated recently in Britain, where more than 2,000 civil servants were followed for six years. Those who put in an average of 11 hours per day or more at the office, had about two and a half times the odds of developing depression that their colleagues who clocked out after seven or eight hours. Overtime and Depression The British study used data from another long-running study called Whitehall II, which conducted research on employees from 20 different branches of civil service in London. Lead author Marianna Virtanen, Ph.D. from the Finnish Institute of Occupational Health in Helsinki and University College London, focused on 2,123 workers who were all evaluated as mentally healthy when they entered the study, between 1991 and 1993. After six years, a little more than three percent of the employees had experienced clinical depression within the previo","""All work and no play makes Jack a dull boy,"" goes the popular saying. Apparently, it also makes Jack a depressed boy. For people who work long hours, above the 40-hour-per-week average, the risk of becoming depressed is much greater. And that increased risk of depression is high no matter how stressful the job. This was clearly illustrated recently in Britain, where more than 2,000 civil servants were followed for six years. Those who put in an average of 11 hours per day or more at the office, had about two and a half times the odds of developing depression that their colleagues who clocked out after seven or eight hours. Overtime and Depression The British study used data from another long-running study called Whitehall II, which conducted research on employees from 20 different branches of civil service in London. Lead author Marianna Virtanen, Ph.D. from the Finnish Institute of Occupational Health in Helsinki and University College London, focused on 2,123 workers who were all evaluated as mentally healthy when they entered the study, between 1991 and 1993. After six years, a little more than three percent of the employees had experienced clinical depression within the previo",exact_duplicate|near_duplicate|semantic_duplicate|same_template_different_content|related_but_both_valuable|false_positive|unclear
,shard_00113.parquet:13203,shard_00097.parquet:43150,1.0000004768371582,2367,2367,"Not all collagens are alike The human body sometimes needs help to regenerate bones, soft tissue or cartilage - help in the form of collagen materials. Collagen structures play an important part in the regeneration of body tissue. The collagen fibre composite is used by body cells as a guide rail for growth and a protective, supporting framework. It is often assumed that interaction between the cell surface and collagen structures also play a role in the differentiation of mesenchymal stem cells in bone or skin cells. Collagen products, such as membranes or matrices, may be the key to controlling the body’s regeneration ability perfectly. With the right collagen framework, hypothetically every single body tissue can be regenerated. Geistlich has the experts, the know-how and the technical equipment to design collagen fibers and collagen scaffolds for different therapeutic needs. Collagen – the all-rounder Collagen is so special because it is naturally occurring, it is an all-natural material. Over million of years, it has evolved a high safety level which is one of the key issues nowadays. In fact, there are more than 30 different types of collagen in the different parts of the bod","Not all collagens are alike The human body sometimes needs help to regenerate bones, soft tissue or cartilage - help in the form of collagen materials. Collagen structures play an important part in the regeneration of body tissue. The collagen fibre composite is used by body cells as a guide rail for growth and a protective, supporting framework. It is often assumed that interaction between the cell surface and collagen structures also play a role in the differentiation of mesenchymal stem cells in bone or skin cells. Collagen products, such as membranes or matrices, may be the key to controlling the body’s regeneration ability perfectly. With the right collagen framework, hypothetically every single body tissue can be regenerated. Geistlich has the experts, the know-how and the technical equipment to design collagen fibers and collagen scaffolds for different therapeutic needs. Collagen – the all-rounder Collagen is so special because it is naturally occurring, it is an all-natural material. Over million of years, it has evolved a high safety level which is one of the key issues nowadays. In fact, there are more than 30 different types of collagen in the different parts of the bod",exact_duplicate|near_duplicate|semantic_duplicate|same_template_different_content|related_but_both_valuable|false_positive|unclear
,shard_00100.parquet:2061,shard_00036.parquet:30471,0.9999999403953552,1627,1627,"The reason for the appearance of green on ripe tubers – chemical reactions occurring in the potato exposed to sunlight. The fact that under the rind contains chlorophyll, which under appropriate conditions begins to interact with ultraviolet and infrared radiation, – so runs the notorious reaction of photosynthesis. Chlorophyll is contained in all plants. Under the influence of light he gives them a characteristic green color, but sometimes paints the leaves in shades of purple. The potatoes initially are not green just because are in the ground and protected from sunlight. By the way, under artificial light photosynthesis does not start, so if the root has acquired uncharacteristic for them to color, then in the cellar there are cracks. As the potato belongs to the family of plants Solanaceae and contains solanine – the strongest poison. During the process of photosynthesis, its content increases several times. By the way, the substance is present in Mature tubers, but in small doses – in a concentration of not more than 0.05 %. But in the foliage, pods-fruits and greenish roots its level increases significantly. Green potatoes are not edible because of the solanine content increa","The reason for the appearance of green on ripe tubers – chemical reactions occurring in the potato exposed to sunlight. The fact that under the rind contains chlorophyll, which under appropriate conditions begins to interact with ultraviolet and infrared radiation, – so runs the notorious reaction of photosynthesis. Chlorophyll is contained in all plants. Under the influence of light he gives them a characteristic green color, but sometimes paints the leaves in shades of purple. The potatoes initially are not green just because are in the ground and protected from sunlight. By the way, under artificial light photosynthesis does not start, so if the root has acquired uncharacteristic for them to color, then in the cellar there are cracks. As the potato belongs to the family of plants Solanaceae and contains solanine – the strongest poison. During the process of photosynthesis, its content increases several times. By the way, the substance is present in Mature tubers, but in small doses – in a concentration of not more than 0.05 %. But in the foliage, pods-fruits and greenish roots its level increases significantly. Green potatoes are not edible because of the solanine content increa",exact_duplicate|near_duplicate|semantic_duplicate|same_template_different_content|related_but_both_valuable|false_positive|unclear
,shard_00068.parquet:1689,shard_00149.parquet:38382,0.9999997615814209,4995,4995,"Colours affect various domains of our life – world, food, clothing, the living place, transportation, education and recreation. Colour also can harmonize and balance our energy and thus improve our life and destiny. Out of the balance and harmonizing of positive and negative forces arises energy – the most essential feature of life and human energy is greatly affected by colour. Colours play a vital role in influencing vastu shastra to a greater extent. Let us take a look at how colours influence vastu, which bring balance to our minds and bodies and stimulate our energy that is a colourful change which gives zest: Colors are most powerful in influencing the human mind and body. It is also the least expensive, easiest and quickest to use, to change and to create a decorating scheme. In Vedic periods, all colors were taken out from vegetables and flowers, which were more permanent in shade, soothing to eye and natural tint. At an early period in human history the symbolic use of colors was made. During early period Heart, which was the seat of life and the blood was identified with life and consciousness and was colored red. Yellows were possibly the color of fire and white that of","Colours affect various domains of our life – world, food, clothing, the living place, transportation, education and recreation. Colour also can harmonize and balance our energy and thus improve our life and destiny. Out of the balance and harmonizing of positive and negative forces arises energy – the most essential feature of life and human energy is greatly affected by colour. Colours play a vital role in influencing vastu shastra to a greater extent. Let us take a look at how colours influence vastu, which bring balance to our minds and bodies and stimulate our energy that is a colourful change which gives zest: Colors are most powerful in influencing the human mind and body. It is also the least expensive, easiest and quickest to use, to change and to create a decorating scheme. In Vedic periods, all colors were taken out from vegetables and flowers, which were more permanent in shade, soothing to eye and natural tint. At an early period in human history the symbolic use of colors was made. During early period Heart, which was the seat of life and the blood was identified with life and consciousness and was colored red. Yellows were possibly the color of fire and white that of",exact_duplicate|near_duplicate|semantic_duplicate|same_template_different_content|related_but_both_valuable|false_positive|unclear
,shard_00038.parquet:4000,shard_00018.parquet:50681,0.9727553129196167,33654,24395,"The name comes from a Monty Python sketch in which the name of the canned pork product Spam is ubiquitous, unavoidable, and repetitive. Email spam has steadily grown since the early 1990s, and by 2014 was estimated to account for around 90% of total email traffic. The legal definition and status of spam varies from one jurisdiction to another, but nowhere have laws and lawsuits been particularly successful in stemming spam. Most email spam messages are commercial in nature. Whether commercial or not, many are not only annoying, but also dangerous because they may contain links that lead to phishing web sites or sites that are hosting malware or include malware as file attachments. Spammers collect email addresses from chat rooms, websites, customer lists, newsgroups, and viruses that harvest users' address books. These collected email addresses are sometimes also sold to other spammers. At the beginning of the Internet (the ARPANET), sending of commercial email was prohibited. Gary Thuerk sent the first email spam message in 1978 to 600 people. He was reprimanded and told not to do it again. Now the ban on spam is enforced by the Terms of Service/Acceptable Use Policy (ToS/AUP) of","Email spam, also referred to as junk email, spam mail, or simply spam, is unsolicited messages sent in bulk by email (spamming). The name comes from a Monty Python sketch in which the name of the canned pork product Spam is ubiquitous, unavoidable, and repetitive. Email spam has steadily grown since the early 1990s, and by 2014 was estimated to account for around 90% of total email traffic. Since the expense of the spam is borne mostly by the recipient, it is effectively postage due advertising. Thus, it is an example of a negative externality. The legal definition and status of spam varies from one jurisdiction to another, but nowhere have laws and lawsuits been particularly successful in stemming spam. Most email spam messages are commercial in nature. Whether commercial or not, many are not only annoying as a form of attention theft, but also dangerous because they may contain links that lead to phishing web sites or sites that are hosting malware or include malware as file email attachment. Spammers collect email addresses from chat rooms, websites, customer lists, newsgroups, and viruses that harvest users' address books. These collected email addresses are sometimes also sold",exact_duplicate|near_duplicate|semantic_duplicate|same_template_different_content|related_but_both_valuable|false_positive|unclear
,shard_00138.parquet:23789,shard_00085.parquet:15833,0.9999997615814209,3953,3953,"The gladiators became popular for fighting to the death (usually) in order to entertain the roman public, in fighting pits. They fought against other gladiators, prisoners, and even wild beasts. The name comes from “gladius” which is roman for “sword”, afterwards derived to “gladiator” (sword fighter). The actual origin of the gladiatorial fight is not agreed upon, but it probably started sometime in the 3rd century B.C. during the Punic Wars. Not long after it became a big part of the roman tradition, as it was a means to entertain both the aristocrats and the common people. It started as a tribute to different things, like a celebration of a military success or for the funeral of important figures in order to honor their memories. As the murderous games became more and more popular, gladiators were trained restlessly in special schools, becoming fighting machines with a single purpose: to kill. They were a very good business for politicians and the wealthy people. Slaves and war prisoners were often sold as gladiators, and the business quickly attracted large sums of money. The politicians also used the fights as a means to gather votes and praise from the commoners: if they mana","The gladiators became popular for fighting to the death (usually) in order to entertain the roman public, in fighting pits. They fought against other gladiators, prisoners, and even wild beasts. The name comes from “gladius” which is roman for “sword”, afterwards derived to “gladiator” (sword fighter). The actual origin of the gladiatorial fight is not agreed upon, but it probably started sometime in the 3rd century B.C. during the Punic Wars. Not long after it became a big part of the roman tradition, as it was a means to entertain both the aristocrats and the common people. It started as a tribute to different things, like a celebration of a military success or for the funeral of important figures in order to honor their memories. As the murderous games became more and more popular, gladiators were trained restlessly in special schools, becoming fighting machines with a single purpose: to kill. They were a very good business for politicians and the wealthy people. Slaves and war prisoners were often sold as gladiators, and the business quickly attracted large sums of money. The politicians also used the fights as a means to gather votes and praise from the commoners: if they mana",exact_duplicate|near_duplicate|semantic_duplicate|same_template_different_content|related_but_both_valuable|false_positive|unclear
,shard_00055.parquet:1103,shard_00022.parquet:44201,0.9842597842216492,7512,7310,"Hamlet, Laertes & Fortinbras: Avenging Their Fathers:: 1 Works Cited Length: 1329 words (3.8 double-spaced pages) - - - - - - - - - - - - - - - - - - - - - - - - - - - - - - - - - - fathers who they felt were untimely killed at the bloody hands of their murderers. However, the way each chose to go about this varies greatly and gives insight into their characters and how they progress throughout the play.In the play Hamlet by William Shakespeare, the theme of revenge is very palpable as the reader examines the characters of Hamlet himself, as well as Laertes, son of Polonius, and Fortinbras, prince of Norway and son of the late King Fortinbras. Each of these young characters felt the need to avenge the deaths of their Hamlet, Laertes and Fortinbras are similar in the fact that each had love, or at least respect their fathers. Enough to make an attempt to wreak revenge upon their fathers murderers at the risk of their own reputation, freedom, and souls. Each characters father had a substantially high social class in their respective countries, which in turn gives them high social class as well. With Hamlet and Fortinbras as sons of kings and Laertes as the son of an aristocrat of hig","Hamlet, Laertes & Fortinbras: Avenging Their Fathers Essay, Research Paper In the play Hamlet by William Shakespeare, the theme of revenge is very palpable as the reader examines the characters of Hamlet himself, as well as Laertes, son of Polonius, and Fortinbras, prince of Norway and son of the late King Fortinbras. Each of these young characters felt the need to avenge the deaths of their fathers who they felt were untimely killed at the bloody hands of their murderers. However, the way each chose to go about this varies greatly and gives insight into their characters and how they progress throughout the play. Hamlet, Laertes and Fortinbras are similar in the fact that each had love, or at least respect their fathers. Enough to make an attempt to wreak revenge upon their fathers murderers at the risk of their own reputation, freedom, and souls. Each characters father had a substantially high social class in their respective countries, which in turn gives them high social class as well. With Hamlet and Fortinbras as sons of kings and Laertes as the son of an aristocrat of high regard in the Danish court, all had a lot to loose if unsuccessful in their ploy. Each of the sons belie",exact_duplicate|near_duplicate|semantic_duplicate|same_template_different_content|related_but_both_valuable|false_positive|unclear
,shard_00099.parquet:5330,shard_00091.parquet:38002,1.0000003576278687,2676,2676,"Metabolism and gut microbes are considered key players in the fight against obesity. However, there is an ongoing debate about whether exercise or diet is better at promoting metabolism and healthy shifts in gut microbes, the microscopic organisms in our intestines that break down food and contribute to decreased obesity. “Some have claimed that exercise may not play a significant role in weight loss, as exercise can increase appetite resulting in greater food intake and potentially reduce activity throughout the day,” says Vicki Vieira-Potter, assistant professor of nutrition and exercise physiology at the University of Missouri. “The purpose of this study was to look at exercise independently from weight loss and to determine other metabolic benefits associated with physical activity. Our team aimed to tease out what effects on adipose, or fat tissue, were due to weight loss from diet, and what could be attributed to exercise.” Researchers divided young rats prone to obesity into three groups to study the impact of exercise on their metabolic function and fat tissue. All three of the rat groups were fed a high-fat diet. Two of the groups were sedentary while the third group was a","Metabolism and gut microbes are considered key players in the fight against obesity. However, there is an ongoing debate about whether exercise or diet is better at promoting metabolism and healthy shifts in gut microbes, the microscopic organisms in our intestines that break down food and contribute to decreased obesity. “Some have claimed that exercise may not play a significant role in weight loss, as exercise can increase appetite resulting in greater food intake and potentially reduce activity throughout the day,” says Vicki Vieira-Potter, assistant professor of nutrition and exercise physiology at the University of Missouri. “The purpose of this study was to look at exercise independently from weight loss and to determine other metabolic benefits associated with physical activity. Our team aimed to tease out what effects on adipose, or fat tissue, were due to weight loss from diet, and what could be attributed to exercise.” Researchers divided young rats prone to obesity into three groups to study the impact of exercise on their metabolic function and fat tissue. All three of the rat groups were fed a high-fat diet. Two of the groups were sedentary while the third group was a",exact_duplicate|near_duplicate|semantic_duplicate|same_template_different_content|related_but_both_valuable|false_positive|unclear
,shard_00130.parquet:40152,shard_00090.parquet:5375,1.0000005960464478,4345,4345,"Euthanasia, which is another name for good death, refers to a deliberate intervention that is carried out to relieve suffering or pain that can’t be managed adequately or cured. Euthanasia is an extremely difficult decision that you will have to make at some point if you have a dog. The overriding emotion will tell you to “do the right thing”, to fulfill your responsibility and commitment as a friend and caretaker. Although, in time you might look back at this decision and have conflicting emotions of guilt or comfort, especially in the early stages. Should you wait until your beloved dog passes away at home peacefully? It is quite tempting to think that instead of having your dog euthanized, it would be better to keep your dog at home and let nature take its course and wait for them to pass away peacefully during their sleep. However, even if they are very ill, natural death can still take a long period of time to arrive. In the meantime, your pet will be in severe pain, unable to drink or eat resulting in dehydration and malnutrition, inconsistent breathing, and more. Undoubtedly some species do die comfortably and peacefully at home. However, this is only possible if there is ex","Euthanasia, which is another name for good death, refers to a deliberate intervention that is carried out to relieve suffering or pain that can’t be managed adequately or cured. Euthanasia is an extremely difficult decision that you will have to make at some point if you have a dog. The overriding emotion will tell you to “do the right thing”, to fulfill your responsibility and commitment as a friend and caretaker. Although, in time you might look back at this decision and have conflicting emotions of guilt or comfort, especially in the early stages. Should you wait until your beloved dog passes away at home peacefully? It is quite tempting to think that instead of having your dog euthanized, it would be better to keep your dog at home and let nature take its course and wait for them to pass away peacefully during their sleep. However, even if they are very ill, natural death can still take a long period of time to arrive. In the meantime, your pet will be in severe pain, unable to drink or eat resulting in dehydration and malnutrition, inconsistent breathing, and more. Undoubtedly some species do die comfortably and peacefully at home. However, this is only possible if there is ex",exact_duplicate|near_duplicate|semantic_duplicate|same_template_different_content|related_but_both_valuable|false_positive|unclear
,shard_00034.parquet:16774,shard_00095.parquet:45799,1.000000238418579,3728,3728,"Firstly, we are in desperate need of a better understanding of the size and the characteristics of this issue. We need data to help us plan effectively. We have hit an analytical stone wall in terms of understanding what the consequences of this issue are and we are going to have to deal with extraordinary levels of ambiguity. Climate change can take so many different forms in terms of how it impacts on migration or even on refugee flows. The first requirement is to get better analysis. The second issue is who is actually going to handle this issue. This is a global problem which will require action at the national, sub-regional, regional and international level. The UN clearly has a role to play, and the Secretary-General has made this a system-wide priority. UNHCR has a clear mandate to protect and assist refugees and stateless persons. Some substantial percentage of the people who will be displaced will be escaping conflict or persecution brought on by civil strife caused in turn by climate change. Those who flee their country because the country no longer exists may well become stateless and therefore become charges of UNHCR. In all of these situations UNHCR has the mandate and","Firstly, we are in desperate need of a better understanding of the size and the characteristics of this issue. We need data to help us plan effectively. We have hit an analytical stone wall in terms of understanding what the consequences of this issue are and we are going to have to deal with extraordinary levels of ambiguity. Climate change can take so many different forms in terms of how it impacts on migration or even on refugee flows. The first requirement is to get better analysis. The second issue is who is actually going to handle this issue. This is a global problem which will require action at the national, sub-regional, regional and international level. The UN clearly has a role to play, and the Secretary-General has made this a system-wide priority. UNHCR has a clear mandate to protect and assist refugees and stateless persons. Some substantial percentage of the people who will be displaced will be escaping conflict or persecution brought on by civil strife caused in turn by climate change. Those who flee their country because the country no longer exists may well become stateless and therefore become charges of UNHCR. In all of these situations UNHCR has the mandate and",exact_duplicate|near_duplicate|semantic_duplicate|same_template_different_content|related_but_both_valuable|false_positive|unclear
,shard_00065.parquet:48383,shard_00042.parquet:13186,0.9847855567932129,2873,2444,"Instead of metal and ceramic hip replacements, patients receive an implant made from a plastic material that stimulates new bone growth, and then gradually degrades. The result would be a new hip made of bone. Scientists at Edinburgh and Southampton universities have created the artificial bone material, which has a honeycomb structure and acts as a scaffold for stem cells. The results of their study, published in the journal Advanced Functional Materials, was funded by the Biotechnology and Biological Sciences Research Council. The stem cells attach themselves to the artificial material, and are then transformed into bone cells. ""We would like to start human trials, but we have to get regulatory approval, which takes time and is expensive. It will probably be five years until we start them,"" Professor Bradley at Edinburgh University told the Daily Telegraph. Richard Oreffo, professor of musculoskeletal science at Southampton University, who also conducted research into the study, said: ""If you have a hip replacement, and you have to have it revised after 10 or 15 years, you need bone stock to keep it from rattling around,"" he said. According to the National Osteoporosis Society, t","Instead of metal and ceramic hip replacements, patients receive an implant made from a plastic material that stimulates new bone growth, and then gradually degrades. The result would be a new hip made of bone. Scientists at Edinburgh and Southampton universities have created the artificial bone material, which has a honeycomb structure and acts as a scaffold for stem cells. The results of their study, published in the journal Advanced Functional Materials, was funded by the Biotechnology and Biological Sciences Research Council. The stem cells attach themselves to the artificial material, and are then transformed into bone cells. “We would like to start human trials, but we have to get regulatory approval, which takes time and is expensive. It will probably be five years until we start them,” Professor Bradley at Edinburgh University told the Daily Telegraph. Richard Oreffo, professor of musculoskeletal science at Southampton University, who also conducted research into the study, said: “If you have a hip replacement, and you have to have it revised after 10 or 15 years, you need bone stock to keep it from rattling around,” he said. According to the National Osteoporosis Society, t",exact_duplicate|near_duplicate|semantic_duplicate|same_template_different_content|related_but_both_valuable|false_positive|unclear
,shard_00163.parquet:19796,shard_00040.parquet:769,1.000001072883606,685,685,"ASK A QUESTION What are some elementary (easy) Spanish words with ""x"" in them? We are working on homework with my 1st grader. He needs words with ""xa"", ""xe"", and ""xi"" in them. The word does NOT have to begin with ""X"" -- the ""X"" can be inside the word. We need kind of simple words (for a young student). Thank you! Examen Cannot think of words with xe (there is usually a ""c"" between the x and the e, like excelente ) Xilófono (or exilio, but that would be too big a word for a 1st grader) I hope this helps! Te extraño means I miss you. That's a good phrase for a young student. México- Mexico el taxi- taxi explicar - to explain existir- to exist/ to be in existence exitos = success","ASK A QUESTION What are some elementary (easy) Spanish words with ""x"" in them? We are working on homework with my 1st grader. He needs words with ""xa"", ""xe"", and ""xi"" in them. The word does NOT have to begin with ""X"" -- the ""X"" can be inside the word. We need kind of simple words (for a young student). Thank you! Examen Cannot think of words with xe (there is usually a ""c"" between the x and the e, like excelente ) Xilófono (or exilio, but that would be too big a word for a 1st grader) I hope this helps! Te extraño means I miss you. That's a good phrase for a young student. México- Mexico el taxi- taxi explicar - to explain existir- to exist/ to be in existence exitos = success",exact_duplicate|near_duplicate|semantic_duplicate|same_template_different_content|related_but_both_valuable|false_positive|unclear
,shard_00064.parquet:51518,shard_00156.parquet:37260,0.9999997019767761,2084,2084,"Once students have learned that “a” or “an” must precede a singular count word, and that no article precedes a singular noncount word, it is time to teach how to use the article “the” with proper nouns. Cut out pictures of one-of-a-kind monuments or natural landmarks, such as the Grand Canyon, White House, Niagara Falls, and Statue of Liberty. Also cut out pictures of a few famous people like Abraham Lincoln, Queen Elizabeth and Barack Obama, and pictures of places that the student knows or visits like the church, school and library he attends. Cut out pictures of a few cities or towns, rivers and mountains. Under each, write its name without any article. Explain to students that the article “the” is used in front of one-of-a-kind nouns. So even though “a” would be used in front of “statue,” because the Statue of Liberty is the only one like it, we use “the,” not “a,” in front of that name. Let the students mimic you saying “the White House” and “the Eiffel Tower.” Explain that “the” is not used in front of people’s names. So we do not say “the George Washington.” We do not use articles of any kind in front of people’s names. Show pictures of people whose names the student would kn","Once students have learned that “a” or “an” must precede a singular count word, and that no article precedes a singular noncount word, it is time to teach how to use the article “the” with proper nouns. Cut out pictures of one-of-a-kind monuments or natural landmarks, such as the Grand Canyon, White House, Niagara Falls, and Statue of Liberty. Also cut out pictures of a few famous people like Abraham Lincoln, Queen Elizabeth and Barack Obama, and pictures of places that the student knows or visits like the church, school and library he attends. Cut out pictures of a few cities or towns, rivers and mountains. Under each, write its name without any article. Explain to students that the article “the” is used in front of one-of-a-kind nouns. So even though “a” would be used in front of “statue,” because the Statue of Liberty is the only one like it, we use “the,” not “a,” in front of that name. Let the students mimic you saying “the White House” and “the Eiffel Tower.” Explain that “the” is not used in front of people’s names. So we do not say “the George Washington.” We do not use articles of any kind in front of people’s names. Show pictures of people whose names the student would kn",exact_duplicate|near_duplicate|semantic_duplicate|same_template_different_content|related_but_both_valuable|false_positive|unclear
,shard_00095.parquet:26885,shard_00116.parquet:38900,0.955664336681366,4693,4119,"When there?s an imbalance in the muscle and ligament surrounding a toe joint, the effect is a bend in the middle joint of the toe, which causes the whole toe to bend upward. Because the toe is bent in an unnatural way, it?s common for the toe to become irritated and even develop corns. A toe that curls under rather than bends upward is also considered a Hammer toe. Hammer toe results from shoes that don't fit properly or a muscle imbalance, usually in combination with one or more other factors. Muscles work in pairs to straighten and bend the toes. If the toe is bent and held in one position long enough, the muscles tighten and cannot stretch out. Shoes that narrow toward the toe may make your forefoot look smaller. But they also push the smaller toes into a flexed (bent) position. The toes rub against the shoe, leading to the formation of corns and calluses, which further aggravate the condition. A higher heel forces the foot down and squishes the toes against the shoe, increasing the pressure and the bend in the toe. Eventually, the toe muscles become unable to straighten the toe, even when there is no confining shoe. The most obvious symptom of hammertoe is the bent, hammer-like","Hammer toes can result in pain and difficulty in moving the toe. Corns, calluses and blisters can occur from the rubbing of the contracted toe against the inside of the footwear. Both Hammer toes and mallet toe can cause pain during walking, running and other activities. If left untreated, the tendons of the toe may contract and tighten, causing the toe to become permanently stiff and contracted. A podiatric physician or surgeon may have to cut or realign tendons and/or remove pieces of bone to straighten the toe. This may require that the bones be fixed temporarily with pins while the toe heals. Ill-fitting shoes or a muscle imbalance are the most common causes of Hammer Toe. If there is an issue with a muscle in the second, third or fourth toes preventing them from straightening, Hammer Toe can result. If one of these toes is bent long enough in one position, the muscles tighten and cannot stretch out. Left untreated, surgery may be required. Women are especially prone to developing Hammer Toe because of their shoes. Hammer Toe results from shoes that don?t fit properly. Shoes that narrow toward the toe, pushing smaller toes into a bend position for extended periods of time. High",exact_duplicate|near_duplicate|semantic_duplicate|same_template_different_content|related_but_both_valuable|false_positive|unclear
,shard_00102.parquet:43084,shard_00063.parquet:40533,0.9999998211860657,1207,1207,"An interplanetary internet does not exist yet. When people talk about an interplanetary internet, they are talking about a problem they are still trying to solve - the problem of making the internet to work between different planets. Method[change | change source] The way the internet works here on Earth is simple. Computers need to connect to each and can share a network. One computer sends another computer a message (called a packet) and then the other sends back a message saying it got it. This works fine because the messages only take a second to get back and forth. But if you were sending that message to Mars, it would take about ten minutes for the message to get there, and another ten for it to get back. That means we need to completely change the way computers talk to each other if we are going to communicate between different planets. That is the problem people are trying to solve when they talk about the interplanetary internet. It's a new and a very interesting concept. References[change | change source] - The Interplanetary Internet, Joab Jackson, IEEE Spectrum, August 2005. Other websites[change | change source] - The InterPlaNetary Internet Project IPN Special Interes","An interplanetary internet does not exist yet. When people talk about an interplanetary internet, they are talking about a problem they are still trying to solve - the problem of making the internet to work between different planets. Method[change | change source] The way the internet works here on Earth is simple. Computers need to connect to each and can share a network. One computer sends another computer a message (called a packet) and then the other sends back a message saying it got it. This works fine because the messages only take a second to get back and forth. But if you were sending that message to Mars, it would take about ten minutes for the message to get there, and another ten for it to get back. That means we need to completely change the way computers talk to each other if we are going to communicate between different planets. That is the problem people are trying to solve when they talk about the interplanetary internet. It's a new and a very interesting concept. References[change | change source] - The Interplanetary Internet, Joab Jackson, IEEE Spectrum, August 2005. Other websites[change | change source] - The InterPlaNetary Internet Project IPN Special Interes",exact_duplicate|near_duplicate|semantic_duplicate|same_template_different_content|related_but_both_valuable|false_positive|unclear
,shard_00040.parquet:45549,shard_00085.parquet:49437,1.0000003576278687,2166,2166,"On Monday, March 23, 2020, the DME-115 Graphic Design Tools students and I began working from home. The conversion to an Online class has provided many challenges and technical difficulties. Each challenge we have had was definitely a learning opportunity for us. But, I don’t want to focus on that right now. I want to highlight the work of my students as they learn about graphic design from home. I have been super proud of the work these students have completed in this challenging time we are all in right now. Poster Design Project In this project, the students were asked to design a public-awareness poster about the Coronavirus Disease (COVID-19). The goal is to raise awareness of the disease. What is it? How do you protect yourself? etc… The students were asked to do some research. There is a lot of false information out there and we don’t want to promote that. Below are a few examples of the students’ posters. Book Cover Design Project In this project, the students were asked to design a book cover. They could choose any book they would like to design a new cover for. The students had to get to know the subject matter of the book by reading a synopsis if they have not read it ye","On Monday, March 23, 2020, the DME-115 Graphic Design Tools students and I began working from home. The conversion to an Online class has provided many challenges and technical difficulties. Each challenge we have had was definitely a learning opportunity for us. But, I don’t want to focus on that right now. I want to highlight the work of my students as they learn about graphic design from home. I have been super proud of the work these students have completed in this challenging time we are all in right now. Poster Design Project In this project, the students were asked to design a public-awareness poster about the Coronavirus Disease (COVID-19). The goal is to raise awareness of the disease. What is it? How do you protect yourself? etc… The students were asked to do some research. There is a lot of false information out there and we don’t want to promote that. Below are a few examples of the students’ posters. Book Cover Design Project In this project, the students were asked to design a book cover. They could choose any book they would like to design a new cover for. The students had to get to know the subject matter of the book by reading a synopsis if they have not read it ye",exact_duplicate|near_duplicate|semantic_duplicate|same_template_different_content|related_but_both_valuable|false_positive|unclear
,shard_00054.parquet:29307,shard_00010.parquet:197,0.9999998807907104,29765,29765,"The bankruptcy process is much more complex for lenders than it is for landlords. To understand bankruptcy essentials for lenders, it helps to understand some basic concepts. There are three main types of bankruptcies that can be filed: (1) Chapter 7, (2) Chapter 13, and (3) Chapter 11. Chapter 7 bankruptcies are liquidation bankruptcies. In a liquidation bankruptcy, all of the debtor’s non-exempt assets will be sold off and the bankruptcy court will grant the debtor a discharge of all remaining unsecured debt. Liquidation is generally the simplest and easiest bankruptcy, but in the United States, it is rarely available for wage-earners. Congress created wage-earner consumer bankruptcy repayment plans in order to ensure that people who earn income are not able to run up substantial debt and then discharge it without making an attempt to pay the debt off using their disposable income. Congress adopted wage-earner plans with Chapter XIII in the Chandler Act of 1938, which became the modern-day Chapter 13 in the Bankruptcy Reform Act of 1978. In a Chapter 13 wage-earner plan, the debtor must devote the debtor’s disposable income toward the repayment of unsecured debts over the course","The bankruptcy process is much more complex for lenders than it is for landlords. To understand bankruptcy essentials for lenders, it helps to understand some basic concepts. There are three main types of bankruptcies that can be filed: (1) Chapter 7, (2) Chapter 13, and (3) Chapter 11. Chapter 7 bankruptcies are liquidation bankruptcies. In a liquidation bankruptcy, all of the debtor’s non-exempt assets will be sold off and the bankruptcy court will grant the debtor a discharge of all remaining unsecured debt. Liquidation is generally the simplest and easiest bankruptcy, but in the United States, it is rarely available for wage-earners. Congress created wage-earner consumer bankruptcy repayment plans in order to ensure that people who earn income are not able to run up substantial debt and then discharge it without making an attempt to pay the debt off using their disposable income. Congress adopted wage-earner plans with Chapter XIII in the Chandler Act of 1938, which became the modern-day Chapter 13 in the Bankruptcy Reform Act of 1978. In a Chapter 13 wage-earner plan, the debtor must devote the debtor’s disposable income toward the repayment of unsecured debts over the course",exact_duplicate|near_duplicate|semantic_duplicate|same_template_different_content|related_but_both_valuable|false_positive|unclear
,shard_00060.parquet:10885,shard_00031.parquet:19291,0.979569673538208,3900,3752,"MD to study ocean acidification’s effects on Bay’s oysters While not yet a problem here, West Coast shellfish industry has seen devastating losses. As waters worldwide become more acidic from an increase of carbon in the atmosphere, Maryland is devising a plan to better understand acidification in the Chesapeake and other waters of the state to determine whether it will become a problem for oysters. A new law, House Bill 118, which passed easily in the 2014 legislative session, established a task force that the Department of Natural Resources will staff. Other task force members will include representatives from the Maryland Department of the Environment, the Maryland Watermen’s Association, the National Aquarium and the state’s aquaculture industry. Ocean acidification, a byproduct of climate change, has been devastating oysters on the West Coast, where the shellfish oyster industry is valued at $84 million and supports more than 3,000 jobs, according to National Oceanic and Atmospheric Administration officials. Losses were particularly severe from 2005–08. In 2008 alone, the oyster production at Whiskey Creek, one of Oregon’s largest hatcheries, dropped 80 percent. Since then, mo","As waters worldwide become more acidic from an increase of carbon in the atmosphere, Maryland is devising a plan to better understand acidification in the Chesapeake and other waters of the state to determine whether it will become a problem for oysters. A new law, House Bill 118, which passed easily in the 2014 legislative session, established a task force that the Department of Natural Resources will staff. Other task force members will include representatives from the Maryland Department of the Environment, the Maryland Watermen’s Association, the National Aquarium and the state’s aquaculture industry. Ocean acidification, a byproduct of climate change, has been devastating oysters on the West Coast, where the shellfish oyster industry is valued at $84 million and supports more than 3,000 jobs, according to National Oceanic and Atmospheric Administration officials. Losses were particularly severe from 2005–08. In 2008 alone, the oyster production at Whiskey Creek, one of Oregon’s largest hatcheries, dropped 80 percent. Since then, monitoring has improved the conditions at the hatcheries, allowing managers to better plan oyster spawns and make changes as conditions vary. In acidi",exact_duplicate|near_duplicate|semantic_duplicate|same_template_different_content|related_but_both_valuable|false_positive|unclear
,shard_00109.parquet:31160,shard_00101.parquet:5269,1.000000238418579,2515,2515,"If you use Surface or other Windows tablets/ laptops with a stylus, the default action is to draw on top of the document. This can be annoying. Here is how to use the Surface pen as a mouse with Office tools. Use the Surface pen as a mouse with Office The default setting is to use the pen for drawing. In the image below, I tried to select the textbox and move it using the pen. This is what happened. Annoying, is it not? This is NOT a bug. This is a feature. The idea is simple. Microsoft wants you to use the pen as a pen by default. You can use it to annotate things in Word, Excel or PowerPoint. But what if you want to use it as a regular mouse? No problem. Just go to File – Options – Advanced and activate the option Use pen to select and interact with content by default Now the pen works like a mouse. This setting is available in Word, Excel and PowerPoint. Outlook does not need this setting because, although we use Word as the editor, the mails go out as HTML. OneNote is a completely different story. If you have a pen, you would like to take notes as handwriting. If you have a keyboard, you can type. Therefore, with OneNote, the pen is always in draw mode. There is a setting which","If you use Surface or other Windows tablets/ laptops with a stylus, the default action is to draw on top of the document. This can be annoying. Here is how to use the Surface pen as a mouse with Office tools. Use the Surface pen as a mouse with Office The default setting is to use the pen for drawing. In the image below, I tried to select the textbox and move it using the pen. This is what happened. Annoying, is it not? This is NOT a bug. This is a feature. The idea is simple. Microsoft wants you to use the pen as a pen by default. You can use it to annotate things in Word, Excel or PowerPoint. But what if you want to use it as a regular mouse? No problem. Just go to File – Options – Advanced and activate the option Use pen to select and interact with content by default Now the pen works like a mouse. This setting is available in Word, Excel and PowerPoint. Outlook does not need this setting because, although we use Word as the editor, the mails go out as HTML. OneNote is a completely different story. If you have a pen, you would like to take notes as handwriting. If you have a keyboard, you can type. Therefore, with OneNote, the pen is always in draw mode. There is a setting which",exact_duplicate|near_duplicate|semantic_duplicate|same_template_different_content|related_but_both_valuable|false_positive|unclear
,shard_00166.parquet:12645,shard_00088.parquet:47275,0.9999998211860657,7314,7314,"Know what a cobbler is? How about a cooper? These are words you commonly hear, but other than a dessert and a brand name of tires, respectively, you probably don’t actually know what those words mean. These were once jobs. They are gone now. Previous industrial revolutions made them obsolete. The Fourth Industrial Revolution is upon us. You need to educate yourself, make changes and adapt, before your job is obsolete. What Is It and Why Is It Fourth? The First Industrial Revolution involved using water to create steam that powered machines, which took place in the late 1700s. The Second Industrial Revolution, during the late 1800s, brought electricity and mass production of goods. By the late 1900s, we had automated production, information technology (IT) and many electronic devices that were previously manual. This was the Third Industrial Revolution. Like all revolutions, the next is always a continuation of the previous. When a revolution becomes its own revolution, rather than a continuation of the previous one, is open to debate. The Fourth Industrial Revolution can be defined as the fusion of technologies among the digital, physical and biological systems. The internet can be","Know what a cobbler is? How about a cooper? These are words you commonly hear, but other than a dessert and a brand name of tires, respectively, you probably don’t actually know what those words mean. These were once jobs. They are gone now. Previous industrial revolutions made them obsolete. The Fourth Industrial Revolution is upon us. You need to educate yourself, make changes and adapt, before your job is obsolete. What Is It and Why Is It Fourth? The First Industrial Revolution involved using water to create steam that powered machines, which took place in the late 1700s. The Second Industrial Revolution, during the late 1800s, brought electricity and mass production of goods. By the late 1900s, we had automated production, information technology (IT) and many electronic devices that were previously manual. This was the Third Industrial Revolution. Like all revolutions, the next is always a continuation of the previous. When a revolution becomes its own revolution, rather than a continuation of the previous one, is open to debate. The Fourth Industrial Revolution can be defined as the fusion of technologies among the digital, physical and biological systems. The internet can be",exact_duplicate|near_duplicate|semantic_duplicate|same_template_different_content|related_but_both_valuable|false_positive|unclear
,shard_00032.parquet:16257,shard_00013.parquet:48364,1.0,1503,1503,"One of my favorite things about living in Chicago is Lincoln Park. More than 50 percent larger by area than New York’s Central Park, Lincoln Park is truly is a marvel. It spans seven miles along Chicago’s Lake Superior shoreline, boasting gardens, sports fields, one of the nation’s largest free zoos, a conservatory, two museums, and as many as 10,000 dead bodies in shallow, unmarked graves. Wait, what was that last one? Yeah, as it turns out, Lincoln Park wasn’t always a public park. It started out as Cemetery Park and the city’s cemetery in 1843. For several decades, thousands of Chicagoans were interred in the land now used as a park, including 4,000 Confederate prisoners of war held at Camp Douglas, and thousands who died during the periodic cholera epidemics of the late 1800s. After the Great Chicago Fire, virtually all of the burial markers were damaged or lost (in addition to the thousands buried in unmarked Potter’s Fields). While some graves were certainly moved during the transformation of Cemetery Park into its present-day form, it’s widely-known that thousands of those graves remain interred just feet beneath the running paths and baseball fields. In fact, as recently as","One of my favorite things about living in Chicago is Lincoln Park. More than 50 percent larger by area than New York’s Central Park, Lincoln Park is truly is a marvel. It spans seven miles along Chicago’s Lake Superior shoreline, boasting gardens, sports fields, one of the nation’s largest free zoos, a conservatory, two museums, and as many as 10,000 dead bodies in shallow, unmarked graves. Wait, what was that last one? Yeah, as it turns out, Lincoln Park wasn’t always a public park. It started out as Cemetery Park and the city’s cemetery in 1843. For several decades, thousands of Chicagoans were interred in the land now used as a park, including 4,000 Confederate prisoners of war held at Camp Douglas, and thousands who died during the periodic cholera epidemics of the late 1800s. After the Great Chicago Fire, virtually all of the burial markers were damaged or lost (in addition to the thousands buried in unmarked Potter’s Fields). While some graves were certainly moved during the transformation of Cemetery Park into its present-day form, it’s widely-known that thousands of those graves remain interred just feet beneath the running paths and baseball fields. In fact, as recently as",exact_duplicate|near_duplicate|semantic_duplicate|same_template_different_content|related_but_both_valuable|false_positive|unclear
,shard_00090.parquet:10383,shard_00076.parquet:18598,0.99626225233078,37568,37237,"Teaching Students with Disabilities - Mission of the Disabled Students' Program - Responsibilities of the Disabled Students' Program - Responsibilities of the Instructor - Responsibilities of the Student - General Suggestions on Teaching Students with Disabilities - Teaching Students with Autism Spectrum Disorders - Teaching Students with Chronic Illness or Pain - Teaching Students Who are Deaf or Hard of Hearing - Teaching Students with Learning Disabilities - Teaching Students with Attention-Deficit/Hyperactivity Disorder - Teaching Students with Limited Manual Dexterity - Teaching Students with Mobility Impairments - Teaching Students with Psychological Disabilities - Teaching Students with Speech Impairments - Teaching Students with Visual Disabilities - How DSP Can Assist Instructors at UC Berkeley The mission of the Disabled Students' Program (DSP) is to ensure that all students with disabilities have equal access to educational opportunities at UC Berkeley, so they can participate, freely and actively, in all facets of University life. DSP serves students with disabilities of all kinds, including mobility, visual, or hearing impairments; speech impairments; chronic illnesses","Mission of the Disabled Students' Program Responsibilities of the Disabled Students' Program Responsibilities of the Instructor Responsibilities of the Student General Suggestions on Teaching Students with Disabilities Teaching Students with Autism Spectrum Disorders Teaching Students with Chronic Illness or Pain Teaching Students Who are Deaf or Hard of Hearing Teaching Students with Learning Disabilities Teaching Students with Attention-Deficit/Hyperactivity Disorder Teaching Students with Limited Manual Dexterity Teaching Students with Mobility Impairments Teaching Students with Psychological Disabilities Teaching Students with Speech Impairments Teaching Students with Visual Disabilities How DSP Can Assist Instructors at UC Berkeley The mission of the Disabled Students' Program (DSP) is to ensure that all students with disabilities have equal access to educational opportunities at UC Berkeley, so they can participate, freely and actively, in all facets of University life. DSP serves students with disabilities of all kinds, including mobility, visual, or hearing impairments; speech impairments; chronic illnesses such as AIDS, diabetes, and lupus; seizure disorders; head injuries",exact_duplicate|near_duplicate|semantic_duplicate|same_template_different_content|related_but_both_valuable|false_positive|unclear
,shard_00137.parquet:6628,shard_00026.parquet:1158,0.9706439971923828,28462,28513,"Although Galileo and Shakespeare were both born in 1564, just coming up on a shared four-hundred-and-fiftieth birthday, Shakespeare never wrote a play about his contemporary. (Wise man that he was, Shakespeare never wrote a play about anyone who was alive to protest.) The founder of modern science had to wait three hundred years, but when he got his play it was a good one: Bertolt Brecht’s “Galileo,” which is the most Shakespearean of modern history plays, the most vivid and densely ambivalent. It was produced with Charles Laughton in 1947, during Brecht’s Hollywood exile, and Brecht’s image of the scientist as a worldly sensualist and ironist is hard to beat, or forget. Brecht’s Galileo steals the idea for the telescope from the Dutch, flatters the Medici into giving him a sinecure, creates two new sciences from sheer smarts and gumption—and then, threatened by the Church with torture for holding the wrong views on man’s place in the universe, he collapses, recants, and lives on in a twilight of shame. It might be said that Brecht, who truckled to the House Un-American Activities Committee—“My activities . . . have always been purely literary activities of a strictly independent n","What Galileo saw. February 11th, 2013 The New Yorker Although Galileo and Shakespeare were both born in 1564, just coming up on a shared four-hundred-and-fiftieth birthday, Shakespeare never wrote a play about his contemporary. (Wise man that he was, Shakespeare never wrote a play about anyone who was alive to protest.) The founder of modern science had to wait three hundred years, but when he got his play it was a good one: Bertolt Brecht’s “Galileo,” which is the most Shakespearean of modern history plays, the most vivid and densely ambivalent. It was produced with Charles Laughton in 1947, during Brecht’s Hollywood exile, and Brecht’s image of the scientist as a worldly sensualist and ironist is hard to beat, or forget. Brecht’s Galileo steals the idea for the telescope from the Dutch, flatters the Medici into giving him a sinecure, creates two new sciences from sheer smarts and gumption—and then, threatened by the Church with torture for holding the wrong views on man’s place in the universe, he collapses, recants, and lives on in a twilight of shame. It might be said that Brecht, who truckled to the House Un-American Activities Committee—“My activities . . . have always been p",exact_duplicate|near_duplicate|semantic_duplicate|same_template_different_content|related_but_both_valuable|false_positive|unclear
,shard_00075.parquet:7105,shard_00045.parquet:15389,1.0000008344650269,1712,1712,"A manufacturing engineer has implemented a variables sampling plan to verify the wall thickness of incoming 2-inch pipe. The lower specification for the pipe wall thickness is 0.09 inches. The engineer and the supplier agree that the AQL is 100 defectives per million and the RQL is 300 defectives per million. Based on these specifications, the engineer randomly selects and measures 104 pipes per lot of 2500 pipes. If the calculated Z-value is greater than the critical distance (3.55750), the engineer accepts the entire lot. The shift supervisor is concerned that measuring 104 pipes will take too much time. The supervisor prefers to measure fewer pipes, such as 50 pipes. The engineer agrees to examine a few different sampling plans to determine the risks and benefits of each plan. The engineer compares the graphs from the different sampling plans and realizes that the sample plans with sample sizes of 100 pipes and 104 pipes are very similar. The probability of acceptance at the AQL and the RQL changes by less than 0.5% (0.95 – 0.947). The AOQ change and the ATI change are also minimal. The engineer also decides that a sample size of 50 pipes does not protect the quality level well","A manufacturing engineer has implemented a variables sampling plan to verify the wall thickness of incoming 2-inch pipe. The lower specification for the pipe wall thickness is 0.09 inches. The engineer and the supplier agree that the AQL is 100 defectives per million and the RQL is 300 defectives per million. Based on these specifications, the engineer randomly selects and measures 104 pipes per lot of 2500 pipes. If the calculated Z-value is greater than the critical distance (3.55750), the engineer accepts the entire lot. The shift supervisor is concerned that measuring 104 pipes will take too much time. The supervisor prefers to measure fewer pipes, such as 50 pipes. The engineer agrees to examine a few different sampling plans to determine the risks and benefits of each plan. The engineer compares the graphs from the different sampling plans and realizes that the sample plans with sample sizes of 100 pipes and 104 pipes are very similar. The probability of acceptance at the AQL and the RQL changes by less than 0.5% (0.95 – 0.947). The AOQ change and the ATI change are also minimal. The engineer also decides that a sample size of 50 pipes does not protect the quality level well",exact_duplicate|near_duplicate|semantic_duplicate|same_template_different_content|related_but_both_valuable|false_positive|unclear
,shard_00124.parquet:27689,shard_00102.parquet:2166,1.0000004768371582,1424,1424,"Focusing on the specific effect of the Enlarge/Reduce spell: You cause a creature or an object you can see within range to grow larger or smaller for the duration. Consider a human who is, for reasons which will become obvious, named Inflatoman. Inflatoman is the target of an Enlarge spell cast by Engorgo. He grows to twice his size becoming a large creature. While the Engorgo maintains concentration; Reducto hits Inflatoman with a reduce spell, which clearly causes him to revert to his original size. While these spells have not cancelled each other, their effects have. So, what happens: if Engorgo stops concentrating while Reducto keeps concentrating: - Inflatoman stays his normal size; Reducto's spell has already done all the reducing it can do. - Inflatoman shrinks to small size; with Engorgo's spell removed the effect of Reducto's reasserts itself. if Reducto stops concentrating while Engorgo keeps concentrating: - Inflatoman stays his normal size; Engorgo's spell has already done all the enlarging it can do. - Inflatoman grows to large size; with Reducto's spell removed the effect of Engorgo's reasserts itself. An alternative way of asking this is: Is the growth from an Enlarg","Focusing on the specific effect of the Enlarge/Reduce spell: You cause a creature or an object you can see within range to grow larger or smaller for the duration. Consider a human who is, for reasons which will become obvious, named Inflatoman. Inflatoman is the target of an Enlarge spell cast by Engorgo. He grows to twice his size becoming a large creature. While the Engorgo maintains concentration; Reducto hits Inflatoman with a reduce spell, which clearly causes him to revert to his original size. While these spells have not cancelled each other, their effects have. So, what happens: if Engorgo stops concentrating while Reducto keeps concentrating: - Inflatoman stays his normal size; Reducto's spell has already done all the reducing it can do. - Inflatoman shrinks to small size; with Engorgo's spell removed the effect of Reducto's reasserts itself. if Reducto stops concentrating while Engorgo keeps concentrating: - Inflatoman stays his normal size; Engorgo's spell has already done all the enlarging it can do. - Inflatoman grows to large size; with Reducto's spell removed the effect of Engorgo's reasserts itself. An alternative way of asking this is: Is the growth from an Enlarg",exact_duplicate|near_duplicate|semantic_duplicate|same_template_different_content|related_but_both_valuable|false_positive|unclear
,shard_00021.parquet:5861,shard_00113.parquet:45141,1.0000001192092896,4861,4861,"Writing computer code for physics research is quite different to a lot of commercial software development (in a number of ways, which I might at some point write about in detail here). For example, graphical output. In most consumer software, it’s usually pretty important to at least have a nice-looking graphical interface for the user. In special cases, e.g. games, the graphical (and aural) feedback is pretty much the whole point of the software, so it’s obviously important to get it right. In scientific simulation, graphical feedback often doesn’t have quite the same status because it’s not normally the main output of the software. Instead, the main purpose of the code might be to produce huge data files which can then be analysed to measure various properties of the simulation’s ‘trajectory’, (e.g. temperature, pressure, structure) producing results broadly analogous to those taken in a real-life experiment. Whether or not the program looks good while it produces this trajectory is less important, and because speed and efficiency is usually such a key consideration in simulations, anything that might introduce an unnecessary overhead (e.g. graphics) is usually turned off. Howeve","Writing computer code for physics research is quite different to a lot of commercial software development (in a number of ways, which I might at some point write about in detail here). For example, graphical output. In most consumer software, it’s usually pretty important to at least have a nice-looking graphical interface for the user. In special cases, e.g. games, the graphical (and aural) feedback is pretty much the whole point of the software, so it’s obviously important to get it right. In scientific simulation, graphical feedback often doesn’t have quite the same status because it’s not normally the main output of the software. Instead, the main purpose of the code might be to produce huge data files which can then be analysed to measure various properties of the simulation’s ‘trajectory’, (e.g. temperature, pressure, structure) producing results broadly analogous to those taken in a real-life experiment. Whether or not the program looks good while it produces this trajectory is less important, and because speed and efficiency is usually such a key consideration in simulations, anything that might introduce an unnecessary overhead (e.g. graphics) is usually turned off. Howeve",exact_duplicate|near_duplicate|semantic_duplicate|same_template_different_content|related_but_both_valuable|false_positive|unclear
,shard_00040.parquet:53095,shard_00158.parquet:29841,0.9983781576156616,1132,1205,"Přemysl (pərzhĕmˈĭsəl) [key], earliest dynasty of Bohemia. Its semilegendary founder was the peasant Přemysl, whom the Bohemian Princess (sometimes called Queen) Libussa chose as her husband at some time in the 8th cent. Their successors united Bohemia into a single duchy and completed its Christianization. Outstanding among the early Přemyslid dukes were St. Wenceslaus (""Good King Wenceslaus""); Boleslav I (reigned 929–67), who extended his kingdom to Moravia and parts of Silesia; Bratislav I (reigned 1034–55), who temporarily occupied Poland and Silesia; and Vratislav II (reigned 1061–92), who in 1086 received from Holy Roman Emperor Henry IV the nonhereditary title of king of Bohemia. The royal title became permanent and hereditary only with Ottocar I (reigned 1198–1230). He was succeeded by Wenceslaus I, Ottocar II, Wenceslaus II (who was also king of Poland), and Wenceslaus III, with whom the dynasty died out in 1306. Wenceslaus III's sister married John of Luxembourg, elected king of Bohemia in 1310. The Columbia Electronic Encyclopedia, 6th ed. Copyright © 2012, Columbia University Press. All rights reserved.","Přemysl (pərzhĕmˈĭsəl) [key], earliest dynasty of Bohemia. Its semilegendary founder was the peasant Přemysl, whom the Bohemian Princess (sometimes called Queen) Libussa chose as her husband at some time in the 8th cent. Their successors united Bohemia into a single duchy and completed its Christianization. Outstanding among the early Přemyslid dukes were St. Wenceslaus (""Good King Wenceslaus""); Boleslav I (reigned 929–67), who extended his kingdom to Moravia and parts of Silesia; Bratislav I (reigned 1034–55), who temporarily occupied Poland and Silesia; and Vratislav II (reigned 1061–92), who in 1086 received from Holy Roman Emperor Henry IV the nonhereditary title of king of Bohemia. The royal title became permanent and hereditary only with Ottocar I (reigned 1198–1230). He was succeeded by Wenceslaus I, Ottocar II, Wenceslaus II (who was also king of Poland), and Wenceslaus III, with whom the dynasty died out in 1306. Wenceslaus III's sister married John of Luxembourg, elected king of Bohemia in 1310. The Columbia Electronic Encyclopedia, 6th ed. Copyright © 2012, Columbia University Press. All rights reserved. See more Encyclopedia articles on: Czech and Slovak History: Biogra",exact_duplicate|near_duplicate|semantic_duplicate|same_template_different_content|related_but_both_valuable|false_positive|unclear
,shard_00157.parquet:7905,shard_00028.parquet:35917,0.9940881729125977,8019,8164,"English - Vietnamese Dictionary design /di'zain/Concise Dictionary - danh từ - đề cương, bản phác thảo, phác hoạ, đồ án - the design of a machine: bản đồ án thiết kế một cái máy - the design of a book: đề cương một quyển sách - ý muốn, ý định, dự định, dự kiến, mục đích; ý đồ, mưu đồ - by (with) design: với ý định; với mục đích; cố ý để - whether by accident or design: vô tình hay hữu ý - with a design to: nhằm mục đích để - to have designs on (against) somebody: có mưu đồ ám hại ai - cách sắp xếp, cách trình bày, cách trang trí - a beautiful design of flowers: cách cắm hoa đẹp mắt - kiểu, mẫu, loại, dạng - cars of laters design: xe ô tô kiểu mới nhất - khả năng sáng tạo (kiểu, cách trình bày...), tài nghĩ ra (mưu kế...); sự sáng tạo - ngoại động từ - phác hoạ, vẽ phác (tranh...), vẽ kiểu (quần áo, xe ô tô...), thiết kế, làm đồ án (nhà cửa), làm đề cương, phác thảo cách trình bày (sách, tranh ảnh nghệ thuật) - có ý định, định, dự kiến, trù tính; có y đồ, có mưu đồ - to design to do (doing) something: dự định làm việc gì - we did not design this result: chúng tôi không dự kiến kết quả thế này - chỉ định, để cho, dành cho - this little sword was not designed for real fighting: thanh","English - Vietnamese Dictionary design /di'zain/Concise Dictionary - danh từ - đề cương, bản phác thảo, phác hoạ, đồ án - the design of a machine: bản đồ án thiết kế một cái máy - the design of a book: đề cương một quyển sách - ý muốn, ý định, dự định, dự kiến, mục đích; ý đồ, mưu đồ - by (with) design: với ý định; với mục đích; cố ý để - whether by accident or design: vô tình hay hữu ý - with a design to: nhằm mục đích để - to have designs on (against) somebody: có mưu đồ ám hại ai - cách sắp xếp, cách trình bày, cách trang trí - a beautiful design of flowers: cách cắm hoa đẹp mắt - kiểu, mẫu, loại, dạng - cars of laters design: xe ô tô kiểu mới nhất - khả năng sáng tạo (kiểu, cách trình bày...), tài nghĩ ra (mưu kế...); sự sáng tạo - ngoại động từ - phác hoạ, vẽ phác (tranh...), vẽ kiểu (quần áo, xe ô tô...), thiết kế, làm đồ án (nhà cửa), làm đề cương, phác thảo cách trình bày (sách, tranh ảnh nghệ thuật) - có ý định, định, dự kiến, trù tính; có y đồ, có mưu đồ - to design to do (doing) something: dự định làm việc gì - we did not design this result: chúng tôi không dự kiến kết quả thế này - chỉ định, để cho, dành cho - this little sword was not designed for real fighting: thanh",exact_duplicate|near_duplicate|semantic_duplicate|same_template_different_content|related_but_both_valuable|false_positive|unclear
,shard_00081.parquet:15619,shard_00133.parquet:40345,0.9999997019767761,1807,1807,"Environmental Protection Agency employees are continuing an effort today to test soil in the city’s Park Hill neighborhood. They want to determine if pesticides in the abandoned Black Leaf Chemical site have contaminated nearby yards. Black Leaf Chemical was a pesticide-manufacturing facility that operated on a 29-acre site in Park Hill from 1930 to 1970. Up until at least the 1950s, it made pesticides like DDT and Dieldrin. Now, federal and state regulators have evidence that pesticides and heavy metals migrated past the site’s perimeters into nearby alleys. They’re testing more than 50 nearby yards to find out if they’re contaminated, too. Art Smith is an EPA On-Scene Coordinator based in Louisville. He says his team is looking for signs of pesticides, arsenic and lead in more than 50 nearby yards. “The concern for contamination in people’s yards, the levels would be, they don’t have to be that high before they could be a concern for people being exposed on a regular basis over an extended period of time,” he said. In a house off of St. Louis Avenue, environmental scientist Don Hunter digs into the yard with a hand auger. “We don’t want to collect too much sample, too much depth,","Environmental Protection Agency employees are continuing an effort today to test soil in the city’s Park Hill neighborhood. They want to determine if pesticides in the abandoned Black Leaf Chemical site have contaminated nearby yards. Black Leaf Chemical was a pesticide-manufacturing facility that operated on a 29-acre site in Park Hill from 1930 to 1970. Up until at least the 1950s, it made pesticides like DDT and Dieldrin. Now, federal and state regulators have evidence that pesticides and heavy metals migrated past the site’s perimeters into nearby alleys. They’re testing more than 50 nearby yards to find out if they’re contaminated, too. Art Smith is an EPA On-Scene Coordinator based in Louisville. He says his team is looking for signs of pesticides, arsenic and lead in more than 50 nearby yards. “The concern for contamination in people’s yards, the levels would be, they don’t have to be that high before they could be a concern for people being exposed on a regular basis over an extended period of time,” he said. In a house off of St. Louis Avenue, environmental scientist Don Hunter digs into the yard with a hand auger. “We don’t want to collect too much sample, too much depth,",exact_duplicate|near_duplicate|semantic_duplicate|same_template_different_content|related_but_both_valuable|false_positive|unclear
,shard_00124.parquet:5155,shard_00046.parquet:50920,0.9999993443489075,1269,1269,"Whaling Culture and Climate Change Point Hope, a remote Iñupiat eskimo village on Alaska’s northwest coast faces an unknown future. The subsistence community relies on thick sea ice for their annual spring whale hunt, timed with the northern migration of bowhead and beluga whales. However the sea ice is developing later in the year than it has in the past (at times, not until mid winter instead of late fall) and when it does come in, it hasn’t been as reliably thick. This weak ice, known locally as “funny ice”, is unpredictable and can’t support the weight of an adult bowhead whale that is harvested and pulled onto the ice pack. For the 11 subsistence whaling villages of north/northwest Alaska that utilize the rich blubber and meat of whales to help feed their communities, this changing ice poses a threat to food security. But subsistence life is already threatened by an addiction to the income that oil resources have brought the villagers (who are shareholders in the native corporations that lease land to oil companies). A changing climate may hasten this threat to the subsistence life. These photos are an ongoing documentation of whaling culture in Point Hope and of a changing cl","Whaling Culture and Climate Change Point Hope, a remote Iñupiat eskimo village on Alaska’s northwest coast faces an unknown future. The subsistence community relies on thick sea ice for their annual spring whale hunt, timed with the northern migration of bowhead and beluga whales. However the sea ice is developing later in the year than it has in the past (at times, not until mid winter instead of late fall) and when it does come in, it hasn’t been as reliably thick. This weak ice, known locally as “funny ice”, is unpredictable and can’t support the weight of an adult bowhead whale that is harvested and pulled onto the ice pack. For the 11 subsistence whaling villages of north/northwest Alaska that utilize the rich blubber and meat of whales to help feed their communities, this changing ice poses a threat to food security. But subsistence life is already threatened by an addiction to the income that oil resources have brought the villagers (who are shareholders in the native corporations that lease land to oil companies). A changing climate may hasten this threat to the subsistence life. These photos are an ongoing documentation of whaling culture in Point Hope and of a changing cl",exact_duplicate|near_duplicate|semantic_duplicate|same_template_different_content|related_but_both_valuable|false_positive|unclear
,shard_00124.parquet:9985,shard_00133.parquet:42451,1.0000001192092896,2751,2751,"NVIDIA has slowly but surely dominated the GPU enterprise market. In recent years, GPUs have become increasingly necessary and need to sit alongside the CPU. Last year, NVIDIA launched a new operating unit with a data processing unit or DPU. Look at the three here and see what the difference is and why one would need more than one or all three of them. The Central Processing Unit (CPU) is the largest and most well-known processing unit. The CPU, or sometimes referred to as ""the processor,"" has been in use since the 1950s. Sometimes thought of as a form of the brain to computers (or anything that uses computing power), these processing units were the only programmable feature in the above devices for the longest time. As they continue to move faster and faster, other processing units were required to shift the landscape of information technology. Join the processing unit for graphics (GPU). Initially, the GPU was programmed to function independently of the CPU to control memory and render images (graphics) for display output. GPUs have been and still are commonly used in video games. NVIDIA is best known for its GPUs and companies in video games, automotive electronics, and mobile d","NVIDIA has slowly but surely dominated the GPU enterprise market. In recent years, GPUs have become increasingly necessary and need to sit alongside the CPU. Last year, NVIDIA launched a new operating unit with a data processing unit or DPU. Look at the three here and see what the difference is and why one would need more than one or all three of them. The Central Processing Unit (CPU) is the largest and most well-known processing unit. The CPU, or sometimes referred to as ""the processor,"" has been in use since the 1950s. Sometimes thought of as a form of the brain to computers (or anything that uses computing power), these processing units were the only programmable feature in the above devices for the longest time. As they continue to move faster and faster, other processing units were required to shift the landscape of information technology. Join the processing unit for graphics (GPU). Initially, the GPU was programmed to function independently of the CPU to control memory and render images (graphics) for display output. GPUs have been and still are commonly used in video games. NVIDIA is best known for its GPUs and companies in video games, automotive electronics, and mobile d",exact_duplicate|near_duplicate|semantic_duplicate|same_template_different_content|related_but_both_valuable|false_positive|unclear
,shard_00122.parquet:51472,shard_00139.parquet:2963,1.0000007152557373,2227,2227,"Spotlight on solar: the world’s first solar road opened in France, China announced a $361 billion investment in renewables by 2020, and solar/wind is now the same price or cheaper than new fossil fuel capacity in more than 30 countries. In the United States, positive news for solar came from Google, which announced it’s set to go 100% renewable in 2017, and Illinois’ Future Energy Jobs Bill, which lays out support for clean energy in the state. Big data shows how what we buy affects endangered species Here at the Sustainability Co-Op, we talk frequently about the relationship between what we buy and the environment, which is why we think this study analyzing the impacts is a big deal. Researchers used big data to map the impacts of global supply chains on 6,803 vulnerable/endangered species. Here are the “threat hot spots” caused by U.S. consumption: - Southeast Asia and Madagascar - Southern Europe (biggest surprise was causing hotspots in southern Spain and Portugal) - The Sahel in Africa - The east and west coasts of southern Mexico - Throughout Central America and Central Asia and into southern Canada. Our impacts span the globe, but this type of tailored insight can enable pol","Spotlight on solar: the world’s first solar road opened in France, China announced a $361 billion investment in renewables by 2020, and solar/wind is now the same price or cheaper than new fossil fuel capacity in more than 30 countries. In the United States, positive news for solar came from Google, which announced it’s set to go 100% renewable in 2017, and Illinois’ Future Energy Jobs Bill, which lays out support for clean energy in the state. Big data shows how what we buy affects endangered species Here at the Sustainability Co-Op, we talk frequently about the relationship between what we buy and the environment, which is why we think this study analyzing the impacts is a big deal. Researchers used big data to map the impacts of global supply chains on 6,803 vulnerable/endangered species. Here are the “threat hot spots” caused by U.S. consumption: - Southeast Asia and Madagascar - Southern Europe (biggest surprise was causing hotspots in southern Spain and Portugal) - The Sahel in Africa - The east and west coasts of southern Mexico - Throughout Central America and Central Asia and into southern Canada. Our impacts span the globe, but this type of tailored insight can enable pol",exact_duplicate|near_duplicate|semantic_duplicate|same_template_different_content|related_but_both_valuable|false_positive|unclear
,shard_00116.parquet:51313,shard_00096.parquet:51332,0.9999999403953552,4046,4046,"In your research trying to understand solar power, you feel like solar panel efficiency is something you should be able to easily grasp. Efficiency should be easy to understand, right? Except the deeper you dig, the more confused you get. What’s the difference between solar cell efficiency and solar panel efficiency? Who can you trust when it comes to solar efficiency? I got an email from someone purchasing solar panels from a supplier asking the difference between these two efficiencies. Helping people understand questions about solar is the whole point of this website, so after I answer a question via email – it often ends up here so that more people can learn. Here’s the question: My prospective supplier states that the Schuco 210 watt SMAU-1 panel has a cell efficiency of 16.8%, whereas your table gives a panel efficiency of 14.93%. What is the difference between panel and cell efficiency and which should be my guide? Solar cell efficiency chart Have you ever seen this image? If you search for “solar panel efficiency chart”, you’ll get this image (and my website). Can you even understand this chart?! It’s a whole bunch of colorful lines that look like they’re trending upward. T","In your research trying to understand solar power, you feel like solar panel efficiency is something you should be able to easily grasp. Efficiency should be easy to understand, right? Except the deeper you dig, the more confused you get. What’s the difference between solar cell efficiency and solar panel efficiency? Who can you trust when it comes to solar efficiency? I got an email from someone purchasing solar panels from a supplier asking the difference between these two efficiencies. Helping people understand questions about solar is the whole point of this website, so after I answer a question via email – it often ends up here so that more people can learn. Here’s the question: My prospective supplier states that the Schuco 210 watt SMAU-1 panel has a cell efficiency of 16.8%, whereas your table gives a panel efficiency of 14.93%. What is the difference between panel and cell efficiency and which should be my guide? Solar cell efficiency chart Have you ever seen this image? If you search for “solar panel efficiency chart”, you’ll get this image (and my website). Can you even understand this chart?! It’s a whole bunch of colorful lines that look like they’re trending upward. T",exact_duplicate|near_duplicate|semantic_duplicate|same_template_different_content|related_but_both_valuable|false_positive|unclear
,shard_00008.parquet:16190,shard_00091.parquet:39682,1.0,7816,7816,"Source: Courtesy of Wikimedia Commons SWATANA (an abbreviation of Onkiswathetami, “he causes it to be light for us”; Ungquaterughiathe, cited in one document, is an alternative expression of the same idea; Shikellimy, variously spelled, is an Algonkian equivalent), an Oneida chief of the Bear clan, resident near and at Shamokin (now Sunbury, Pa.), an Iroquois supervisor of the Shawnees and a key figure in Indian-English relations; first mentioned in official records in 1728; d. at Shamokin on 6 Dec. 1748. The naturalist John Bartram, who met Swatana in 1743 and also obtained information from his son, recorded that “Shickcalamy . . . was of the six nations, or rather a Frenchman born at Mont-real, and adopted by the Oneidoes, after being taken prisoner.” Nothing more is known of his origin, though Indian relatives (presumably by adoption) are mentioned in contemporary records. His children were, like their mother, of the Cayuga nation and the Turtle clan. The date of Swatana’s appointment by the Iroquois to oversee the Shawnees, who had begun before 1700 to settle on the Delaware and Susquehanna rivers, is unknown. His first known residence in Pennsylvania was, until sometime after","Source: Courtesy of Wikimedia Commons SWATANA (an abbreviation of Onkiswathetami, “he causes it to be light for us”; Ungquaterughiathe, cited in one document, is an alternative expression of the same idea; Shikellimy, variously spelled, is an Algonkian equivalent), an Oneida chief of the Bear clan, resident near and at Shamokin (now Sunbury, Pa.), an Iroquois supervisor of the Shawnees and a key figure in Indian-English relations; first mentioned in official records in 1728; d. at Shamokin on 6 Dec. 1748. The naturalist John Bartram, who met Swatana in 1743 and also obtained information from his son, recorded that “Shickcalamy . . . was of the six nations, or rather a Frenchman born at Mont-real, and adopted by the Oneidoes, after being taken prisoner.” Nothing more is known of his origin, though Indian relatives (presumably by adoption) are mentioned in contemporary records. His children were, like their mother, of the Cayuga nation and the Turtle clan. The date of Swatana’s appointment by the Iroquois to oversee the Shawnees, who had begun before 1700 to settle on the Delaware and Susquehanna rivers, is unknown. His first known residence in Pennsylvania was, until sometime after",exact_duplicate|near_duplicate|semantic_duplicate|same_template_different_content|related_but_both_valuable|false_positive|unclear
,shard_00031.parquet:40146,shard_00027.parquet:42258,0.999999463558197,965,965,"Stanisław Misiek In 1919 when he was 18 years old he participated in the Wielkopolskie Insurrection for which he was honoured with the Cross of the Wielkopolskie Insurrection and the Knight’s Cross of the Regeneration of Poland. He participated as a soldier of the 11th Infantry Regiment of the Polish Army in 1920 in the Polish – Bolshevic War for which he was awarded with the Cross “For Participation in the War 1918-1921” in 1991. During the battle of Skierniewice in 1939 he was taken prisoner by Germans and kept in a Nazi prison camp until 9 May 1945. Upon being liberated from the Nazi camp he came to Legnica on 17 December 1945, started his work for the Polish State Railways continuing it until 1964. In the post-war period he was an active member of the combatants’ organization in Legnica. Mr Stanisław Misiek was one of few still living participants of the Wielkopolskie Insurrection and one of few still living soldiers of the Polish – Bolshevic War.","Stanisław Misiek In 1919 when he was 18 years old he participated in the Wielkopolskie Insurrection for which he was honoured with the Cross of the Wielkopolskie Insurrection and the Knight’s Cross of the Regeneration of Poland. He participated as a soldier of the 11th Infantry Regiment of the Polish Army in 1920 in the Polish – Bolshevic War for which he was awarded with the Cross “For Participation in the War 1918-1921” in 1991. During the battle of Skierniewice in 1939 he was taken prisoner by Germans and kept in a Nazi prison camp until 9 May 1945. Upon being liberated from the Nazi camp he came to Legnica on 17 December 1945, started his work for the Polish State Railways continuing it until 1964. In the post-war period he was an active member of the combatants’ organization in Legnica. Mr Stanisław Misiek was one of few still living participants of the Wielkopolskie Insurrection and one of few still living soldiers of the Polish – Bolshevic War.",exact_duplicate|near_duplicate|semantic_duplicate|same_template_different_content|related_but_both_valuable|false_positive|unclear
,shard_00036.parquet:17777,shard_00023.parquet:20850,1.0000003576278687,4446,4446,"Walk into any panel discussion at a geothermal power event and you will often hear about barriers hindering geothermal development. In spite of the obstacles, the geothermal industry has grown and adapted to adversity, and it is unfortunate when more attention is not given to geothermal power’s technological accomplishments and the long-term potential. Today, 73 countries across the globe are actively engaged with the geothermal energy sector, showing that more governments, utilities, and industry stakeholders are recognizing the long-term value geothermal power can bring to their power systems. As has been proven time and time again, geothermal power is one of the most cost effective, reliable, and flexible forms of renewable energy. It provides an answer to energy demands for a climate-conscious future that can reduce greenhouse gas emissions to nearly zero, minimize land impact, and provide reliable power generation lasting for half a century or more. Other key benefits of global geothermal include its low ancillary and integration costs, its flexibility as an on-demand firm power source, and the economic stimulus geothermal power plants brings to rural communities where they ar","Walk into any panel discussion at a geothermal power event and you will often hear about barriers hindering geothermal development. In spite of the obstacles, the geothermal industry has grown and adapted to adversity, and it is unfortunate when more attention is not given to geothermal power’s technological accomplishments and the long-term potential. Today, 73 countries across the globe are actively engaged with the geothermal energy sector, showing that more governments, utilities, and industry stakeholders are recognizing the long-term value geothermal power can bring to their power systems. As has been proven time and time again, geothermal power is one of the most cost effective, reliable, and flexible forms of renewable energy. It provides an answer to energy demands for a climate-conscious future that can reduce greenhouse gas emissions to nearly zero, minimize land impact, and provide reliable power generation lasting for half a century or more. Other key benefits of global geothermal include its low ancillary and integration costs, its flexibility as an on-demand firm power source, and the economic stimulus geothermal power plants brings to rural communities where they ar",exact_duplicate|near_duplicate|semantic_duplicate|same_template_different_content|related_but_both_valuable|false_positive|unclear
,shard_00105.parquet:19203,shard_00041.parquet:32676,1.000000238418579,4320,4320,"The Essence of LINQ Now that you’ve seen several practical examples of LINQ’s syntax, it is time to view the technology from a more theoretical perspective. This chapter covers the seven foundations on which an understanding of LINQ can be built. LINQ is These ideas may sound esoteric at first, but I believe you will find them quite easy to understand. LINQ has a fundamental simplicity and elegance. In this chapter and the next, we explore LINQ’s architecture, giving you a chance to understand how it was built and why it was built that way. This chapter explains goals that LINQ aims to achieve. The next chapter explains each of the pieces of the LINQ architecture and shows how they come together to achieve those goals. LINQ stands for Language Integrated Query. One of the central, and most important, features of LINQ is its integration of a flexible query syntax into the C# language. Developers have many tools that have been crafted to neatly solve difficult tasks. Yet there are still dark corners in the development landscape. Querying data is one area in which developers frequently encounter problems with no clear resolution. LINQ aims to remove that uncertainty and to show a clea","The Essence of LINQ Now that you’ve seen several practical examples of LINQ’s syntax, it is time to view the technology from a more theoretical perspective. This chapter covers the seven foundations on which an understanding of LINQ can be built. LINQ is These ideas may sound esoteric at first, but I believe you will find them quite easy to understand. LINQ has a fundamental simplicity and elegance. In this chapter and the next, we explore LINQ’s architecture, giving you a chance to understand how it was built and why it was built that way. This chapter explains goals that LINQ aims to achieve. The next chapter explains each of the pieces of the LINQ architecture and shows how they come together to achieve those goals. LINQ stands for Language Integrated Query. One of the central, and most important, features of LINQ is its integration of a flexible query syntax into the C# language. Developers have many tools that have been crafted to neatly solve difficult tasks. Yet there are still dark corners in the development landscape. Querying data is one area in which developers frequently encounter problems with no clear resolution. LINQ aims to remove that uncertainty and to show a clea",exact_duplicate|near_duplicate|semantic_duplicate|same_template_different_content|related_but_both_valuable|false_positive|unclear
,shard_00129.parquet:4090,shard_00033.parquet:50552,0.9999995231628418,819,819,"Colonial New England Colonial New England Images John Foster's ""A Map of New England,"" c. 1677. John Green and Thomas Jefferys' map of ""the most Inhabited part of NEW ENGLAND,"" 1774. Cotton Mather's Map of New England, 1702 The 1695 Margaret Bliss house in Springfield, Massachusetts offer a good example of seventeenth-century New England architecture. Photo circa 1890. A typical New England ""saltbox house,"" a frame house with two stories in the front and one in the back because of a steeply pitched roof that prevented the accumulation of too much snow in the winters. New England Communities Attacked in King Philip's War, 1675-1676 New England Settlement Patterns, 1691-1765. Spread of European Settlement in New England, 1691-1765. Spread of European Settlement and Town Incorporation in New England, 1620-1791.","Colonial New England Colonial New England Images John Foster's ""A Map of New England,"" c. 1677. John Green and Thomas Jefferys' map of ""the most Inhabited part of NEW ENGLAND,"" 1774. Cotton Mather's Map of New England, 1702 The 1695 Margaret Bliss house in Springfield, Massachusetts offer a good example of seventeenth-century New England architecture. Photo circa 1890. A typical New England ""saltbox house,"" a frame house with two stories in the front and one in the back because of a steeply pitched roof that prevented the accumulation of too much snow in the winters. New England Communities Attacked in King Philip's War, 1675-1676 New England Settlement Patterns, 1691-1765. Spread of European Settlement in New England, 1691-1765. Spread of European Settlement and Town Incorporation in New England, 1620-1791.",exact_duplicate|near_duplicate|semantic_duplicate|same_template_different_content|related_but_both_valuable|false_positive|unclear
,shard_00065.parquet:28657,shard_00053.parquet:51185,1.0000004768371582,2257,2257,"Cities in Art | Kindergarten Letter Designs| Explorations by In-Service Teachers | Monet's Water Gardens, Grade 1 , Tennessee Arts Academy |Cities in Art Name: Julie Rivera, Studio Art Teacher Name: Anna Pertzoff – Director of The Children’s Studio I challenged my kindergarten students to use a letter as a design element. The children repeated their letters over and over, creating new designs and patterns. Many chose to add another letter to complete their piece. The following week we looked at all of the shapes and designs they had created and agreed that painting the spaces would be a great way to pull out the shapes. The children were given only the primary colors plus black and white. They mixed and mixed. I walked around the room and noticed that they were creating extraordinary palettes and suggested that every color they loved might be added to their prints. They loved that idea as a recording of their colors and as a challenge. I love doing this project, especially with younger children. It allows them the creative freedom that may be in their minds, but growing fine motor skills may prohibit. They are able to create buildings, words and shapes that may not come as easily w","Cities in Art | Kindergarten Letter Designs| Explorations by In-Service Teachers | Monet's Water Gardens, Grade 1 , Tennessee Arts Academy |Cities in Art Name: Julie Rivera, Studio Art Teacher Name: Anna Pertzoff – Director of The Children’s Studio I challenged my kindergarten students to use a letter as a design element. The children repeated their letters over and over, creating new designs and patterns. Many chose to add another letter to complete their piece. The following week we looked at all of the shapes and designs they had created and agreed that painting the spaces would be a great way to pull out the shapes. The children were given only the primary colors plus black and white. They mixed and mixed. I walked around the room and noticed that they were creating extraordinary palettes and suggested that every color they loved might be added to their prints. They loved that idea as a recording of their colors and as a challenge. I love doing this project, especially with younger children. It allows them the creative freedom that may be in their minds, but growing fine motor skills may prohibit. They are able to create buildings, words and shapes that may not come as easily w",exact_duplicate|near_duplicate|semantic_duplicate|same_template_different_content|related_but_both_valuable|false_positive|unclear
,shard_00042.parquet:5107,shard_00066.parquet:21410,0.9999997615814209,2482,2482,"Oriental Cockroaches - Biology & Control Origins and distribution Found worldwide and throughout the UK. Oriental cockroaches are about 17 – 30 mm in length and are shiny dark brown to black in colour. They have long flexible antennae with their head is tucked under the pronotum with well-developed spiny legs. Egg cases (ootheca) contain about 16 eggs, which are carried by the female on the rear of her abdomen for 6 – 12 weeks, dependent upon temperature and deposited just before hatching. Nymphs go through 7 – 10 moulting stages before reaching maturity, which takes about 6 – 18 months. Adults are winged, the males having longer wings but cannot fly in the UK and live for an average of 6 months. Primarily nocturnal and prefer warm conditions in buildings, but can tolerate cold conditions. They have been found indoors in buildings such as restaurants, shops, hospitals and office blocks. They can also be found in refuse tips, drain systems and outdoors near buildings. We have experienced infestations in roof areas where bird guano has accumulated. Signs of activity - Black faecal marks or spotting around the harbourage area. - Shed moulted skins. - Empty ootheca (egg cases). - Parti","Oriental Cockroaches - Biology & Control Origins and distribution Found worldwide and throughout the UK. Oriental cockroaches are about 17 – 30 mm in length and are shiny dark brown to black in colour. They have long flexible antennae with their head is tucked under the pronotum with well-developed spiny legs. Egg cases (ootheca) contain about 16 eggs, which are carried by the female on the rear of her abdomen for 6 – 12 weeks, dependent upon temperature and deposited just before hatching. Nymphs go through 7 – 10 moulting stages before reaching maturity, which takes about 6 – 18 months. Adults are winged, the males having longer wings but cannot fly in the UK and live for an average of 6 months. Primarily nocturnal and prefer warm conditions in buildings, but can tolerate cold conditions. They have been found indoors in buildings such as restaurants, shops, hospitals and office blocks. They can also be found in refuse tips, drain systems and outdoors near buildings. We have experienced infestations in roof areas where bird guano has accumulated. Signs of activity - Black faecal marks or spotting around the harbourage area. - Shed moulted skins. - Empty ootheca (egg cases). - Parti",exact_duplicate|near_duplicate|semantic_duplicate|same_template_different_content|related_but_both_valuable|false_positive|unclear
,shard_00008.parquet:41215,shard_00097.parquet:26615,0.9999998211860657,1290,1290,"As a gate of Anatolia to the Balkans and Europe, Edirne has a rich variety of historical and cultural attractions. Edirne was one of the important centres of tile and ceramic art during the Ottoman period. The tiles of important buildings in Edirne are products of the city's artistic tradition. What makes Edirne cuisine so unique and special is its rich history kneaded with different cultures as well as its geographical location. Edirne, once the capital of the Ottoman Empire, was also the centre of a rich food culture. Saros Gulf, with its clean sea extending from the Gelibolu Peninsula to Enez, wide and sandy beaches and cool water is one of the ideal places for holiday and also a natural protected area. Edirne has retained many of its colourful traditions and customs. Every summer the Kırkpınar oil wrestling contests are held at an emerald green meadow in Sarayiçi. Edirne is a city that attracts visitors with its historical and cultural assets, hosting many important works of the Ottoman period, especially Selimiye Mosque, the masterpiece of Mimar Sinan. 10 vibes for Edirne Selimiye Mosque and its Social Complex: Constructed by the architect Mimar Sinan between 1569 and 1575, th","As a gate of Anatolia to the Balkans and Europe, Edirne has a rich variety of historical and cultural attractions. Edirne was one of the important centres of tile and ceramic art during the Ottoman period. The tiles of important buildings in Edirne are products of the city's artistic tradition. What makes Edirne cuisine so unique and special is its rich history kneaded with different cultures as well as its geographical location. Edirne, once the capital of the Ottoman Empire, was also the centre of a rich food culture. Saros Gulf, with its clean sea extending from the Gelibolu Peninsula to Enez, wide and sandy beaches and cool water is one of the ideal places for holiday and also a natural protected area. Edirne has retained many of its colourful traditions and customs. Every summer the Kırkpınar oil wrestling contests are held at an emerald green meadow in Sarayiçi. Edirne is a city that attracts visitors with its historical and cultural assets, hosting many important works of the Ottoman period, especially Selimiye Mosque, the masterpiece of Mimar Sinan. 10 vibes for Edirne Selimiye Mosque and its Social Complex: Constructed by the architect Mimar Sinan between 1569 and 1575, th",exact_duplicate|near_duplicate|semantic_duplicate|same_template_different_content|related_but_both_valuable|false_positive|unclear
,shard_00064.parquet:35645,shard_00143.parquet:4015,1.0000004768371582,4539,4539,"The word is derived from the French word tuile, which is, in turn from the Latin word tegula, meaning a roof tile composed of fired clay. The expression By contrast the use of tiles goes back a very long way. Some form of ceramic tile has been in existence for more than 25,000 years. Tile as we know it dates from c4,700 B.C. in Egypt while glass tiles were popular in 2,500 B. C. At Wittenham in Oxfordshire masses of Roman roof tiles were discovered in 2004 indicating that large Roman buildings became a part of this important landscape when the Iron Age gave way to the Roman period some 2000 years ago. Tile making in the medieval period was associated with monasteries and palaces. Potters travelled around the country using local clays and firing them on site. The tiles were hand made by flattening the clay and cutting pieces into shape. The only mechanical aid was a wooden mould carved in relief which indented a pattern on the clay slab. The slab would be dried and the impression filed with white pipe clay. After further drying this would be shaved flat. A glaze of lead ore was sprinkled onto the surface and the tiles were then fired. These ‘encaustic’ or inlaid tiles were made from","The word is derived from the French word tuile, which is, in turn from the Latin word tegula, meaning a roof tile composed of fired clay. The expression By contrast the use of tiles goes back a very long way. Some form of ceramic tile has been in existence for more than 25,000 years. Tile as we know it dates from c4,700 B.C. in Egypt while glass tiles were popular in 2,500 B. C. At Wittenham in Oxfordshire masses of Roman roof tiles were discovered in 2004 indicating that large Roman buildings became a part of this important landscape when the Iron Age gave way to the Roman period some 2000 years ago. Tile making in the medieval period was associated with monasteries and palaces. Potters travelled around the country using local clays and firing them on site. The tiles were hand made by flattening the clay and cutting pieces into shape. The only mechanical aid was a wooden mould carved in relief which indented a pattern on the clay slab. The slab would be dried and the impression filed with white pipe clay. After further drying this would be shaved flat. A glaze of lead ore was sprinkled onto the surface and the tiles were then fired. These ‘encaustic’ or inlaid tiles were made from",exact_duplicate|near_duplicate|semantic_duplicate|same_template_different_content|related_but_both_valuable|false_positive|unclear
,shard_00046.parquet:11333,shard_00080.parquet:25762,0.9999997019767761,3305,3305,"The Eddas and the Volsunga Saga first became known outside Iceland in the 19th century. As knowledge of them spread there was an excited realization that many of the personalities and events they referred to did not come from Icelandic or Norse history, but from the Europe of the dark ages. The death of Attila the Hun ('Atli' in the saga), the 5th century defeat of the Burgundians and their king Gundahar ('Gunnar'), the death of Eormenric ('Jormunrek') king of the Goths - all were real, documented events, miraculously preserved in the saga through oral transmission. Scholars - including all the early marxists - pored over both the Volsunga saga and the Eddas searching for clues to germanic pre-history. The combination of real history with pure myth - malicious dwarfs, dragons, magic potions, and even an early version of the story of sleeping beauty - made it appear that the Germanic peoples, like the Greeks, had their own equivalent of the 'Tale of Troy', destined to be retold forever. Morris and his Icelandic friend Eirikr Magnusson were the first to translate the Volsunga saga into English; Morris was so enthused by it that he went on to create his own epic retelling of the story","The Eddas and the Volsunga Saga first became known outside Iceland in the 19th century. As knowledge of them spread there was an excited realization that many of the personalities and events they referred to did not come from Icelandic or Norse history, but from the Europe of the dark ages. The death of Attila the Hun ('Atli' in the saga), the 5th century defeat of the Burgundians and their king Gundahar ('Gunnar'), the death of Eormenric ('Jormunrek') king of the Goths - all were real, documented events, miraculously preserved in the saga through oral transmission. Scholars - including all the early marxists - pored over both the Volsunga saga and the Eddas searching for clues to germanic pre-history. The combination of real history with pure myth - malicious dwarfs, dragons, magic potions, and even an early version of the story of sleeping beauty - made it appear that the Germanic peoples, like the Greeks, had their own equivalent of the 'Tale of Troy', destined to be retold forever. Morris and his Icelandic friend Eirikr Magnusson were the first to translate the Volsunga saga into English; Morris was so enthused by it that he went on to create his own epic retelling of the story",exact_duplicate|near_duplicate|semantic_duplicate|same_template_different_content|related_but_both_valuable|false_positive|unclear
,shard_00029.parquet:16096,shard_00039.parquet:27445,0.9857894778251648,656,463,A hip fracture is a break in the upper part of the thighbone (femur) where the thighbone joins the pelvis to form the hip joint. Most hip fractures occur in the area just below the ball of the femur (femoral neck region) and the area just below this (intertrochanteric region). A hip fracture almost always completely breaks the bone. A partial break in the bone (hairline fracture) may occur. But a partial break is not as common and may not show up on an X-ray. eMedicineHealth Medical Reference from Healthwise To learn more visit Healthwise.org - Early Care for Your Premature Baby - What to Eat When You Have Cancer - When to Take More Pain Medication,A hip fracture is a break in the upper part of the thighbone (femur) where the thighbone joins the pelvis to form the hip joint. Most hip fractures occur in the area just below the ball of the femur (femoral neck region) and the area just below this (intertrochanteric region). A hip fracture almost always completely breaks the bone. A partial break in the bone (hairline fracture) may occur. But a partial break is not as common and may not show up on an X-ray.,exact_duplicate|near_duplicate|semantic_duplicate|same_template_different_content|related_but_both_valuable|false_positive|unclear
,shard_00060.parquet:30551,shard_00028.parquet:11698,0.9999999403953552,1460,1460,"Early Prenatal Care is important for EVERY pregnancy What is Prenatal Care? Prenatal care is a type of preventive healthcare that helps doctors treat and prevent potential health problems throughout the course of pregnancy while promoting healthy lifestyles that benefit both mothers and children. These services typically include: - Regular visits with a doctor, usually about 10 visits - Lab work and Ultrasounds to make sure your baby is developing normally Babies of mothers who do not get prenatal care are three times more likely to have a low birth weight and five times more likely to die than those born to mothers who do get care. Doctors can spot health problems early when they see mothers regularly. This allows doctors to treat them early. Early treatment can cure many problems and prevent others. Doctors also can talk to pregnant women about things they can do to give their unborn babies a healthy start to life. Prenatal Care is even more important if you have a high risk pregnancy These following conditions will make your pregnancy considered high risk: - Autoimmune disorders - Preterm labor - Blood coagulation disorders Who Can Take Care of Your Baby After It Is Delivered? T","Early Prenatal Care is important for EVERY pregnancy What is Prenatal Care? Prenatal care is a type of preventive healthcare that helps doctors treat and prevent potential health problems throughout the course of pregnancy while promoting healthy lifestyles that benefit both mothers and children. These services typically include: - Regular visits with a doctor, usually about 10 visits - Lab work and Ultrasounds to make sure your baby is developing normally Babies of mothers who do not get prenatal care are three times more likely to have a low birth weight and five times more likely to die than those born to mothers who do get care. Doctors can spot health problems early when they see mothers regularly. This allows doctors to treat them early. Early treatment can cure many problems and prevent others. Doctors also can talk to pregnant women about things they can do to give their unborn babies a healthy start to life. Prenatal Care is even more important if you have a high risk pregnancy These following conditions will make your pregnancy considered high risk: - Autoimmune disorders - Preterm labor - Blood coagulation disorders Who Can Take Care of Your Baby After It Is Delivered? T",exact_duplicate|near_duplicate|semantic_duplicate|same_template_different_content|related_but_both_valuable|false_positive|unclear
,shard_00112.parquet:24936,shard_00013.parquet:11976,0.9985149502754211,1614,1589,"19-foot python killed in Florida 19-foot python killed: The huge 19-foot Burmese python is the biggest ever captured in Florida. The giant python wrapped itself around a man's leg before he killed it with a knife. (AP Photo/University of Florida) Wildlife officials say a Burmese python nearly 19 feet (5.8 meters) long has been captured in Florida. Wildlife officials said Monday that a Miami man spotted about 3 feet (one meter) of the snake sticking out of the roadside brush. He grabbed it and started dragging it into the open. When the snake began to wrap itself around his leg, he called to his friends for help and then used a knife to kill it. The python weighed 128 pounds (58 kilograms). Earlier this year, Florida held a Burmese python hunt. The hunt for Burmese pythons in the Everglades yielded 68 of the invasive snakes, the longest measuring more than 14 feet long, Florida wildlife officials said, according to a report in The Christian Science Monitor. That might not seem like a success, considering roughly 1,600 people signed up for the state-sponsored Python Challenge that ended Feb. 17, but Florida Fish and Wildlife Conservation Commission officials said the hunt may have pr","19-foot python killed in Florida 19-foot python killed: The huge 19-foot Burmese python is the biggest ever captured in Florida. The giant python wrapped itself around a man's leg before he killed it with a knife. Miami — Wildlife officials say a Burmese python nearly 19 feet (5.8 meters) long has been captured in Florida. Wildlife officials said Monday that a Miami man spotted about 3 feet (one meter) of the snake sticking out of the roadside brush. He grabbed it and started dragging it into the open. When the snake began to wrap itself around his leg, he called to his friends for help and then used a knife to kill it. The python weighed 128 pounds (58 kilograms). Earlier this year, Florida held a Burmese python hunt. The hunt for Burmese pythons in the Everglades yielded 68 of the invasive snakes, the longest measuring more than 14 feet long, Florida wildlife officials said, according to a report in The Christian Science Monitor. That might not seem like a success, considering roughly 1,600 people signed up for the state-sponsored Python Challenge that ended Feb. 17, but Florida Fish and Wildlife Conservation Commission officials said the hunt may have prevented thousands more py",exact_duplicate|near_duplicate|semantic_duplicate|same_template_different_content|related_but_both_valuable|false_positive|unclear
,shard_00090.parquet:3365,shard_00152.parquet:46798,0.9999995827674866,2036,2036,"Modern Farm Animal Housing Reduces Disease Risks ARLINGTON, VA – The Animal Agriculture Alliance is extremely dismayed, but not surprised, to learn that a number of groups have attempted to use the recent outbreak of H1N1 influenza to advance their anti-modern agriculture and animal rights agendas. Particular criticism has been directed at modern livestock systems, despite the disease not yet having been found in an animal. The vast majority of America’s farm animals are kept in barns and similar housing to protect their health and welfare. Modern housing protects animals from predators, disease, and bad weather or extreme climate. It is also well ventilated, well-lit, clean, and scientifically-designed to meet an animal’s specific needs— including temperature, light, water and food. Modern housing is designed to allow the farmer to provide the best animal care possible. Modern designs drastically reduce introduction of disease vectors and are easy to clean, reducing opportunities for diseases to spread. “Because modern livestock facilities are designed to meet animals’ specific needs, these facilities are better for controlling and reducing diseases than allowing animals to have u","Modern Farm Animal Housing Reduces Disease Risks ARLINGTON, VA – The Animal Agriculture Alliance is extremely dismayed, but not surprised, to learn that a number of groups have attempted to use the recent outbreak of H1N1 influenza to advance their anti-modern agriculture and animal rights agendas. Particular criticism has been directed at modern livestock systems, despite the disease not yet having been found in an animal. The vast majority of America’s farm animals are kept in barns and similar housing to protect their health and welfare. Modern housing protects animals from predators, disease, and bad weather or extreme climate. It is also well ventilated, well-lit, clean, and scientifically-designed to meet an animal’s specific needs— including temperature, light, water and food. Modern housing is designed to allow the farmer to provide the best animal care possible. Modern designs drastically reduce introduction of disease vectors and are easy to clean, reducing opportunities for diseases to spread. “Because modern livestock facilities are designed to meet animals’ specific needs, these facilities are better for controlling and reducing diseases than allowing animals to have u",exact_duplicate|near_duplicate|semantic_duplicate|same_template_different_content|related_but_both_valuable|false_positive|unclear
,shard_00040.parquet:9351,shard_00132.parquet:38815,0.9999998211860657,5315,5315,"Physics & Astronomy Physics is the study of the fundamental nature of everything! Through experiment and theory physicists seek to explain the interactions of matter and energy in terms of a small number of basic laws. Physics deals with everything from the very large (e.g. the structure of the universe) to the very small (e.g. atoms, nuclei, quarks and even smaller structures). The devices we depend on in our technological society are based on fundamental principles of physics. Both experimental and theoretical physicists are people who enjoy understanding how things work. Studying physics develops excellent critical thinking and problem solving skills, which are applicable to many careers. Many of our physics graduates continue with graduate school in physics, astronomy or engineering. Others continue with professional training in medical school or law school. However, it is not necessary to pursue more education to have a rewarding career with physics. An undergraduate physics degree is a spring board to a broad spectrum of career options, including engineering, systems analyst, financial analyst, management, national security, medical research, education and journalism. Nationa","Physics & Astronomy Physics is the study of the fundamental nature of everything! Through experiment and theory physicists seek to explain the interactions of matter and energy in terms of a small number of basic laws. Physics deals with everything from the very large (e.g. the structure of the universe) to the very small (e.g. atoms, nuclei, quarks and even smaller structures). The devices we depend on in our technological society are based on fundamental principles of physics. Both experimental and theoretical physicists are people who enjoy understanding how things work. Studying physics develops excellent critical thinking and problem solving skills, which are applicable to many careers. Many of our physics graduates continue with graduate school in physics, astronomy or engineering. Others continue with professional training in medical school or law school. However, it is not necessary to pursue more education to have a rewarding career with physics. An undergraduate physics degree is a spring board to a broad spectrum of career options, including engineering, systems analyst, financial analyst, management, national security, medical research, education and journalism. Nationa",exact_duplicate|near_duplicate|semantic_duplicate|same_template_different_content|related_but_both_valuable|false_positive|unclear
,shard_00138.parquet:13546,shard_00088.parquet:6544,0.9999998807907104,1547,1547,"by Darrin Grove, Professional Golf Management major The U.S. Department of Agriculture approved the first genetically modified apples – Artic® apples, grown by Okanagan Specialty Fruits in Canada. The very interesting part of these apples is that when they are bruised or cut they do not brown. These apples were approved after going through an assessment that found genetically engineered apples were unlikely to pose a plant risk to agriculture and other plants in the United States. Many genetically modified foods that we eat are engineered to deter insects, or survive herbicide (weed killer) treatment for weed management, but these apples are the first foods being directed towards the consumers and their needs and wants. I think that this is a great idea for the people to be able to use because the apples will be able to last longer. Everyone should love this idea because it will give them more time to eat their food instead of having to throw out the wasted food. This will let people to be able to get their money’s worth and everyone loves saving money. This article also shows the science that we have at our disposal. we have the ability to genetically modify apples to make them la","by Darrin Grove, Professional Golf Management major The U.S. Department of Agriculture approved the first genetically modified apples – Artic® apples, grown by Okanagan Specialty Fruits in Canada. The very interesting part of these apples is that when they are bruised or cut they do not brown. These apples were approved after going through an assessment that found genetically engineered apples were unlikely to pose a plant risk to agriculture and other plants in the United States. Many genetically modified foods that we eat are engineered to deter insects, or survive herbicide (weed killer) treatment for weed management, but these apples are the first foods being directed towards the consumers and their needs and wants. I think that this is a great idea for the people to be able to use because the apples will be able to last longer. Everyone should love this idea because it will give them more time to eat their food instead of having to throw out the wasted food. This will let people to be able to get their money’s worth and everyone loves saving money. This article also shows the science that we have at our disposal. we have the ability to genetically modify apples to make them la",exact_duplicate|near_duplicate|semantic_duplicate|same_template_different_content|related_but_both_valuable|false_positive|unclear
,shard_00146.parquet:18715,shard_00055.parquet:40284,0.9622581005096436,1534,1306,"A worker at Port of Antwerp uses a 'vacuum cleaner' to remove plastic trash from the Galgeschoor nature reserve in Antwerp, Belgium, on October 7, 2020. (REUTERS/Francois Lenoir) Engineers have built a giant 'vacuum cleaner' to rid a Belgian nature reserve of millions of pieces of plastic litter too small to collect by hand. The Galgeschoor reserve, a site of mudflats and salt marshes in the port city of Antwerp, has become riddled with plastic particles that built up over years from litter desposited by industry and towns along the river Scheldt. Port authorities last year launched a competition to design a solution to decontaminate the area, which is home to endangered bird species. The winner: a huge hoover, dubbed the 'Nul-o-Plastic' and developed by Envisan, the environment division of maritime infrastructure company Jan De Nul Group. ""It's basically a vacuum cleaner which is really smart (and) adapted to this circumstances,"" engineer Tom Van Vooren, the project's coordinator, told Reuters. The machine's rubber tires limit soil disruption, and its suction mechanism is designed to avoid damaging plants. The aim is to pull roughly 7.5 tons of plastic pellets out of the reserve.","Engineers have built a giant ‘vacuum cleaner’ to rid a Belgian nature reserve of millions of pieces of plastic litter too small to collect by hand. The Galgeschoor reserve, a site of mudflats and salt marshes in the port city of Antwerp, has become riddled with plastic particles that built up over years from litter desposited by industry and towns along the river Scheldt. Port authorities last year launched a competition to design a solution to decontaminate the area, which is home to endangered bird species. The winner: a huge hoover, dubbed the ‘Nul-o-Plastic’ and developed by Envisan, the environment division of maritime infrastructure company Jan De Nul Group. “It’s basically a vacuum cleaner which is really smart (and) adapted to this circumstances,” engineer Tom Van Vooren, the project’s coordinator, told Reuters. The machine’s rubber tyres limit soil disruption, and its suction mechanism is designed to avoid damaging plants. The aim is to pull roughly 7.5 tonnes of plastic pellets out of the reserve. A first test concludes later this month. Currently, less than a third of Europe’s plastic waste is recycled. To help curb litter, the European Union is planning new rules to ens",exact_duplicate|near_duplicate|semantic_duplicate|same_template_different_content|related_but_both_valuable|false_positive|unclear
,shard_00162.parquet:11967,shard_00051.parquet:19137,1.0000005960464478,2884,2884,"Norman Ventor or Hunter lived between 1080 and 1165, and William Ventor, whose name appears as one of the witnesses to an inquisition, A.D. 1116, by David I, of the lands pertaining to the Church of Glasgow, are the earliest of the family on record. They are said to have passed over to England soon after the Conquest, 1066. Norman received a grant of land on the extreme west coast of co. , (later called “Arnell Hunter”), which now forms part of the state of Hunterston (previously called “Huntarstown.” Aylmar de la Huntar signed the noted submission to Edward I, 1296. For his “faithful services rendered,” the grant of land was confirmed by Robert II, to William Huntar (A100), greatgrandson of Aylmar. A100 WILLIAM HUNTAR: Was infeft [sic.] of his estate prior to 1447. A101 ARCHIBALD HUNTAR: 13th Laird of Arnelle Huntar, or Huntarston, or of that ilk. Died before 1487. A102 JOHN HUNTAR: 14th Laird of Huntar; killed at Flodden, 1513. His oldest son was Robert Huntar, 15th Laird of Huntar, or of that ilk. A license was granted to him by James V, Oct. 24, 1542, to remain at home from the war on account of his being “waik and tender of complectioun.” Died about 1546. His other son was A10","Norman Ventor or Hunter lived between 1080 and 1165, and William Ventor, whose name appears as one of the witnesses to an inquisition, A.D. 1116, by David I, of the lands pertaining to the Church of Glasgow, are the earliest of the family on record. They are said to have passed over to England soon after the Conquest, 1066. Norman received a grant of land on the extreme west coast of co. , (later called “Arnell Hunter”), which now forms part of the state of Hunterston (previously called “Huntarstown.” Aylmar de la Huntar signed the noted submission to Edward I, 1296. For his “faithful services rendered,” the grant of land was confirmed by Robert II, to William Huntar (A100), greatgrandson of Aylmar. A100 WILLIAM HUNTAR: Was infeft [sic.] of his estate prior to 1447. A101 ARCHIBALD HUNTAR: 13th Laird of Arnelle Huntar, or Huntarston, or of that ilk. Died before 1487. A102 JOHN HUNTAR: 14th Laird of Huntar; killed at Flodden, 1513. His oldest son was Robert Huntar, 15th Laird of Huntar, or of that ilk. A license was granted to him by James V, Oct. 24, 1542, to remain at home from the war on account of his being “waik and tender of complectioun.” Died about 1546. His other son was A10",exact_duplicate|near_duplicate|semantic_duplicate|same_template_different_content|related_but_both_valuable|false_positive|unclear
,shard_00027.parquet:14811,shard_00115.parquet:35219,1.000000238418579,2532,2532,"Is our government balanced or imbalanced? Even during the original ratifications, implementation of procedures and policies in our government faced changes to the Constitution (or Articles of Confederation, March 1, 1781). Changes came from George Washington, Alexander Hamilton, James Madison,Thomas Jefferson. James Madison supported a stronger federal government. He was convinced that independence of States utterly was irreconcilable with their aggregate sovereignty: ""One simple Republic would be as inexpedient as it is unattainable?"" (Letter to George Washington). Debates begin in Convention over the Articles of Confederation. The debate ended with 3 bodies of authority in government one not to over step the other two, all three working together for the good of the ""We the People"". What is the major weakness in our government today? It is the unwillingness to have the same vision for ""we the People"" as does the Constitution, (its framers) and by many of our elected officials. ""We the People"" are at the point where we must accept or reject our Constitution. Many support upholding our rule of law, but their concerns are met with objection from both parties. The lines of authority h","Is our government balanced or imbalanced? Even during the original ratifications, implementation of procedures and policies in our government faced changes to the Constitution (or Articles of Confederation, March 1, 1781). Changes came from George Washington, Alexander Hamilton, James Madison,Thomas Jefferson. James Madison supported a stronger federal government. He was convinced that independence of States utterly was irreconcilable with their aggregate sovereignty: ""One simple Republic would be as inexpedient as it is unattainable?"" (Letter to George Washington). Debates begin in Convention over the Articles of Confederation. The debate ended with 3 bodies of authority in government one not to over step the other two, all three working together for the good of the ""We the People"". What is the major weakness in our government today? It is the unwillingness to have the same vision for ""we the People"" as does the Constitution, (its framers) and by many of our elected officials. ""We the People"" are at the point where we must accept or reject our Constitution. Many support upholding our rule of law, but their concerns are met with objection from both parties. The lines of authority h",exact_duplicate|near_duplicate|semantic_duplicate|same_template_different_content|related_but_both_valuable|false_positive|unclear
,shard_00104.parquet:40230,shard_00083.parquet:37525,1.0000007152557373,1255,1255,"As you know, parents of teens with disabilities tend to be anxious about what will happen once high school ends. Project Independence provides free workshops to help parents who have children with disabilities learn about options for their children once they leave high school. The project also trains youth from ages 14-21 about their options after high school. A disability should not hamper a person to live their life to the fullest. We share with participants how to obtain employment in the community, assist in applying for college and vocational school, as well as support with life skills. Statistics shows that people with disabilities earn about two-thirds of the median earnings of people without disabilities. They are less likely to attend higher learning, and more likely to live below the poverty line. Project Independence wants to change that. There will be 2 strands of workshops: One for parents and one for youth. It will be for 5 Thursdays starting October 11th ending November 8th, and a college tour on Saturday, November 3rd. The time of the workshops will be 6:00 – 6:30 for dinner, and 6:30 – 8:30 for training. Here is a link about the project. You can click this link htt","As you know, parents of teens with disabilities tend to be anxious about what will happen once high school ends. Project Independence provides free workshops to help parents who have children with disabilities learn about options for their children once they leave high school. The project also trains youth from ages 14-21 about their options after high school. A disability should not hamper a person to live their life to the fullest. We share with participants how to obtain employment in the community, assist in applying for college and vocational school, as well as support with life skills. Statistics shows that people with disabilities earn about two-thirds of the median earnings of people without disabilities. They are less likely to attend higher learning, and more likely to live below the poverty line. Project Independence wants to change that. There will be 2 strands of workshops: One for parents and one for youth. It will be for 5 Thursdays starting October 11th ending November 8th, and a college tour on Saturday, November 3rd. The time of the workshops will be 6:00 – 6:30 for dinner, and 6:30 – 8:30 for training. Here is a link about the project. You can click this link htt",exact_duplicate|near_duplicate|semantic_duplicate|same_template_different_content|related_but_both_valuable|false_positive|unclear
,shard_00088.parquet:10216,shard_00004.parquet:2281,0.9860812425613403,2512,2684,"|Click here to view the item| |Title:||SNCC 1960-1966 : Six years of the Student Nonviolent Coordinating Committee| Web site with information about the Student Nonviolent Coordinating Committee (SNCC) from its beginnings in the Greensboro-inspired sit-ins in February 1960 to its official organization in April 1960 at Raleigh, North Carolina's Shaw University through 1966 when Stokely Carmichael took over leadership from John Lewis. The site includes background information about issues important to SNCC including nonviolence, the Vietnam War, white liberalism, feminism, and black power; brief biographies of John Lewis, Julian Bond, Fannie Lou Hamer, Bob Moses, Ella Baker, and Stokely Carmichael; descriptions of major events including sit-ins, Freedom Rides, Freedom Ballot, Mississippi Freedom Democratic Party, and the March on Washington for Jobs and Freedom; a timeline; audio files of movement leaders speaking about their experience and Freedom Singers singing movement songs; and links to other online resources. The Civil Rights Digital Library received support from a National Leadership Grant for Libraries awarded to the University of Georgia by the Institute of Museum and Library","SNCC 1960-1966 : Six Years of the Student Nonviolent Coordinating Committee |Collection homeCompact list of all items| |Title:||SNCC 1960-1966 : Six years of the Student Nonviolent Coordinating Committee| Web site with information about the Student Nonviolent Coordinating Committee (SNCC) from its beginnings in the Greensboro-inspired sit-ins in February 1960 to its official organization in April 1960 at Raleigh, North Carolina's Shaw University through 1966 when Stokely Carmichael took over leadership from John Lewis. The site includes background information about issues important to SNCC including nonviolence, the Vietnam War, white liberalism, feminism, and black power; brief biographies of John Lewis, Julian Bond, Fannie Lou Hamer, Bob Moses, Ella Baker, and Stokely Carmichael; descriptions of major events including sit-ins, Freedom Rides, Freedom Ballot, Mississippi Freedom Democratic Party, and the March on Washington for Jobs and Freedom; a timeline; audio files of movement leaders speaking about their experience and Freedom Singers singing movement songs; and links to other online resources. The Civil Rights Digital Library received support from a National Leadership Grant",exact_duplicate|near_duplicate|semantic_duplicate|same_template_different_content|related_but_both_valuable|false_positive|unclear
,shard_00106.parquet:6028,shard_00148.parquet:35317,1.0000003576278687,3601,3601,"Here is my ignigte speech on Sustainable Development Goals. It was the first time I’d ever done an Ignite presentation (20 slides, 15 seconds per slide, 5 minutes total). We were supposed to pick something we were passionate about, so I picked Sustainable Development Goals. I hadn’t known about them before last year, and I thought there might be other people like me who hadn’t heard of them either. I thought it might be a good way to at least introduce them to some educators. I did misquote a couple of statistics–I was a little nervous! Here’s are a few excerpts with the correct statistics and some links to more information. On 25 September 2015, the 193 countries of the UN General Assembly adopted the 2030 Development Agenda titled “Transforming our world: the 2030 Agenda for Sustainable Development” otherwise known as the SDGs – Sustainable Development Goals. There are 17 of these goals that have specific targets to be achieved over the next 15 years (by 2030). The goals that came before the SDGS are called the MDGs (Millennium Development Goals. These goals were also created by world leaders at the United Nations Headquarters. They committed their nations to a new global partner","Here is my ignigte speech on Sustainable Development Goals. It was the first time I’d ever done an Ignite presentation (20 slides, 15 seconds per slide, 5 minutes total). We were supposed to pick something we were passionate about, so I picked Sustainable Development Goals. I hadn’t known about them before last year, and I thought there might be other people like me who hadn’t heard of them either. I thought it might be a good way to at least introduce them to some educators. I did misquote a couple of statistics–I was a little nervous! Here’s are a few excerpts with the correct statistics and some links to more information. On 25 September 2015, the 193 countries of the UN General Assembly adopted the 2030 Development Agenda titled “Transforming our world: the 2030 Agenda for Sustainable Development” otherwise known as the SDGs – Sustainable Development Goals. There are 17 of these goals that have specific targets to be achieved over the next 15 years (by 2030). The goals that came before the SDGS are called the MDGs (Millennium Development Goals. These goals were also created by world leaders at the United Nations Headquarters. They committed their nations to a new global partner",exact_duplicate|near_duplicate|semantic_duplicate|same_template_different_content|related_but_both_valuable|false_positive|unclear
,shard_00011.parquet:24038,shard_00011.parquet:45521,0.9999997019767761,1064,1064,"January 12, 2005 Cold Front Helped Create California Storm The rain that has drenched California for the past several days is being caused by a cold front from the northern Pacific combining with moisture from the southern Pacific. The low-pressure system slid down the West Coast from Alaska and stalled several hundred miles off the coast of San Francisco for three or four days. There, the cold front drew warm, moisture-laden air from the southern Pacific until it grew to 1,000 miles in diameter and moved onshore.Such a confluence of pressure systems is not unusual. In this case, however, the jetstream in the upper atmosphere was slower than normal in pushing the big system east, said National Weather Service meteorologist Bruce Rockwell. ""This storm was so huge it almost created its own environment, and it takes a tremendous amount of energy to move a storm that big,"" he said. Rockwell said the country has not seen the last of the storm. ""It'll be over Utah and Arizona soon, and we'll probably see problems in the Midwest in a day or two,"" he said.","January 12, 2005 Cold Front Helped Create California Storm The rain that has drenched California for the past several days is being caused by a cold front from the northern Pacific combining with moisture from the southern Pacific. The low-pressure system slid down the West Coast from Alaska and stalled several hundred miles off the coast of San Francisco for three or four days. There, the cold front drew warm, moisture-laden air from the southern Pacific until it grew to 1,000 miles in diameter and moved onshore.Such a confluence of pressure systems is not unusual. In this case, however, the jetstream in the upper atmosphere was slower than normal in pushing the big system east, said National Weather Service meteorologist Bruce Rockwell. ""This storm was so huge it almost created its own environment, and it takes a tremendous amount of energy to move a storm that big,"" he said. Rockwell said the country has not seen the last of the storm. ""It'll be over Utah and Arizona soon, and we'll probably see problems in the Midwest in a day or two,"" he said.",exact_duplicate|near_duplicate|semantic_duplicate|same_template_different_content|related_but_both_valuable|false_positive|unclear
,shard_00111.parquet:25217,shard_00152.parquet:13791,1.0000007152557373,948,948,"Lesson 1 (from Chapter 1-2) When a person has cancer in the Soviet Union, they are sent to a hospital, otherwise known as the cancer ward. Today's objective is to discuss the ramifications of having a separate hospital to which people are shipped for certain conditions. 1. Have each student make a list of the hospitals in the local area, and their specialties. 2. In smaller groups, have students discuss whether they think it's a good idea for a hospital to specialize in a certain condition. 3. As a class, have the students discuss the advantages and the disadvantages of having a hospital that specializes in only one condition. What do students think of there only being one hospital for cancer patients as there seems to be in the Soviet Union during the time of this book? 4. Homework: Have each student discuss how they would feel if they were shipped off to a... This section contains 5,299 words (approx. 18 pages at 300 words per page)","Lesson 1 (from Chapter 1-2) When a person has cancer in the Soviet Union, they are sent to a hospital, otherwise known as the cancer ward. Today's objective is to discuss the ramifications of having a separate hospital to which people are shipped for certain conditions. 1. Have each student make a list of the hospitals in the local area, and their specialties. 2. In smaller groups, have students discuss whether they think it's a good idea for a hospital to specialize in a certain condition. 3. As a class, have the students discuss the advantages and the disadvantages of having a hospital that specializes in only one condition. What do students think of there only being one hospital for cancer patients as there seems to be in the Soviet Union during the time of this book? 4. Homework: Have each student discuss how they would feel if they were shipped off to a... This section contains 5,299 words (approx. 18 pages at 300 words per page)",exact_duplicate|near_duplicate|semantic_duplicate|same_template_different_content|related_but_both_valuable|false_positive|unclear
,shard_00156.parquet:18877,shard_00149.parquet:22759,0.9999999403953552,1160,1160,"The invasion commenced on 24 June 1812. Napoleon had sent a final offer of peace to Saint Petersburg shortly before commencing operations. He never received a reply, so he gave the order to proceed into Russian Poland. He initially met little resistance and moved quickly into the enemy's territory. The French coalition of forces amounted to 449,000 men and 1,146 cannons being opposed by the Russian armies combining to muster 153,000 Russians, 938 cannons, and 15,000 Cossacks. The center of mass of French forces focused on Kaunas and the crossings were made by the French Guard, I, II and III corps amounting to some 120,000 at this point of crossing alone. The actual crossings were made in the area of Alexioten where three pontoon bridges were constructed. The sites had been selected by Napoleon in person. Napoleon had a tent raised and he watched and reviewed troops as they crossed the Niemen. Roads in this area of Lithuania hardly qualified as such, actually being small dirt tracks through areas of dense forest. Supply lines simply could not keep up with the forced marches of the corps and rear formations always suffered the worst privations.","The invasion commenced on 24 June 1812. Napoleon had sent a final offer of peace to Saint Petersburg shortly before commencing operations. He never received a reply, so he gave the order to proceed into Russian Poland. He initially met little resistance and moved quickly into the enemy's territory. The French coalition of forces amounted to 449,000 men and 1,146 cannons being opposed by the Russian armies combining to muster 153,000 Russians, 938 cannons, and 15,000 Cossacks. The center of mass of French forces focused on Kaunas and the crossings were made by the French Guard, I, II and III corps amounting to some 120,000 at this point of crossing alone. The actual crossings were made in the area of Alexioten where three pontoon bridges were constructed. The sites had been selected by Napoleon in person. Napoleon had a tent raised and he watched and reviewed troops as they crossed the Niemen. Roads in this area of Lithuania hardly qualified as such, actually being small dirt tracks through areas of dense forest. Supply lines simply could not keep up with the forced marches of the corps and rear formations always suffered the worst privations.",exact_duplicate|near_duplicate|semantic_duplicate|same_template_different_content|related_but_both_valuable|false_positive|unclear
,shard_00164.parquet:30762,shard_00025.parquet:40109,0.9678024649620056,9324,9659,"Would the capture of Moscow have altered the outcome of World War II? Losing their capital has often led nations to seek peace. Moscow was more than the administrative capital of the Soviet Union: it was also a vital rail hub and production center. There was also the symbolic value: totalitarian dictators, like Hitler and Stalin, crafted images of themselves as all-knowing leaders of their nations. Losing Moscow would certainly have dented popular confidence in Stalin. In fact, Stalin apparently did put out discreet peace feelers to Germany through Sweden, which Hitler ignored. There was war in China and war in North Africa, and soon there would be war between America and Japan. But in the autumn of 1941, the only war that really seemed to matter was fought in a portion of central Russia. Recommended: The M4: The Gun U.S. Army Loves to Go to War With Operation Barbarossa, the German invasion of the Soviet Union, had begun brilliantly on June 22, 1941. Encirclement after encirclement had inflicted almost 4 million casualties on the huge but disorganized Soviet armies. By early October, they had advanced to within 200 miles of Moscow. Now came Operation Typhoon, the offensive to seiz","History shows us Adolf’s gamble proved fatal. Operation Barbarossa , the German invasion of the Soviet Union, had begun brilliantly on June 22, 1941. Encirclement after encirclement had inflicted almost 4 million casualties on the huge but disorganized Soviet armies. By early October, they had advanced to within 200 miles of Moscow. Now came Operation Typhoon, the offensive to seize the Soviet capital and—or so the Germans hoped—end the campaign. Desperation breeds optimism, so indeed Germany needed to end the War in the East soon. The newsreels of vast columns of bewildered Soviet prisoners may have conveyed an image of German invincibility, but for the Wehrmacht, Russia was Death by a Thousand Cuts. Germany and its allies had committed more than 3 million men to Barbarossa: by October, they had suffered more than 500,000 casualties, or 15 percent of the invasion force. The panzers sweeping 500 miles deep into Russia left a trail of broken-down tanks. The Russian roads, few in number and poor in quality, had devoured perhaps 40 percent of the German truck fleet. That left railroads as the supply arteries on the Eastern Front, yet Russian railroad tracks were wider than German ones",exact_duplicate|near_duplicate|semantic_duplicate|same_template_different_content|related_but_both_valuable|false_positive|unclear
,shard_00103.parquet:40382,shard_00114.parquet:41171,0.9999998211860657,6353,6353,"First Aid for Dogs and Cats Accidents can happen. Even if your provide your cat or dog with everything he or she needs, nutritious food, regular grooming, regular veterinary examinations, professional dental cleanings, vaccinations, lots of love and care - accidents or injuries can still happen. It's important to be prepared for those unexpected situations. Knowing what to do may save your dog's or cat's life. Put Together a Pet First-Aid Kit Which Includes: Bandaging materials: gauze pads & rolls, rolled cotton, self-adhesive elastic wraps Extra blankets & towels Your veterinarian's phone number Ahwatukee Animal Care Hospital (480) 893-0533 Print out our CPR page, our Emergency contacts page, and our Poisonous Substances page and keep them handy. Checking Vital Signs ~ Use rectal thermometers for pets. Newer human digital thermometers are best. Normal temperatures for dogs: 101 degrees F to 102.5 degrees F. Normal temperatures for cats: 100 degrees F to 102.5 degrees F. ~ Heart rate can be checked by placing a hand over the cat's or dog's chest. Normal heart rate for dogs: 70-160 beats/minute. Normal heart rate for cats: 140 - 220 beat/minute. ~ Respiration can be measured by obse","First Aid for Dogs and Cats Accidents can happen. Even if your provide your cat or dog with everything he or she needs, nutritious food, regular grooming, regular veterinary examinations, professional dental cleanings, vaccinations, lots of love and care - accidents or injuries can still happen. It's important to be prepared for those unexpected situations. Knowing what to do may save your dog's or cat's life. Put Together a Pet First-Aid Kit Which Includes: Bandaging materials: gauze pads & rolls, rolled cotton, self-adhesive elastic wraps Extra blankets & towels Your veterinarian's phone number Ahwatukee Animal Care Hospital (480) 893-0533 Print out our CPR page, our Emergency contacts page, and our Poisonous Substances page and keep them handy. Checking Vital Signs ~ Use rectal thermometers for pets. Newer human digital thermometers are best. Normal temperatures for dogs: 101 degrees F to 102.5 degrees F. Normal temperatures for cats: 100 degrees F to 102.5 degrees F. ~ Heart rate can be checked by placing a hand over the cat's or dog's chest. Normal heart rate for dogs: 70-160 beats/minute. Normal heart rate for cats: 140 - 220 beat/minute. ~ Respiration can be measured by obse",exact_duplicate|near_duplicate|semantic_duplicate|same_template_different_content|related_but_both_valuable|false_positive|unclear
,shard_00122.parquet:8510,shard_00150.parquet:20112,1.0000001192092896,2316,2316,"Kidneys: Astonishingly unnoticeable A person can lose up to 90% of their kidney function before experiencing any symptoms. Only when typical signs such as swollen ankles, fatigue, difficulty concentrating, and decreased appetite show up do they notice that something is wrong*. That is why prevention, in the form of a healthy lifestyle together with regular care e.g. in one of B. Braun's renal care centers, is very important. On the occasion of today's International World Kidney Day, we at B. Braun want to draw attention to easy and appropriate preventative behaviors and risk factors. And we want to reassure patients, their families and friends that one can live a full life, even with kidney disease. 5 preventative behaviors to keep your kidneys healthy Make sure you drink enough fluids: We often forget to drink enough fluids during work. This is especially true for older people. Remember to drink fluids over the course of the day, every day. Watch your sugar intake: Balanced nutrition is essential for everyone. Healthy food options and an appropriate diet provide the nutrients you need to lead an active life, and to maintain healthy body weight. Please pay close attention to your s","Kidneys: Astonishingly unnoticeable A person can lose up to 90% of their kidney function before experiencing any symptoms. Only when typical signs such as swollen ankles, fatigue, difficulty concentrating, and decreased appetite show up do they notice that something is wrong*. That is why prevention, in the form of a healthy lifestyle together with regular care e.g. in one of B. Braun's renal care centers, is very important. On the occasion of today's International World Kidney Day, we at B. Braun want to draw attention to easy and appropriate preventative behaviors and risk factors. And we want to reassure patients, their families and friends that one can live a full life, even with kidney disease. 5 preventative behaviors to keep your kidneys healthy Make sure you drink enough fluids: We often forget to drink enough fluids during work. This is especially true for older people. Remember to drink fluids over the course of the day, every day. Watch your sugar intake: Balanced nutrition is essential for everyone. Healthy food options and an appropriate diet provide the nutrients you need to lead an active life, and to maintain healthy body weight. Please pay close attention to your s",exact_duplicate|near_duplicate|semantic_duplicate|same_template_different_content|related_but_both_valuable|false_positive|unclear
,shard_00046.parquet:29886,shard_00147.parquet:5338,0.9999998807907104,2288,2288,"The satellite mission GRACE-FO (Gravity Recovery and Climate Experiment Follow-On) will conduct extremely precise measurements of the Earth’s gravity field. In preparation for the launch now a crucial step has been done. On December 12 the twin satellites were delivered by air cargo to the Vandenberg Airforce Base in California. They are set to launch into space on board of a Falcon-9 by SpaceX in spring 2018. GRACE-FO is a joint mission of NASA´s Jet Propulsion Laboratory (JPL) in Pasadena and GFZ in Potsdam. The satellites have been built by Airbus Defence and Space in Friedrichshafen und were subsequently tested under space conditions by IABG in Ottobrunn. GRACE-FO is the successor of the very successful mission GRACE, where GFZ is also involved. It was launched in March 2002 and active for 15 years until fall 2017. It provided valuable data more than 10 years beyond its intended lifetime. „GRACE-FO will measure variations of Earth’s gravity field more precise than GRACE did“, says Frank Flechtner, Head of Section Global Geomonitoring and Gravity Field and Co-PI of the mission. „The data helps to accurately monitor ice melting, sea level rise and the variations in groundwater st","The satellite mission GRACE-FO (Gravity Recovery and Climate Experiment Follow-On) will conduct extremely precise measurements of the Earth’s gravity field. In preparation for the launch now a crucial step has been done. On December 12 the twin satellites were delivered by air cargo to the Vandenberg Airforce Base in California. They are set to launch into space on board of a Falcon-9 by SpaceX in spring 2018. GRACE-FO is a joint mission of NASA´s Jet Propulsion Laboratory (JPL) in Pasadena and GFZ in Potsdam. The satellites have been built by Airbus Defence and Space in Friedrichshafen und were subsequently tested under space conditions by IABG in Ottobrunn. GRACE-FO is the successor of the very successful mission GRACE, where GFZ is also involved. It was launched in March 2002 and active for 15 years until fall 2017. It provided valuable data more than 10 years beyond its intended lifetime. „GRACE-FO will measure variations of Earth’s gravity field more precise than GRACE did“, says Frank Flechtner, Head of Section Global Geomonitoring and Gravity Field and Co-PI of the mission. „The data helps to accurately monitor ice melting, sea level rise and the variations in groundwater st",exact_duplicate|near_duplicate|semantic_duplicate|same_template_different_content|related_but_both_valuable|false_positive|unclear
,shard_00139.parquet:26563,shard_00094.parquet:29827,0.9994751811027527,5177,5232,"What an achievement, this is my (Christopher Roberts’s) 100th post on Technology Bloggers! Thank you everyone for your support, I love writing here, and that is because of the fantastic community we have created 🙂 3D printers have been around for around 20 years now, however it is only recently that they have really started to show their true potential, both in industrial and now even domestic settings. Thanks to the recent advancements in 3D printing, CAD designs can be constructed into physical prototypes (and in some cases now even final products) by 3D printers. 3D printers have the potential to revolutionise the way we live our lives, due the variety of possibilities they unlock. 3D printing could revolutionise architecture, product design, industry, education, and so much more! What exactly is 3D printing? Most people have access to a normal printer, be it black and white or colour, ink jet or laser. Those sorts of printers however, only work in 2 dimensions, they can print content in the dimension that is left to right, and the dimension that is forward to back. 3D printing adds in another dimension, up and down. Therefore 3D printing means that you can print in height, leng","What an achievement, this is my (Christopher Roberts’s) 100th post on Technology Bloggers! Thank you everyone for your support, I love writing here, and that is because of the fantastic community we have created 🙂 3D printers have been around for around 20 years now, however it is only recently that they have really started to show their true potential, both in industrial and now even domestic settings. Thanks to the recent advancements in 3D printing, CAD designs can be constructed into physical prototypes (and in some cases now even final products) by 3D printers. 3D printers have the potential to revolutionise the way we live our lives, due the variety of possibilities they unlock. 3D printing could revolutionise architecture, product design, industry, education, and so much more! What exactly is 3D printing? Most people have access to a normal printer, be it black and white or colour, ink jet or laser. Those sorts of printers however, only work in 2 dimensions, they can print content in the dimension that is left to right, and the dimension that is forward to back. 3D printing adds in another dimension, up and down. Therefore 3D printing means that you can print in height, leng",exact_duplicate|near_duplicate|semantic_duplicate|same_template_different_content|related_but_both_valuable|false_positive|unclear
,shard_00108.parquet:34816,shard_00099.parquet:46335,0.9925888180732727,1137,1035,"""George Gordon, Lord Byron, was born in Holles Street, London."" —The Popular Cyclopedia, 1888 ""Coin of George I."" — Lardner, 1885 ""George I."" — Lardner, 1885 ""Coin of George II."" — Lardner, 1885 ""George II."" — Lardner, 1885 ""Coin of George III."" — Lardner, 1885 ""George III."" — Lardner, 1885 ""Coin of George IV."" — Lardner, 1885 ""The blind Handel being led to the organ."" — Cooke, 1910 General George Meade of the Union Army, known for his defeat of General Lee at Gettysberg. Mount Vernon, the home of George Washington. An illustration of the Order of the Garder's collar and George. The collar is an accessory worn around… ""This name deserves to be held in rememberance on account of his munificent philanthropy."" —The… ""...an English gold coin of the value of seven shillings, being the third part of the guinea, coined… General George Henry Thomas. General George Henry Thomas, one of the principal Union commanders in the Western Theater. The wife of George Washington, the first president of the United States. Considered to be the first… The first First Lady of the United States of America. She was married to George Washington.","""George Gordon, Lord Byron, was born in Holles Street, London."" —The Popular Cyclopedia, 1888 ""Coin of George I."" — Lardner, 1885 ""George I."" — Lardner, 1885 ""Coin of George II."" — Lardner, 1885 ""George II."" — Lardner, 1885 ""Coin of George III."" — Lardner, 1885 ""George III."" — Lardner, 1885 ""Coin of George IV."" — Lardner, 1885 ""The blind Handel being led to the organ."" — Cooke, 1910 General George Meade of the Union Army, known for his defeat of General Lee at Gettysberg. Mount Vernon, the home of George Washington. An illustration of the Order of the Garder's collar and George. The collar is an accessory worn around… ""This name deserves to be held in rememberance on account of his munificent philanthropy."" —The… General George Henry Thomas. General George Henry Thomas, one of the principal Union commanders in the Western Theater. The wife of George Washington, the first president of the United States. Considered to be the first… The first First Lady of the United States of America. She was married to George Washington.",exact_duplicate|near_duplicate|semantic_duplicate|same_template_different_content|related_but_both_valuable|false_positive|unclear
,shard_00058.parquet:52750,shard_00162.parquet:37514,0.9678242802619934,3988,3999,"Biggest Problem for Iowa Farmers Missing From Noxious Weed Law Iowa Code 317 is the portion of the Iowa laws and regulations that defines the Iowa Noxious Weed Law. Chapter 317.1 is the piece of legislation that actually defines what weeds are classified as noxious. I like to refer to this piece of legislation as the most out-of-date law in our great state, although I will confess that I don’t know the Iowa Code well enough to know what other gems might be present in the books. The reason I like to criticize the Iowa Weed Law is not because I think regulation can‘t help manage weeds, but rather that the weeds included in the law are hopelessly out of sync with the current threats to Iowa’s agricultural fields and natural areas. Because the list of noxious weeds is an actual piece of the Iowa Code, it is extremely difficult to make any changes to the weeds defined as noxious. Counties do have the authority to classify weeds as noxious. Most of the weeds classified as noxious in Iowa are naturalized. A naturalized plant is a species not native to Iowa, but the plant is well established and widely distributed. Because of the wide distribution of naturalized plants, it is unrealistic t","Iowa Code 317 is the portion of the Iowa laws and regulations that defines the Iowa Noxious Weed Law. Chapter 317.1 is the piece of legislation that actually defines what weeds are classified as noxious. I like to refer to this piece of legislation as the most out-of-date law in our great state, although I will confess that I don’t know the Iowa Code well enough to know what other gems might be present in the books. The reason I like to criticize the Iowa Weed Law is not because I think regulation can‘t help manage weeds, but rather that the weeds included in the law are hopelessly out of sync with the current threats to Iowa’s agricultural fields and natural areas. Because the list of noxious weeds is an actual piece of the Iowa Code, it is extremely difficult to make any changes to the weeds defined as noxious. Counties do have the authority to classify weeds as noxious. Most of the weeds classified as noxious in Iowa are naturalized. A naturalized plant is a species not native to Iowa, but the plant is well established and widely distributed. Because of the wide distribution of naturalized plants, it is unrealistic to prevent its spread or expect eradication of the weed – these",exact_duplicate|near_duplicate|semantic_duplicate|same_template_different_content|related_but_both_valuable|false_positive|unclear
,shard_00075.parquet:20435,shard_00067.parquet:9861,0.9870641827583313,2240,2272,"An international team of researchers has discovered a way to identify, at a molecular level, malaria-causing Plasmodium falciparum parasites that are resistant to artemisinin, the key drug for treating this disease. The research team, which included scientists from the National Institute of Allergy and Infectious Diseases (NIAID), part of the National Institutes of Health, published their findings today in the journal Nature. According to the World Health Organization, an estimated 627,000 people died of malaria in 2012. Artemisinin, in combination with other drugs, is the first-line treatment for malaria. In recent years, however, artemisinin-resistant malaria has appeared in patients in Southeast Asia, and researchers have begun exploring ways to maintain the drug's effectiveness. To monitor the spread of artemisinin resistance, scientists need a way to identify drug-resistant, malaria-causing parasites, the study authors write. They sought to fill this need by sequencing the complete genetic information of a laboratory-generated strain of artemisinin-resistant P. falciparum, and of both resistant and susceptible parasites found in nature in Cambodia, and then searching for links","An international team of researchers has discovered a way to identify, at a molecular level, malaria-causing Plasmodium falciparum parasites that are resistant to artemisinin, the key drug for treating this disease. The research team, which included scientists from the National Institute of Allergy and Infectious Diseases (NIAID), part of the National Institutes of Health, published their findings today in the journal Nature. According to the World Health Organization, an estimated 627,000 people died of malaria in 2012. Artemisinin, in combination with other drugs, is the first-line treatment for malaria. In recent years, however, artemisinin-resistant malaria has appeared in patients in Southeast Asia, and researchers have begun exploring ways to maintain the drug's effectiveness. To monitor the spread of artemisinin resistance, scientists need a way to identify drug-resistant, malaria-causing parasites, the study authors write. They sought to fill this need by sequencing the complete genetic information of a laboratory-generated strain of artemisinin-resistant P. falciparum, and of both resistant and susceptible parasites found in nature in Cambodia, and then searching for links",exact_duplicate|near_duplicate|semantic_duplicate|same_template_different_content|related_but_both_valuable|false_positive|unclear
,shard_00148.parquet:19413,shard_00127.parquet:38684,1.0000003576278687,1057,1057,"400 students take part in the first edition of the TRS contest with 32 short films from their classrooms The old cinema “Cinema Catalunya”, today part of our heritage, became a very special stage to show the work made by the students and as a great place for the awards ceremony. One of the most important goals of being a City of Film by UNESCO is to bring deep audiovisual knowledge to all social levels, and for these purpose approaching audiovisual to schools is one of the most important tools we have, today’s children and youth are big consumers of audiovisual products and information, and to boost critical comprehension of media content it’s one of a serious challenge. We have now a work flow system using specialised staff going to schools training and encouraging teachers in the use of audiovisual creative tools and making them able to transmit audiovisual language to students. In this purpose a classroom film made festival has been created ‘TRS Fem Cinema!’ as a way to see results and learn from them and to be able to improve the system.","400 students take part in the first edition of the TRS contest with 32 short films from their classrooms The old cinema “Cinema Catalunya”, today part of our heritage, became a very special stage to show the work made by the students and as a great place for the awards ceremony. One of the most important goals of being a City of Film by UNESCO is to bring deep audiovisual knowledge to all social levels, and for these purpose approaching audiovisual to schools is one of the most important tools we have, today’s children and youth are big consumers of audiovisual products and information, and to boost critical comprehension of media content it’s one of a serious challenge. We have now a work flow system using specialised staff going to schools training and encouraging teachers in the use of audiovisual creative tools and making them able to transmit audiovisual language to students. In this purpose a classroom film made festival has been created ‘TRS Fem Cinema!’ as a way to see results and learn from them and to be able to improve the system.",exact_duplicate|near_duplicate|semantic_duplicate|same_template_different_content|related_but_both_valuable|false_positive|unclear
,shard_00166.parquet:10379,shard_00167.parquet:35463,0.9519208669662476,7844,7993,"WHAT IS A BREAST MRI? Magnetic resonance imaging (MRI) is a noninvasive test that obtains multiple cross-sectional pictures of your breast. It uses a magnetic field, radio-frequency pulses (not x-rays), and a computer to produce detailed pictures that can then be evaluated on a computer monitor. MRI of the breast does not replace mammography, but is a supplemental test for detecting and staging breast cancer and other breast abnormalities. Breast MRI is best used in addition to a mammogram. Although MRI a very sensitive test, breast MRI can still miss some breast cancers that a mammogram will detect. The MRI unit is a large tube-shaped machine. It houses a powerful magnet and electronics. The computer workstation that processes the imaging information is located in a separate room just outside the MRI scanner. REASONS FOR BREAST MRI 1. Strong family history of breast cancer or ovarian cancer. 2. High risk of breast cancer. If you are unsure whether you are considered high-risk, ask your doctor to help you determine your personal risk 3. Diagnosis of breast cancer; Your doctor wishes to determine the extent of the cancer and to evaluate your other breast. 4. Suspected leak or ruptur","A breast magnetic resonance imaging (MRI) test is a diagnostic examination. It uses magnetic fields to capture multiple images of the breast tissue. These images are combined to create detailed, computer-generated pictures of your breasts. Reasons a person might need a breast MRI This test has many uses: To screen women who are at a high risk for breast cancer To diagnose and evaluate breast tumors; this test may better identify a small mass within a woman's breast than a mammogram or ultrasound, particularly for women with very dense, non-fatty breast tissue. To find out more about the stage of cancer, which is the size of the tumor and extent of the spread, after an initial breast cancer diagnosis To monitor the response of breast cancer to chemotherapy To evaluate the area where the cancerous breast tissue was removed as a part of follow-up care To learn if breast implants have torn or leaked, for women who have had their breast(s) reconstructed through implants after a mastectomy Limitations of using breast MRI for cancer screening A breast MRI is not a replacement for mammography . Although it is a highly effective test, a breast MRI occasionally may fail to find cancer that a",exact_duplicate|near_duplicate|semantic_duplicate|same_template_different_content|related_but_both_valuable|false_positive|unclear
,shard_00126.parquet:43803,shard_00097.parquet:13687,0.9721328020095825,3496,3620,"Cross-posted from National Geographic Climate change is having a devastating impact on the Himalaya. On the Ngozumpa glacier, one of the largest and longest in the region, hundreds of supraglacial lakes dot the glacier surface. One lake in particular is known for its continuous volume purges on an annual basis. Near the start of the monsoon this summer, in less than 48 hours, it loses enough water to fill over 40 Olympic-sized swimming pools. To make matters worse, these glacial lakes act like cancers: they consume Himalayan glaciers from the inside out, making some of them melt twice as fast. As a result, villages down-valley from these glacial lakes are becoming increasingly prone to violent flash floods, which locals call Himalayan Tsunamis. To provide early warnings of these flash floods requires that we collect a lot more geophysical and hydrologic information on these glacial lakes. So scientists like Ulyana (co-author) are racing to understand exactly how these glacial lakes form and grow, and how they’re connected to each other through seemingly secret subterranean channels. We need to know how deep and steep these lakes are, what the lake floors look like and of what mater","Cross-posted from National Geographic Explorers Journal. By Patrick Meier Climate change is having a devastating impact on the Himalaya. On the Ngozumpa glacier, one of the largest and longest in the region, hundreds of supraglacial lakes dot the glacier surface. One lake in particular is known for its continuous volume purges on an annual basis. Near the start of the monsoon this summer, in less than 48 hours, it loses enough water to fill over 40 Olympic-sized swimming pools. To make matters worse, these glacial lakes act like cancers: they consume Himalayan glaciers from the inside out, making some of them melt twice as fast. As a result, villages down-valley from these glacial lakes are becoming increasingly prone to violent flash floods, which locals call Himalayan Tsunamis. To provide early warnings of these flash floods requires that we collect a lot more geophysical and hydrologic information on these glacial lakes. So scientists like Ulyana (co-author) are racing to understand exactly how these glacial lakes form and grow, and how they’re connected to each other through seemingly secret subterranean channels. We need to know how deep and steep these lakes are, what the lak",exact_duplicate|near_duplicate|semantic_duplicate|same_template_different_content|related_but_both_valuable|false_positive|unclear
,shard_00156.parquet:36544,shard_00153.parquet:36447,0.9820432662963867,3531,3490,"Guys’ brains change after violent gaming INDIANA U. (US) — After playing violent video games for one week, young adult men showed signs of sustained changes in a region of the brain associated with emotional control, a new study shows. This is the first time researchers at Indiana University—a group that has studied the effects of media violence for more than a decade—have conducted an experimental study that showed a direct relationship between playing violent video games over an extended period of time and a subsequent change in brain regions associated with cognitive function and emotional control. The controversy over whether or not violent video games are potentially harmful to players has been debated for many years, even making it as far as the Supreme Court in 2010. There has been little scientific evidence demonstrating that the games have a prolonged negative neurological effect. Functional magnetic resonance images of the two groups of study participants. (Credit: Indiana University) “For the first time, we have found that a sample of randomly assigned young adults showed less activation in certain frontal brain regions following a week of playing violent video games at","INDIANA U. (US) — After playing violent video games for one week, young adult men showed signs of sustained changes in a region of the brain associated with emotional control, a new study shows. This is the first time researchers at Indiana University—a group that has studied the effects of media violence for more than a decade—have conducted an experimental study that showed a direct relationship between playing violent video games over an extended period of time and a subsequent change in brain regions associated with cognitive function and emotional control. The controversy over whether or not violent video games are potentially harmful to players has been debated for many years, even making it as far as the Supreme Court in 2010. There has been little scientific evidence demonstrating that the games have a prolonged negative neurological effect. Functional magnetic resonance images of the two groups of study participants. (Credit: Indiana University) “For the first time, we have found that a sample of randomly assigned young adults showed less activation in certain frontal brain regions following a week of playing violent video games at home,” says Yang Wang, assistant research",exact_duplicate|near_duplicate|semantic_duplicate|same_template_different_content|related_but_both_valuable|false_positive|unclear
,shard_00148.parquet:43706,shard_00117.parquet:28502,1.000000238418579,834,834,"The Shoghakat church is a mid-century architectural monument located in Echmiadzin. It was built at the location where the «rays dripped» upon Christian Hripsime’s martyrs. The current church («vaulted hall» type) was constructed in 1694 from the reddish black shaved toof. The scheme’s proportions and forms are characteristic to the mid-century monumental architecture, that is why, supposedly, it was erected on the foundation of the structure (dating back to the 6-7cc). There is a «hall-gallery» attached to the church from the west. To the south-west of the Shoghakat church, after an excavation, ruins of the church (4c.) made with shaved toof were discovered. There is semi-circular base attached to the outside south wall, which supposedly completed the column-gallery. The entrances are from the both the west and the south.","The Shoghakat church is a mid-century architectural monument located in Echmiadzin. It was built at the location where the «rays dripped» upon Christian Hripsime’s martyrs. The current church («vaulted hall» type) was constructed in 1694 from the reddish black shaved toof. The scheme’s proportions and forms are characteristic to the mid-century monumental architecture, that is why, supposedly, it was erected on the foundation of the structure (dating back to the 6-7cc). There is a «hall-gallery» attached to the church from the west. To the south-west of the Shoghakat church, after an excavation, ruins of the church (4c.) made with shaved toof were discovered. There is semi-circular base attached to the outside south wall, which supposedly completed the column-gallery. The entrances are from the both the west and the south.",exact_duplicate|near_duplicate|semantic_duplicate|same_template_different_content|related_but_both_valuable|false_positive|unclear
,shard_00135.parquet:34984,shard_00122.parquet:10714,0.9669898152351379,5198,5077,"Thin gels with ultra strength for potential use in tissue engineering. Credit: Tiffany Suekama, The University of Kansas Have you eaten a piece of Jell-O lately? It is a hydrogel. Have you ever worn a contact lens? Hydrogel. Changed a baby diaper and wondered how it held the liquid in? Yep, you guessed it! The lining in baby diapers also contains dried hydrogels. Hydrogels are three-dimensional materials that are hydrophilic, or water loving. Fully swollen hydrogels typically contain more than 90 percent water. Since they are primarily water, their mechanical properties — such as brittleness or elasticity — are relatively poor, thus they tend to be soft and fracture easily. For the last three years, I have studied hydrogels in the lab of Stevin Gehrke at the University of Kansas. Materials found in nature are superior to man-made ones; therefore, we use nature as a model. Specifically, we use proteins and polysaccharides found in the extracellular matrix. The ECM is a highly ordered and complex material found in tissues and organs, and has excellent toughness. Mimicking these tissues with synthetic hydrogels would advance tissue engineering for repair of damaged or diseased tissues","Have you eaten a piece of Jell-O lately? It is a hydrogel. Have you ever worn a contact lens? Hydrogel. Changed a baby diaper and wondered how it held the liquid in? Yep, you guessed it! The lining in baby diapers also contains dried hydrogels. Hydrogels are three-dimensional materials that are hydrophilic, or water loving. Fully swollen hydrogels typically contain more than 90 percent water. Since they are primarily water, their mechanical properties — such as brittleness or elasticity — are relatively poor, thus they tend to be soft and fracture easily. For the last three years, I have studied hydrogels in the lab of Stevin Gehrke at the University of Kansas. Materials found in nature are superior to man-made ones; therefore, we use nature as a model. Specifically, we use proteins and polysaccharides found in the extracellular matrix. The ECM is a highly ordered and complex material found in tissues and organs, and has excellent toughness. Mimicking these tissues with synthetic hydrogels would advance tissue engineering for repair of damaged or diseased tissues. I have created strong biocompatible hydrogels that have the ability to encapsulate cells. These properties are importan",exact_duplicate|near_duplicate|semantic_duplicate|same_template_different_content|related_but_both_valuable|false_positive|unclear
,shard_00150.parquet:36928,shard_00118.parquet:12696,0.9999994039535522,15192,14825,"Common Core Standards: ELA - Literacy ELA: KINDERGARTEN - GRADE 12 LITERACY: GRADES 6 - 12 Write informative/explanatory texts, including the narration of historical events, scientific procedures/experiments, or technical processes. - Introduce a topic and organize ideas, concepts, and information to make important connections and distinctions; include formatting (e.g., headings), graphics (e.g., figures, tables), and multimedia when useful to aiding comprehension. - This point asks students to structure a paper around a central topic. Their ideas should be connected, well-organized details that support a main idea. Students should also consider document design and the use of charts, images, video clips, etc. to communicate the information most effectively. Set aside time in class to talk about using these elements strategically. - Develop the topic with well-chosen, relevant, and sufficient facts, extended definitions, concrete details, quotations, or other information and examples appropriate to the audience’s knowledge of the topic. - You know how you read student papers and then say things like, “You need to develop these ideas further,” or, “Your analysis needs more depth.” We","Common Core Standards: ELA - Literacy ELA: KINDERGARTEN - GRADE 12 LITERACY: GRADES 6 - 12 Write informative/explanatory texts, including the narration of historical events, scientific procedures/experiments, or technical processes. - Introduce a topic and organize ideas, concepts, and information to make important connections and distinctions; include formatting (e.g., headings), graphics (e.g., figures, tables), and multimedia when useful to aiding comprehension. - This point asks students to structure a paper around a central topic. Their ideas should be connected, well-organized details that support a main idea. Students should also consider document design and the use of charts, images, video clips, etc. to communicate the information most effectively. Set aside time in class to talk about using these elements strategically. - Develop the topic with well-chosen, relevant, and sufficient facts, extended definitions, concrete details, quotations, or other information and examples appropriate to the audience’s knowledge of the topic. - You know how you read student papers and then say things like, “You need to develop these ideas further,” or, “Your analysis needs more depth.” We",exact_duplicate|near_duplicate|semantic_duplicate|same_template_different_content|related_but_both_valuable|false_positive|unclear
,shard_00107.parquet:41947,shard_00167.parquet:47688,0.9533196687698364,896,737,"Also found in: Wikipedia. Bad Langensalza(bät läng'ənzäl`tsä), town (1994 pop. 17,350), Thuringia, S central Germany, on the Unstrut River. It is an industrial and horticultural center. Manufactures include textiles, paper, processed food, and beer. Bad Langensalza was an early seat (13th cent.) of the Teutonic Knights. The town was annexed (14th cent.) by the house of WettinWettin , German dynasty, which ruled in Saxony, Thuringia, Poland, Great Britain, Belgium, and Bulgaria. It takes its name from a castle on the Saale near Halle. The family gained prominence in the 10th cent. ..... Click the link for more information. , passing to its Albertine line in 1485. Bad Langensalza was annexed by Prussia in 1815, and in 1866 the Prussians defeated the Hanoverians there in a battle during the Austro-Prussian War. The town has retained parts of its medieval walls and a 13th-century castle.","Bad Langensalza (bät längˌənzälˈtsä) [key], town (1994 pop. 17,350), Thuringia, S central Germany, on the Unstrut River. It is an industrial and horticultural center. Manufactures include textiles, paper, processed food, and beer. Bad Langensalza was an early seat (13th cent.) of the Teutonic Knights. The town was annexed (14th cent.) by the house of Wettin, passing to its Albertine line in 1485. Bad Langensalza was annexed by Prussia in 1815, and in 1866 the Prussians defeated the Hanoverians there in a battle during the Austro-Prussian War. The town has retained parts of its medieval walls and a 13th-century castle. The Columbia Electronic Encyclopedia, 6th ed. Copyright © 2012, Columbia University Press. All rights reserved.",exact_duplicate|near_duplicate|semantic_duplicate|same_template_different_content|related_but_both_valuable|false_positive|unclear
,shard_00145.parquet:51513,shard_00003.parquet:24724,0.9999999403953552,3225,3225,"Scholars are expected to receive information about the fate of thousands of Nazi prisoners for the first time as German World War II archives are made public. Scholars hope to find essential details on hundreds of slave-labor and concentration camps about which little is known - except for the fact that they existed, Professor Yehuda Bauer of the Yad Vashem Holocaust Authority told Haaretz. Bauer served as a consultant to Israel on the archive. ""There is a more than reasonable chance that the names of the camp commanders and their helpers will be found along with the names and fates of prisoners who passed through the camps,"" Bauer said. For 60 years, the International Red Cross has used the archived documents to trace missing and dead Jews and others who were systematically persecuted by Nazi Germany and its confederates across central and eastern Europe before and during World War II. However, the archives have remained off-limits to historians and the public. Eleven nations, including Israel and the United States, oversee the 30 million to 50 million documents housed in the German town Bad Arolsen. These nations will vote on whether to amend a 1955 treaty and give historians, fa","Scholars are expected to receive information about the fate of thousands of Nazi prisoners for the first time as German World War II archives are made public. Scholars hope to find essential details on hundreds of slave-labor and concentration camps about which little is known - except for the fact that they existed, Professor Yehuda Bauer of the Yad Vashem Holocaust Authority told Haaretz. Bauer served as a consultant to Israel on the archive. ""There is a more than reasonable chance that the names of the camp commanders and their helpers will be found along with the names and fates of prisoners who passed through the camps,"" Bauer said. For 60 years, the International Red Cross has used the archived documents to trace missing and dead Jews and others who were systematically persecuted by Nazi Germany and its confederates across central and eastern Europe before and during World War II. However, the archives have remained off-limits to historians and the public. Eleven nations, including Israel and the United States, oversee the 30 million to 50 million documents housed in the German town Bad Arolsen. These nations will vote on whether to amend a 1955 treaty and give historians, fa",exact_duplicate|near_duplicate|semantic_duplicate|same_template_different_content|related_but_both_valuable|false_positive|unclear
,shard_00034.parquet:54136,shard_00032.parquet:38433,0.9800179600715637,6605,4919,"In digital circuits, a logic level is one of a finite number of states that a signal can have. Logic levels are usually represented by the voltage difference between the signal and ground (or some other common reference point), although other standards exist. The range of voltage levels that represents each state depends on the logic family being used. In binary logic the two levels are logical high and logical low, which generally correspond to a binary 1 and 0 respectively. Signals with one of these two levels can be used in boolean logic for digital circuit design or analysis. The logic level problem Interconnecting any two logic families often required special techniques such as additional pull-up resistors or purpose-built interface circuits, since the logic families may use different voltage levels to represent 1 and 0 states, and may have other interface requirements only met within the logic family. For example, TTL levels are different from those of CMOS. Generally a TTL output does not rise high enough to be reliably recognized as a logic 1 by a CMOS input, especially if it is only connected to a high-input-impedance CMOS input that does not source significant current. Th","In digital circuits, a logic level is one of a finite number of states that a digital signal can inhabit. Logic levels are usually represented by the voltage difference between the signal and ground, although other standards exist. The range of voltage levels that represents each state depends on the logic family being used. In binary logic the two levels are logical high and logical low, which generally correspond to a binary 1 and 0 respectively. Signals with one of these two levels can be used in boolean logic for digital circuit design or analysis. The use of either the higher or the lower voltage level to represent either logic state is arbitrary. The two options are active high and active low. Active-high and active-low states can be mixed at will: for example, a read only memory integrated circuit may have a chip-select signal that is active-low, but the data and address bits are conventionally active-high. Occasionally a logic design is simplified by inverting the choice of active level (see De Morgan's theorem). |Logic level||Active-high signal||Active-low signal| The name of an active-low signal is written with a bar above it to distinguish it from an active-high signal.",exact_duplicate|near_duplicate|semantic_duplicate|same_template_different_content|related_but_both_valuable|false_positive|unclear
,shard_00121.parquet:14543,shard_00064.parquet:33978,0.9995079636573792,422,422,"IRIDIUM 8 - Delta II After being delayed by weather, The Boeing Company successfully launched a Delta II on 27 March 1998 at 0602 UTC. The Delta II, launched from Vandenberg Air Force Base, California, carried five IRIDIUM satellites to low earth orbit. The completed IRIDIUM system will consist of 66 spacecraft and will be a satellite-based, worldwide cellular phone network. Currently, 58 satellites have been launched.","IRIDIUM 8 / Delta II After being delayed by weather, The Boeing Company successfully launched a Delta II on 27 March 1998 at 0602 UTC. The Delta II, launched from Vandenberg Air Force Base, California, carried five IRIDIUM satellites to low earth orbit. The completed IRIDIUM system will consist of 66 spacecraft and will be a satellite-based, worldwide cellular phone network. Currently, 58 satellites have been launched.",exact_duplicate|near_duplicate|semantic_duplicate|same_template_different_content|related_but_both_valuable|false_positive|unclear
,shard_00050.parquet:6609,shard_00065.parquet:16871,1.0000004768371582,5488,5488,"By: Sherry Lippiatt, California Regional Coordinator for the NOAA Marine Debris Program Over the years of the NOAA Marine Debris Program, there have been many efforts around the country to rid our waters and shores of marine debris. As part of our ten-year anniversary celebration, let’s take a look back at one of those efforts in our California region. Back in 2008, the Port of San Diego, with funding through the NOAA Marine Debris Program’s Community-based Marine Debris Removal grant program, initiated a three-phase project to remove marine debris from a former anchorage site and surrounding shorelines. By 2013, over 447 metric tons of debris had been removed! California isn’t only the site of innovative marine debris removal projects, but is also where some really interesting and creative prevention projects are taking place! Here are two new projects that the NOAA Marine Debris Program is proud to be a part of: ReThink Disposable is a project by the Clean Water Fund that works to combat the use of single-use items in restaurants. This project works directly with restaurants to help them make the transition to reusable items, reducing their waste and saving them money over time.","By: Sherry Lippiatt, California Regional Coordinator for the NOAA Marine Debris Program Over the years of the NOAA Marine Debris Program, there have been many efforts around the country to rid our waters and shores of marine debris. As part of our ten-year anniversary celebration, let’s take a look back at one of those efforts in our California region. Back in 2008, the Port of San Diego, with funding through the NOAA Marine Debris Program’s Community-based Marine Debris Removal grant program, initiated a three-phase project to remove marine debris from a former anchorage site and surrounding shorelines. By 2013, over 447 metric tons of debris had been removed! California isn’t only the site of innovative marine debris removal projects, but is also where some really interesting and creative prevention projects are taking place! Here are two new projects that the NOAA Marine Debris Program is proud to be a part of: ReThink Disposable is a project by the Clean Water Fund that works to combat the use of single-use items in restaurants. This project works directly with restaurants to help them make the transition to reusable items, reducing their waste and saving them money over time.",exact_duplicate|near_duplicate|semantic_duplicate|same_template_different_content|related_but_both_valuable|false_positive|unclear
,shard_00096.parquet:24563,shard_00116.parquet:16391,0.9671123027801514,5007,4944,"Philip Ball unpacks the instructions for a new periodic table The pedagogical status of the periodic table in chemistry excites passionate, even furious debate. For some the table is an object of beauty, and the organisation it imposes on the profusion of elements induces something like an epiphany. Attempts to perfect the table’s representation acquire an almost religious fervour. For others (I’m one) it’s just a convenient tool, with an irreducible degree of arbitrariness on which quantum rules impose unsightly bulges and compromises that we just have to live with. Efforts to rationalise other aspects of chemistry into periodic table analogues therefore come with a degree of baggage. So to a paper subtitled ‘Forging a new “table of elements”’ by Chad Mirkin and his coworkers at Northwestern University in Evanston, Illinois, US.1 Mirkin has pioneered the use of DNA to guide nanoparticles into self-assembled clusters and arrays. In 1996 he showed that the base sequence of single-stranded DNA attached to gold nanoparticles can encode an assembly instruction for joining nanoparticles in specified ways via pairing with other nanoparticles bearing complementary strands, creating a vers","The pedagogical status of the periodic table in chemistry excites passionate, even furious debate. For some the table is an object of beauty, and the organisation it imposes on the profusion of elements induces something like an epiphany. Attempts to perfect the table’s representation acquire an almost religious fervour. For others (I’m one) it’s just a convenient tool, with an irreducible degree of arbitrariness on which quantum rules impose unsightly bulges and compromises that we just have to live with. Efforts to rationalise other aspects of chemistry into periodic table analogues therefore come with a degree of baggage. So to a paper subtitled ‘Forging a new “table of elements”’ by Chad Mirkin and his coworkers at Northwestern University in Evanston, Illinois, US.1 Mirkin has pioneered the use of DNA to guide nanoparticles into self-assembled clusters and arrays. In 1996 he showed that the base sequence of single-stranded DNA attached to gold nanoparticles can encode an assembly instruction for joining nanoparticles in specified ways via pairing with other nanoparticles bearing complementary strands, creating a versatile and selective glue for nanotechnology.2 Since then, Mirk",exact_duplicate|near_duplicate|semantic_duplicate|same_template_different_content|related_but_both_valuable|false_positive|unclear
,shard_00087.parquet:45203,shard_00023.parquet:21203,0.9745590686798096,3168,3081,"Essential health information is missed by around 43% of patients who are 60 or older, based on recent research. Important details, with regards to health care, might be missed due to hearing loss. Hearing Loss – A Worldwide Epidemic Hearing loss isn’t a small problem. Worldwide, one third of people who are 65 or older have debilitating hearing loss. If we take it further, we find that surprisingly only around 30% of those same senior citizens suffering from hearing loss have, or make use of, treatments that would benefit their hearing. This trend isn’t good news for healthcare as we’ll illustrate next. The Significance of Communication in Health Care A major cause of death is medical error and miscommunication is a major cause of medical error. As many as 37% of severe injuries that were caused by medical errors, according to a Harvard study, would not have happened if communication had been stronger. An enhanced ability to communicate crucial information with patients could save lives. How Hearing Loss Effects Medical Care Statistics can be a little abstract and hard to get one’s head around so let’s look at essential info you might miss when talking to pharmacists, nurses, doctor","Research shows that about 43% of patients over 60 may be missing fundamental health information as a result of hearing loss. Major details, when it comes to health care, could be missed because of hearing loss. Hearing Loss – A Global Epidemic Hearing loss is a major issue. Worldwide, one third of individuals who are 65 or older have debilitating hearing loss. But shockingly, if we look a little closer we find that only 30% of those people who have debilitating hearing loss have taken measures to improve their situation. In terms of medical care, this is bad news. With Medical Care – Communication is Essential Miscommunication is one of the major causes of medical errors, and medical errors are still one of the leading causes of death. A study from Harvard showed that as many as 37% of serious injuries that resulted from medical errors could have been avoided with improved communication. Lives could be saved if essential information could be better communicated with patients. How Hearing Loss Impacts Medical Care When you are speaking with pharmacists, nurses, or doctors there is some information you won’t want to miss so let’s not linger on statistics. Doctors and nurses advise yo",exact_duplicate|near_duplicate|semantic_duplicate|same_template_different_content|related_but_both_valuable|false_positive|unclear
,shard_00111.parquet:13300,shard_00015.parquet:25657,0.9999997019767761,2934,2934,"What's the meaning of the phrase 'Mumbo jumbo'? Nonsense, especially meaningless speech and often associated with spurious religious ritual. What's the origin of the phrase 'Mumbo jumbo'? There might be thought to be more than a hint of racial stereotyping in use of this phrase today. The casually racist belief in the gullibility of the supposedly childlike fuzzy-wuzzies was widespread when this term was coined, and it hasn't shaken that off. The phrase probably originated from the Mandingo name Maamajomboo, which was a masked dancer that took part in religious ceremonies. In the 18th century Mumbo-jumbo referred to a West African god. Francis Moore, in his 1738 work Travels into the inland parts of Africa noted: ""The women are kept in the greatest subjection; and the men, to render their power as compleat as possible, influence their wives to give them an unlimited obedience, by all the force of fear and terror. For this purpose the Mundingoes have a kind of image eight or nine feet high, made of the bark of trees, dressed in a long coat, and crowned with a whisp of straw. This is called a Mumbo Jumbo; and whenever the men have any dispute with the women, this is sent for to deter","What's the meaning of the phrase 'Mumbo jumbo'? Nonsense, especially meaningless speech and often associated with spurious religious ritual. What's the origin of the phrase 'Mumbo jumbo'? There might be thought to be more than a hint of racial stereotyping in use of this phrase today. The casually racist belief in the gullibility of the supposedly childlike fuzzy-wuzzies was widespread when this term was coined, and it hasn't shaken that off. The phrase probably originated from the Mandingo name Maamajomboo, which was a masked dancer that took part in religious ceremonies. In the 18th century Mumbo-jumbo referred to a West African god. Francis Moore, in his 1738 work Travels into the inland parts of Africa noted: ""The women are kept in the greatest subjection; and the men, to render their power as compleat as possible, influence their wives to give them an unlimited obedience, by all the force of fear and terror. For this purpose the Mundingoes have a kind of image eight or nine feet high, made of the bark of trees, dressed in a long coat, and crowned with a whisp of straw. This is called a Mumbo Jumbo; and whenever the men have any dispute with the women, this is sent for to deter",exact_duplicate|near_duplicate|semantic_duplicate|same_template_different_content|related_but_both_valuable|false_positive|unclear
,shard_00085.parquet:37410,shard_00164.parquet:3453,0.9655143022537231,3619,4354,"We celebrate Newborn Screening Awareness Month each September as more than just a casual observance. Screening babies for certain serious health conditions at birth is critical. Identifying babies with potential health conditions at birth makes it possible to begin early intervention and/or treatment before harmful effects happen. Newborn Screening includes testing for inherited disorders, hearing loss and congenital heart defects. Newborn screening in South Carolina In South Carolina, we screen nearly 57,000 babies each year. So far in 2017, the newborn bloodspot screening program has identified 76 infants with inherited disorders and 28 cases of Critical Congenital Heart Disease (CCHD) have been reported by SC hospitals. Annually, 75-100 infants are identified with some form of hearing loss. The newborn screen originally began testing for just one disorder, Phenylketonuria (PKU). The South Carolina newborn screening test panel now includes 53 different disorders, such as Cystic Fibrosis, Sickle Cell disease and trait, Severe Combined Immunodeficiency (SCID), Congenital Hypothyroidism, Congenital Adrenal Hyperplasia, hearing loss, (CCHD), and multiple Inborn Errors of Metabolism.","Newborn Screening and First Sound/Hearing Screening Program Staff (Left to right): Tanya Spells, MS, MT(ASCP) Newborn Screening Program Manager, Tara Carroll, MCD, CCC/A First Sound Program Manager, Jyotsna Achanta, First Sound Program Data Manager, Dr. Eileen Walsh, Pediatric Medical Consultant, Janice Eichelberger, First Sound Program Coordinator, Dana Smith, R.N. Newborn Screening Follow Up Program Coordinator, Jennifer Schlub, RD, LD, Nutritionist IV We celebrate Newborn Screening Awareness Month each September as more than just a casual observance. Screening babies for certain serious health conditions at birth is critical. Identifying babies with potential health conditions at birth makes it possible to begin early intervention and/or treatment before harmful effects happen. Newborn Screening includes testing for inherited disorders, hearing loss and congenital heart defects. Newborn screening in South Carolina In South Carolina, we screen nearly 57,000 babies each year. So far in 2017, the newborn bloodspot screening program has identified 76 infants with inherited disorders and 28 cases of Critical Congenital Heart Disease (CCHD) have been reported by SC hospitals. Annually",exact_duplicate|near_duplicate|semantic_duplicate|same_template_different_content|related_but_both_valuable|false_positive|unclear
,shard_00147.parquet:6221,shard_00080.parquet:31959,0.9688785672187805,6274,6036,"New solar materials developed by Stanford scientists could usher in ultrathin, lightweight solar panel New, ultrathin photovoltaic materials could eventually be used in mobile applications, from self-powered wearable devices and sensors to lightweight aircraft and electric vehicles. A race is on in solar engineering to create almost impossibly-thin, flexible solar panels. Engineers imagine them used in mobile applications, from self-powered wearable devices and sensors to lightweight aircraft and electric vehicles. Against that backdrop, researchers at Stanford University have achieved record efficiencies in a promising group of photovoltaic materials. Chief among the benefits of these transition metal dichalcogenides – or TMDs – is that they absorb ultrahigh levels of the sunlight that strikes their surface compared to other solar materials. “Imagine an autonomous drone that powers itself with a solar array atop its wing that is 15 times thinner than a piece of paper,” said Koosha Nassiri Nazif, a doctoral scholar in electrical engineering at Stanford and co-lead author of a study published in the Dec. 9 edition of Nature Communications. “That is the promise of TMDs.” The search f","Transition metal dichalcogenide solar cells on a flexible polyimide substrate. Credit: Koosha Nassiri Nazif New, ultrathin photovoltaic materials could eventually be used in mobile applications, from self-powered wearable devices and sensors to lightweight aircraft and electric vehicles. A race is on in solar engineering to create almost impossibly-thin, flexible solar panels. Engineers imagine them used in mobile applications, from self-powered wearable devices and sensors to lightweight aircraft and electric vehicles. Against that backdrop, researchers at Stanford University have achieved record efficiencies in a promising group of photovoltaic materials. Chief among the benefits of these transition metal dichalcogenides – or TMDs – is that they absorb ultrahigh levels of the sunlight that strikes their surface compared to other solar materials. “Imagine an autonomous drone that powers itself with a solar array atop its wing that is 15 times thinner than a piece of paper,” said Koosha Nassiri Nazif, a doctoral scholar in electrical engineering at Stanford and co-lead author of a study published in the December 9 edition of Nature Communications. “That is the promise of TMDs.” Cro",exact_duplicate|near_duplicate|semantic_duplicate|same_template_different_content|related_but_both_valuable|false_positive|unclear
,shard_00162.parquet:5065,shard_00002.parquet:35224,0.9513633251190186,755,864,"Elements of Justice:What is justice? Questions of justice are questions about what people are due, but what that means in practice depends on context. Depending on context, the formal question of what people are due is answered by principles of desert, reciprocity, equality, or need. Justice, thus, is a constellation of elements that exhibit a degree of integration and unity, but the integrity of justice is limited, in a way that is akin to the integrity of a neighborhood rather than that of a building. A theory of justice is a map of that neighborhood. Back to top Rent Elements of Justice 1st edition today, or search our site for David textbooks. Every textbook comes with a 21-day ""Any Reason"" guarantee. Published by Cambridge University Press.","What is justice? Questions of justice are questions about what people are due, but what that means in practice depends on context. Depending on context, the formal question of what people are due is answered by principles of desert, reciprocity, equality, or need. Justice, thus, is a constellation of elements that exhibit a degree of integration and unity, but the integrity of justice is limited, in a way that is akin to the integrity of a neighborhood rather than that of a building. A theory of justice is a map of that neighborhood. Back to top Rent The Elements of Justice 1st edition today, or search our site for other textbooks by David Schmidtz. Every textbook comes with a 21-day ""Any Reason"" guarantee. Published by Cambridge University Press. Need help ASAP? We have you covered with 24/7 instant online tutoring. Connect with one of our tutors now.",exact_duplicate|near_duplicate|semantic_duplicate|same_template_different_content|related_but_both_valuable|false_positive|unclear
,shard_00069.parquet:25766,shard_00095.parquet:51844,0.9999998807907104,2048,2048,"Antenatal or prenatal care is care offered throughout the course of your pregnancy. When you test positive for pregnancy, you should consult with your doctor. Your first antenatal visit will include a review of your health, previous health issues or complications, and family history of genetic diseases. Your doctor will question you about issues such as previous pregnancies and miscarriages. You will have a thorough physical examination and a battery of tests to determine your complete health and identify any problems. Blood tests are usually ordered to rule out any deficiencies, disorders or infections. You may be screened for health problems, if you have a high risk of developing certain diseases that could affect your pregnancy. Based on these results, your doctor will instruct you on medication and other ways to manage any health problems safely, without harming your growing baby. Throughout your pregnancy, ultrasound scanning will be performed to monitor your baby’s development (heartbeat, growth and position in your womb) and detect any signs of problems at an early stage. Your urine, blood pressure and overall health will also be monitored as your pregnancy progresses. Ensur","Antenatal or prenatal care is care offered throughout the course of your pregnancy. When you test positive for pregnancy, you should consult with your doctor. Your first antenatal visit will include a review of your health, previous health issues or complications, and family history of genetic diseases. Your doctor will question you about issues such as previous pregnancies and miscarriages. You will have a thorough physical examination and a battery of tests to determine your complete health and identify any problems. Blood tests are usually ordered to rule out any deficiencies, disorders or infections. You may be screened for health problems, if you have a high risk of developing certain diseases that could affect your pregnancy. Based on these results, your doctor will instruct you on medication and other ways to manage any health problems safely, without harming your growing baby. Throughout your pregnancy, ultrasound scanning will be performed to monitor your baby’s development (heartbeat, growth and position in your womb) and detect any signs of problems at an early stage. Your urine, blood pressure and overall health will also be monitored as your pregnancy progresses. Ensur",exact_duplicate|near_duplicate|semantic_duplicate|same_template_different_content|related_but_both_valuable|false_positive|unclear
,shard_00017.parquet:39514,shard_00107.parquet:6030,0.9999997615814209,2879,2879,"|NSW Arbovirus Surveillance & Vector Monitoring Program| bottom of page Note that 'Ochlerotatus vigilax' prior to 2000, was known as 'Aedes vigilax'. Female:A mid-sized mosquito of dark appearance with banded legs; proboscis with pale scaling on basal two-thirds underside; scutum with dark bronze and some golden scales; wings dark scaled with sparse mottling of narrow white scales mainly along front veins; hind legs with femur and tibia mottled, tarsi with basal bands; tergites dark with pale basal bands; sternites pale scaled with dark lateral apical or sub-apical patches (occasionally bands). (Click here for a large photograph of the adult). Females may be confused with other species with mottled proboscis and banded legs, e.g. Oc. theobaldi (pale wing scales broader than dark scales), Oc. flavifrons (dark blotch on wing membrane), and Oc. alboannulatus, Oc. camptorhynchus, Oc. procax (with dark scaled wings). NSW (coastline from north to south, and far southwest in saline areas of Murray), Vic (northeast of coastal Gippsland and saline areas in lower Murray Valley), SA (Gulf coastal and saline river areas in Murray valley), (also Qld, NT, WA); essentially coastal and associated","|NSW Arbovirus Surveillance & Vector Monitoring Program| bottom of page Note that 'Ochlerotatus vigilax' prior to 2000, was known as 'Aedes vigilax'. Female:A mid-sized mosquito of dark appearance with banded legs; proboscis with pale scaling on basal two-thirds underside; scutum with dark bronze and some golden scales; wings dark scaled with sparse mottling of narrow white scales mainly along front veins; hind legs with femur and tibia mottled, tarsi with basal bands; tergites dark with pale basal bands; sternites pale scaled with dark lateral apical or sub-apical patches (occasionally bands). (Click here for a large photograph of the adult). Females may be confused with other species with mottled proboscis and banded legs, e.g. Oc. theobaldi (pale wing scales broader than dark scales), Oc. flavifrons (dark blotch on wing membrane), and Oc. alboannulatus, Oc. camptorhynchus, Oc. procax (with dark scaled wings). NSW (coastline from north to south, and far southwest in saline areas of Murray), Vic (northeast of coastal Gippsland and saline areas in lower Murray Valley), SA (Gulf coastal and saline river areas in Murray valley), (also Qld, NT, WA); essentially coastal and associated",exact_duplicate|near_duplicate|semantic_duplicate|same_template_different_content|related_but_both_valuable|false_positive|unclear
,shard_00038.parquet:1121,shard_00011.parquet:30083,0.9524068832397461,6884,15252,"(Also Called 'Diverticulosis', 'Esophageal Diverticulum') Diverticular disease consists of diverticulosis and diverticulitis. Diverticulosis is the formation of numerous tiny pockets, or diverticula, in the lining of the bowel. Diverticula, which can range from pea-size to much larger, are formed by increased pressure on weakened spots of the intestinal walls by gas, waste, or liquid. Diverticula can form while straining during a bowel movement, such as with constipation. They are most common in the lower portion of the large intestine (called the sigmoid colon). Crosscut of colon with diverticula. Complications can occur in about 20 percent of people with diverticulosis. One of these complications is rectal bleeding, called diverticular bleeding, and the other is diverticulitis. Diverticular bleeding occurs with chronic injury to the small blood vessels that are adjacent to the diverticula. Diverticulitis occurs when there is inflammation and infection in one or more diverticula. This usually happens when outpouchings become blocked with waste, allowing bacteria to build up, causing infection. Diverticulosis is very common in Western populations and occurs in 10 percent of people","Diverticulosis and Diverticulitis On this page: - What are diverticulosis and diverticulitis? - What are the symptoms of diverticulosis and diverticulitis? - What are the complications of diverticulitis? - What causes diverticular disease? - How is diverticular disease diagnosed? - How is diverticular disease treated? - What foods have fiber? - When is surgery necessary for diverticulitis? - Points to Remember - Hope through Research - For More Information What are diverticulosis and diverticulitis? Many people have small pouches in the lining of the colon, or large intestine, that bulge outward through weak spots. Each pouch is called a diverticulum. Multiple pouches are called diverticula. The condition of having diverticula is called diverticulosis. About 10 percent of Americans older than 40 have diverticulosis.1 The condition becomes more common as people age. About half of all people older than 60 have diverticulosis.2 Many people have small pouches in their colon that bulge outward through weak spots. Each pouch is called a diverticulum. Multiple pouches are called diverticula. The condition of having diverticula is called diverticulosis. Diverticula are most common in the l",exact_duplicate|near_duplicate|semantic_duplicate|same_template_different_content|related_but_both_valuable|false_positive|unclear
,shard_00071.parquet:7023,shard_00095.parquet:48442,0.9999999403953552,2705,2705,"Our values as people of faith call upon us to open our arms and minds and embrace our sisters and brothers whoever they might be, whatever walk of life they might come from or difficulties they had to endure. We are an integral part of the communities we are called to serve, and our responsibility is to embrace their suffering and ease their pain and transform those power structures responsible for oppression and exploitation. When it comes to discrimination, women and girls suffer the most; particularly those part of historically marginalised groups. Because of a patriarchal system that exacerbates conflict and prejudice a staggering percentage of women and girls around the world are violated or silenced every single day. Their gender puts them at higher risk of violence, exclusion, poverty and death. We are on the side of those who suffer, those who are neglected and discriminated. When a fellow human being is hurt, in distress or is left behind, we as religious leaders have a responsibility to act. Globally, 12 million girls each year get married before the age of 18 – roughly 33,000 every day, or one every two seconds. 16 million girls ages 6 to 11 will never start school, comp","Our values as people of faith call upon us to open our arms and minds and embrace our sisters and brothers whoever they might be, whatever walk of life they might come from or difficulties they had to endure. We are an integral part of the communities we are called to serve, and our responsibility is to embrace their suffering and ease their pain and transform those power structures responsible for oppression and exploitation. When it comes to discrimination, women and girls suffer the most; particularly those part of historically marginalised groups. Because of a patriarchal system that exacerbates conflict and prejudice a staggering percentage of women and girls around the world are violated or silenced every single day. Their gender puts them at higher risk of violence, exclusion, poverty and death. We are on the side of those who suffer, those who are neglected and discriminated. When a fellow human being is hurt, in distress or is left behind, we as religious leaders have a responsibility to act. Globally, 12 million girls each year get married before the age of 18 – roughly 33,000 every day, or one every two seconds. 16 million girls ages 6 to 11 will never start school, comp",exact_duplicate|near_duplicate|semantic_duplicate|same_template_different_content|related_but_both_valuable|false_positive|unclear
,shard_00049.parquet:48437,shard_00059.parquet:39075,0.9880924820899963,7017,6969,"Standards For Specialty Tea Since last November, I have been talking to a broad spectrum of people about standards for quality and specialty tea. Through these discussions, I have interacted with a wide and varied demographic: from consumers to producers and every group in between. What has been most surprising to me is just how many people had only a vague idea about what standards for tea would actually look like. Moreover, many people I spoke with thought that what I was proposing was some kind of regulatory agency with enforcing powers. This is far from being the case; my real point of interest is in regards to education. Standards for excellence would give tea makers a goal to shoot for while giving buyers and consumers the tools to determine whether or not makers had reached that goal. Someday there may even be international competitions where tea producers bring their tea, not companies with purchased tea. As with both wine and coffee, the tea makers would be judged by their skill in tea making. What would standards for quality in a tea look like? To begin, it is important to understand that there are common elements in any quality tea, no matter what category they fall into","Since last November, I have been talking to a broad spectrum of people about standards for quality. Through these discussions, I have interacted with a wide and varied demographic: from consumers to producers and every group in between. What has been most surprising to me is just how many people had only a vague idea about what standards for tea would actually look like. Moreover, many people I spoke with thought that what I was proposing was some kind of regulatory agency with enforcing powers. This is far from being the case; my real point of interest is in regards to education. Standards for excellence would give tea makers a goal to shoot for while giving buyers and consumers the tools to determine whether or not makers had reached that goal. Someday there may even be international competitions where tea producers bring their tea, not companies with purchased tea. As with both wine and coffee, the tea makers would be judged by their skill in tea making. What would standards for quality in a tea look like? To begin, it is important to understand that there are common elements in any quality tea, no matter what category they fall into. In other words, white, green, yellow, wulong",exact_duplicate|near_duplicate|semantic_duplicate|same_template_different_content|related_but_both_valuable|false_positive|unclear
,shard_00054.parquet:1225,shard_00075.parquet:3248,1.0000004768371582,2192,2192,"Located at the foothills of the southern Appalachians, the landscape of Atlanta is predominantly characterized by rolling hills and broad, smooth uplands. The Chattahoochee River is one of the most prominent natural features of Atlanta. It forms the northwestern boundary of the city, flowing through a valley, which ranges from 150 to 400 feet in depth and from two to five miles in width from rim to rim. On the eastern side of the metro area, Stone Mountain rises high above the tallest pines. At 825 feet tall, it is the world's largest free-standing piece of exposed granite. The Atlanta metropolitan area has no natural boundaries, so the metropolitan area is large, encompassing 8,376 square miles. Across the region, 28 counties and 140 municipalities govern. The City of Atlanta, in the center of the metropolitan area, encompasses 131 square miles. Ask any Atlantan to name a word to describe the changing Atlanta population, the word dynamic often comes to mind. It describes the rapid changes the city has seen and will see in Atlanta demographics over the next 10 years. In the past six years, the metro area has added more than 142,000 people annually, more than any other in the United","Located at the foothills of the southern Appalachians, the landscape of Atlanta is predominantly characterized by rolling hills and broad, smooth uplands. The Chattahoochee River is one of the most prominent natural features of Atlanta. It forms the northwestern boundary of the city, flowing through a valley, which ranges from 150 to 400 feet in depth and from two to five miles in width from rim to rim. On the eastern side of the metro area, Stone Mountain rises high above the tallest pines. At 825 feet tall, it is the world's largest free-standing piece of exposed granite. The Atlanta metropolitan area has no natural boundaries, so the metropolitan area is large, encompassing 8,376 square miles. Across the region, 28 counties and 140 municipalities govern. The City of Atlanta, in the center of the metropolitan area, encompasses 131 square miles. Ask any Atlantan to name a word to describe the changing Atlanta population, the word dynamic often comes to mind. It describes the rapid changes the city has seen and will see in Atlanta demographics over the next 10 years. In the past six years, the metro area has added more than 142,000 people annually, more than any other in the United",exact_duplicate|near_duplicate|semantic_duplicate|same_template_different_content|related_but_both_valuable|false_positive|unclear
,shard_00156.parquet:16298,shard_00125.parquet:32757,0.9647026658058167,2401,2316,"June 15, 2010 Turning A Painkiller Into A Cancer Killer Sanford-Burnham researchers redirect a known pain reliever to trigger death pathways in cancer cells Without knowing exactly why, scientists have long observed that people who regularly take non-steroidal anti-inflammatory drugs (NSAIDs) like aspirin have lower incidences of certain types of cancer. Now, in a study appearing in Cancer Cell on June 15, investigators at Sanford-Burnham Medical Research Institute (Sanford-Burnham) and their colleagues have figured out how one NSAID, called Sulindac, inhibits tumor growth. The study reveals that Sulindac shuts down cancer cell growth and initiates cell death by binding to nuclear receptor RXRÃ±, a protein that receives a signal and carries it into the nucleus to turn genes on or off.""Nuclear receptors are excellent targets for drug development,"" explained Xiao-kun Zhang, Ph.D., professor at Sanford-Burnham and senior author of the study. ""Thirteen percent of existing drugs target nuclear receptors, even though the mechanism of action is not always clear."" RXRÃ± normally suppresses tumors, but many types of cancer cells produce a truncated form of this nuclear receptor that does ju","LA JOLLA, Calif., June 15, 2010 Without knowing exactly why, scientists have long observed that people who regularly take non-steroidal anti-inflammatory drugs (NSAIDs) like aspirin have lower incidences of certain types of cancer. Now, in a study appearing in Cancer Cell on June 15, investigators at Sanford-Burnham Medical Research Institute (Sanford-Burnham) and their colleagues have figured out how one NSAID, called Sulindac, inhibits tumor growth. The study reveals that Sulindac shuts down cancer cell growth and initiates cell death by binding to nuclear receptor RXRα, a protein that receives a signal and carries it into the nucleus to turn genes on or off. ""Nuclear receptors are excellent targets for drug development,"" explained Xiao-kun Zhang, Ph.D., professor at Sanford-Burnham and senior author of the study. ""Thirteen percent of existing drugs target nuclear receptors, even though the mechanism of action is not always clear."" RXRα normally suppresses tumors, but many types of cancer cells produce a truncated form of this nuclear receptor that does just the opposite. This study showed that shortened RXRα enhances tumor growth by stimulating other proteins that help cancer ce",exact_duplicate|near_duplicate|semantic_duplicate|same_template_different_content|related_but_both_valuable|false_positive|unclear
,shard_00011.parquet:44295,shard_00022.parquet:16246,1.0000003576278687,4596,4596,"15-11-2009, 12:49 AM 15-11-2009, 01:27 PM Freemasonry and the Development of Greek-Letter Fraternities Masonic symbolism and philosophy had a strong influence in the early development of many of the so-called “Greek-letter” organizations so commonly seen on college campuses throughout the United States. In some cases, the influence was little more than an association of ritual and secrecy, but in many cases the relationships between Freemasonry and college fraternities are much stronger and enduring. During the half century before the American Revolution, college fraternities had a meager yet budding existence. Prior to 1776, Yale College, the College of New Jersey (Princeton University), and the College of William and Mary all had student fraternal organizations. The establishment and development of these fraternities closely mimicked the maturation of American Freemasonry. Phi Beta Kappa. It was in the year 1776 that the age of college fraternities took a secretive turn. That year marked the founding of the first Greek-letter society, the college fraternity Phi Beta Kappa at the College of William and Mary, Williamsburg, Virginia. Although not sanctioned by or directly connected","15-11-2009, 12:49 AM 15-11-2009, 01:27 PM Freemasonry and the Development of Greek-Letter Fraternities Masonic symbolism and philosophy had a strong influence in the early development of many of the so-called “Greek-letter” organizations so commonly seen on college campuses throughout the United States. In some cases, the influence was little more than an association of ritual and secrecy, but in many cases the relationships between Freemasonry and college fraternities are much stronger and enduring. During the half century before the American Revolution, college fraternities had a meager yet budding existence. Prior to 1776, Yale College, the College of New Jersey (Princeton University), and the College of William and Mary all had student fraternal organizations. The establishment and development of these fraternities closely mimicked the maturation of American Freemasonry. Phi Beta Kappa. It was in the year 1776 that the age of college fraternities took a secretive turn. That year marked the founding of the first Greek-letter society, the college fraternity Phi Beta Kappa at the College of William and Mary, Williamsburg, Virginia. Although not sanctioned by or directly connected",exact_duplicate|near_duplicate|semantic_duplicate|same_template_different_content|related_but_both_valuable|false_positive|unclear
,shard_00061.parquet:33409,shard_00150.parquet:27778,0.9637133479118347,1103,1045,"Organic Chemistry/Introduction to reactions/Hydrogenation The result of hydrogenation reactions is to increase the number of hydrogens on a molecule. The recipient molecule is typically an alkene whose double bond is reduced by the addition of a hydrogen to each of the two carbons. The mechanism of this reaction is usually through a catalyst, such as Nickel, Platinum (used in PtO2, otherwise known as Adams' Catalyst after Roger Adams) or Palladium (Pd) that is mixed onto an inert material like charcoal (sometimes referred to as Palladium on carbon). The reaction takes place not within a solution but actually specifically on the surface of the catalyst. First the H2 gas is absorbed onto the catalyst surface. The Alkene forms a complex with the catalyst surface due to the vacancy of the orbital on the metal interacting with the filled π orbital. Thus we have a structure that looks somewhat like this: Once the complex is formed the hydrogen is able to apply itself to the double bond twice and then the final product is fully saturated and floats away from the catalyst, thus regenerating it.","The result of hydrogenation reactions is to increase the number of hydrogens on a molecule. The recipient molecule is typically an alkene whose double bond is reduced by the addition of a hydrogen to each of the two carbons. The mechanism of this reaction is usually through a catalyst, such as Nickel, Platinum (used in PtO2, otherwise known as Adams' Catalyst after Roger Adams) or Palladium (Pd) that is mixed onto an inert material like charcoal (sometimes referred to as Palladium on carbon). The reaction takes place not within a solution but actually specifically on the surface of the catalyst. First the H2 gas is absorbed onto the catalyst surface. The Alkene forms a complex with the catalyst surface due to the vacancy of the orbital on the metal interacting with the filled π orbital. Thus we have a structure that looks somewhat like this: Once the complex is formed the hydrogen is able to apply itself to the double bond twice and then the final product is fully saturated and floats away from the catalyst, thus regenerating it.",exact_duplicate|near_duplicate|semantic_duplicate|same_template_different_content|related_but_both_valuable|false_positive|unclear
,shard_00111.parquet:11403,shard_00105.parquet:47150,0.9755657315254211,6476,6630,"Insect Control is one of one of the most vital parts of pest control, since no residence or company can thrive without a tidy and healthy setting. Lot of times, individuals do not comprehend how important this is as well as as a result they think that bug control is something that just happens when a bug is already in residences and buildings. This is really only half true. People require bug control around the clock particularly during spring due to the fact that bugs can spread out extremely promptly throughout an entire office or home. There are certain times of the year when individuals must be extra cautious with the safety of their family members as well as animals. One of one of the most common concerns, an insect control firm enters into is managing infestations of bugs and also insects. These can vary from ants, bed insects, fleas, and also roaches. Some individuals additionally handle termites as well as ticks. Since there are many different points people come across, insect control technicians have all kinds of tools for taking care of these circumstances. They make use of different sorts of pesticides, traps, and also various other Do It Yourself techniques to remove th","Bug Control is one of the most important parts of pest control, since no house or company can thrive without a clean and healthy environment. Often times, individuals do not comprehend exactly how vital this is as well as therefore they assume that pest control is something that only happens when a bug is currently in residences and structures. This is actually only half true. Individuals require insect control around the clock specifically during spring because parasites can spread out extremely promptly throughout an entire office or home. There are certain times of the year when people ought to be extra careful with the security of their family and also family pets. Among the most usual issues, a bug control company enters into is dealing with invasions of insects and pests. These can range from ants, bed pests, fleas, and cockroaches. Some individuals additionally handle termites and also ticks. Since there are so many various things individuals find, bug control specialists have all sort of tools for dealing with these circumstances. They use different types of chemicals, catches, and other DIY techniques to remove the bugs as well as parasites that cause the troubles. щракнет",exact_duplicate|near_duplicate|semantic_duplicate|same_template_different_content|related_but_both_valuable|false_positive|unclear
,shard_00047.parquet:21602,shard_00075.parquet:5849,1.0,3110,3110,"Ginkgo biloba is considered to be the oldest living tree on Earth. In fact, studies have showed that this tree existed two hundred million years ago, and it originally came from China. All parts of Ginkgo biloba tree can be used in treating different ailments. Its leaves, fruits, seeds and even the bark can improve a person’s health and wellness. The Ginkgo biloba tea is gaining popularity because of its health benefits. It is made out from the whole or cut leaves and is prepared similarly to other green teas and herb infusions. The tea is claimed to have a high amount of antioxidants, and that is why people who want to look young and live healthy can start drinking Ginkgo biloba tea regularly. The Ginkgo biloba herbal tea can help stimulate and enhance the blood circulation of the body. Proper circulation is a necessity for every person in order to live longer and function properly. It has been found out that prolonged consumption of Ginkgo biloba tea can relieve Reynaud disease, a kind of disease that is caused by restricted blood flows in the fingers and toes. Reynaud’s medical conditions such as blood clotting are inhibited by Ginkgo biloba tea and this helps in minimizing bloo","Ginkgo biloba is considered to be the oldest living tree on Earth. In fact, studies have showed that this tree existed two hundred million years ago, and it originally came from China. All parts of Ginkgo biloba tree can be used in treating different ailments. Its leaves, fruits, seeds and even the bark can improve a person’s health and wellness. The Ginkgo biloba tea is gaining popularity because of its health benefits. It is made out from the whole or cut leaves and is prepared similarly to other green teas and herb infusions. The tea is claimed to have a high amount of antioxidants, and that is why people who want to look young and live healthy can start drinking Ginkgo biloba tea regularly. The Ginkgo biloba herbal tea can help stimulate and enhance the blood circulation of the body. Proper circulation is a necessity for every person in order to live longer and function properly. It has been found out that prolonged consumption of Ginkgo biloba tea can relieve Reynaud disease, a kind of disease that is caused by restricted blood flows in the fingers and toes. Reynaud’s medical conditions such as blood clotting are inhibited by Ginkgo biloba tea and this helps in minimizing bloo",exact_duplicate|near_duplicate|semantic_duplicate|same_template_different_content|related_but_both_valuable|false_positive|unclear
