label,removed_doc_id,root_doc_id,similarity_score,removed_char_len,root_char_len,removed_preview,root_preview,allowed_labels
,shard_00063.parquet:52268,shard_00070.parquet:20040,1.0000004768371582,3883,3883,"Jonah of Moscow Saint Jonah was born in the city of Galich into a pious Christian family. The date of his birth is not known. His father was named Theodore. He was tonsured as a monastic in one of the Galich monasteries when he was only twelve years old. In the late 1420s, Jonah transferred to the Simonov Monastery, where he again fulfilled various obediences for many years. He was close to Metropolitan Photius, who consecrated him Bishop of Ryazan and Murom. After Photius died in 1431, Grand Prince Vasili II (the Sightless) nominated Jonah for the position of metropolitan of Moscow, a position that required confirmation by the Patriarch of Constantinople, Patriarch Joseph II. Jonas was delayed in his journey to Constantinople until the end of 1435 by Vasili's war with the appanage princes In the meantime, Isidore of Kiev had already been established as Metropolitan of Moscow by the Ecumenical Patriarch. After initially being accepted in Moscow and promising Vasili to be true to Orthodoxy, Isidore traveled, in 1438, to Florence, Italy to attend the Council of Florence. During the council, Isidore supported Catholicism and the re-unification of the Eastern and Western Churches. Afte","Jonah of Moscow Saint Jonah was born in the city of Galich into a pious Christian family. The date of his birth is not known. His father was named Theodore. He was tonsured as a monastic in one of the Galich monasteries when he was only twelve years old. In the late 1420s, Jonah transferred to the Simonov Monastery, where he again fulfilled various obediences for many years. He was close to Metropolitan Photius, who consecrated him Bishop of Ryazan and Murom. After Photius died in 1431, Grand Prince Vasili II (the Sightless) nominated Jonah for the position of metropolitan of Moscow, a position that required confirmation by the Patriarch of Constantinople, Patriarch Joseph II. Jonas was delayed in his journey to Constantinople until the end of 1435 by Vasili's war with the appanage princes In the meantime, Isidore of Kiev had already been established as Metropolitan of Moscow by the Ecumenical Patriarch. After initially being accepted in Moscow and promising Vasili to be true to Orthodoxy, Isidore traveled, in 1438, to Florence, Italy to attend the Council of Florence. During the council, Isidore supported Catholicism and the re-unification of the Eastern and Western Churches. Afte",exact_duplicate|near_duplicate|semantic_duplicate|same_template_different_content|related_but_both_valuable|false_positive|unclear
,shard_00061.parquet:35057,shard_00167.parquet:52393,1.0000003576278687,3853,3853,"I. Effects of black-tailed prairie dogs on reptile and amphibian community composition in shortgrass prairie habitats of Kansas Species diversity and abundance of reptiles and amphibians were measured on and off black-tailed prairie dog (Cynomys ludovicianus) colonies to determine the extent to which herpetological species composition in a shortgrass prairie ecosystem is affected by the presence of black-tailed prairie dog colonies. Ten species of reptiles and three species of amphibians were captured. Total amphibian and reptile abundance did not differ between prairie dog colonies and non-colonized shortgrass prairie sites, but species composition did. Reptile and amphibian mean species richness, evenness, and diversity were not different between treatments. However, the diversity of both treatments combined was considerably higher than the diversity on shortgrass prairie without prairie dogs. The mosaic pattern of prairie dog colonies on non-colonized prairie enhances landscape heterogeneity and contributes to greater reptile and amphibian diversity patterns in the shortgrass prairie biome of western Kansas than would occur without prairie dogs. II. Effects of black-tailed prair","I. Effects of black-tailed prairie dogs on reptile and amphibian community composition in shortgrass prairie habitats of Kansas Species diversity and abundance of reptiles and amphibians were measured on and off black-tailed prairie dog (Cynomys ludovicianus) colonies to determine the extent to which herpetological species composition in a shortgrass prairie ecosystem is affected by the presence of black-tailed prairie dog colonies. Ten species of reptiles and three species of amphibians were captured. Total amphibian and reptile abundance did not differ between prairie dog colonies and non-colonized shortgrass prairie sites, but species composition did. Reptile and amphibian mean species richness, evenness, and diversity were not different between treatments. However, the diversity of both treatments combined was considerably higher than the diversity on shortgrass prairie without prairie dogs. The mosaic pattern of prairie dog colonies on non-colonized prairie enhances landscape heterogeneity and contributes to greater reptile and amphibian diversity patterns in the shortgrass prairie biome of western Kansas than would occur without prairie dogs. II. Effects of black-tailed prair",exact_duplicate|near_duplicate|semantic_duplicate|same_template_different_content|related_but_both_valuable|false_positive|unclear
,shard_00067.parquet:32628,shard_00065.parquet:30398,0.9945232272148132,3907,3890,"Early research on a new approach to protecting against malaria is offering promising, potentially long-lasting results against the persistent parasite that sickens hundreds of millions people each year. The approach uses a cytomegalovirus-based platform that’s already being used in vaccines being developed to battle HIV and tuberculosis. This new vaccine reduced the malaria-causing parasite’s release from the liver and into the blood of infected rhesus macaques by 75 to 80 percent, reports a paper published in the journal PLOS ONE. “The problem with most vaccines is that their effectiveness is often short-lived,” said the study’s lead author, Klaus Früh, Ph.D., of OHSU’s Vaccine & Gene Therapy Institute and a professor of molecular and cellular biosciences at the OHSU School of Medicine. “Our cytomegalovirus-based vaccine platform can create and keep immunity for life. With further research and development, it could offer a lifetime of protection against malaria.” Malaria is a serious and sometimes fatal disease caused by Plasmodium parasites, which are spread to humans through mosquito bites. It can cause high fevers, shaking chills, flu-like illness and, in the worst cases, death","Early research on a new approach to protecting against malaria is offering promising, potentially long-lasting results against the persistent parasite that sickens hundreds of millions people each year. The approach uses a cytomegalovirus-based platform that's already being used in vaccines being developed to battle HIV and tuberculosis. This new vaccine reduced the malaria-causing parasite's release from the liver and into the blood of infected rhesus macaques by 75 to 80 percent, reports a paper published in the journal PLOS ONE. ""The problem with most vaccines is that their effectiveness is often short-lived,"" said the study's lead author, Klaus Früh, Ph.D., of OHSU's Vaccine & Gene Therapy Institute and a professor of molecular and cellular biosciences at the OHSU School of Medicine. ""Our cytomegalovirus-based vaccine platform can create and keep immunity for life. With further research and development, it could offer a lifetime of protection against malaria."" Malaria is a serious and sometimes fatal disease caused by Plasmodium parasites, which are spread to humans through mosquito bites. It can cause high fevers, shaking chills, flu-like illness and, in the worst cases, death",exact_duplicate|near_duplicate|semantic_duplicate|same_template_different_content|related_but_both_valuable|false_positive|unclear
,shard_00056.parquet:46440,shard_00149.parquet:48510,1.0000001192092896,2262,2262,"COLLEGE PARK, Md. – Laughter, along with an active sense of humor, may help protect you against a heart attack. A new study by cardiologists at the University of Maryland Medical Center in Baltimore is the first to indicate that laughter may help prevent heart disease. The researchers found that people with heart disease were 40 percent less likely to laugh in a variety of situations compared to people of the same age without heart disease. “The old saying that ‘laughter is the best medicine,’ definitely appears to be true when it comes to protecting your heart,” said Michael Miller, director of the Center for Preventive Cardiology at the University of Maryland. “We don’t know yet why laughing protects the heart, but we know that mental stress is associated with impairment of the endothelium, the protective barrier lining our blood vessels,” Miller said. This can cause a series of inflammatory reactions that lead to fat and cholesterol build-up in the coronary arteries and ultimately to a heart attack. In the study, researchers compared the humor responses of 300 people. Half of the participants had either suffered a heart attack or had undergone coronary artery bypass surgery. The","COLLEGE PARK, Md. – Laughter, along with an active sense of humor, may help protect you against a heart attack. A new study by cardiologists at the University of Maryland Medical Center in Baltimore is the first to indicate that laughter may help prevent heart disease. The researchers found that people with heart disease were 40 percent less likely to laugh in a variety of situations compared to people of the same age without heart disease. “The old saying that ‘laughter is the best medicine,’ definitely appears to be true when it comes to protecting your heart,” said Michael Miller, director of the Center for Preventive Cardiology at the University of Maryland. “We don’t know yet why laughing protects the heart, but we know that mental stress is associated with impairment of the endothelium, the protective barrier lining our blood vessels,” Miller said. This can cause a series of inflammatory reactions that lead to fat and cholesterol build-up in the coronary arteries and ultimately to a heart attack. In the study, researchers compared the humor responses of 300 people. Half of the participants had either suffered a heart attack or had undergone coronary artery bypass surgery. The",exact_duplicate|near_duplicate|semantic_duplicate|same_template_different_content|related_but_both_valuable|false_positive|unclear
,shard_00087.parquet:43395,shard_00053.parquet:18413,0.9307765960693359,7163,11049,"Edited by DifuWu, Flickety, Krystle, BR and 7 others .]]Gram staining is a quick procedure used to look for the presence of bacteria in tissue samples and to characterise bacteria as Gram-positive or Gram-negative, based on the chemical and physical properties of their cell walls. The Gram stain should almost always be done as the first step in diagnosis of a bacteria infection. The Gram stain is named after the Danish scientist Hans Christian Gram (1853 – 1938), who developed the technique in 1882 and published it in 1884 as a technique to discriminate between two types of bacteria with similar clinical symptoms: Streptococcus pneumoniae (also known as the pneumococcus) and Klebsiella pneumoniae bacteria. 1Get a tissue sample for the Gram stain. For example, if a pneumonia is suspected, get a sputum sample. If an urinary tract infection is suspected, get a urine sample. If an intestinal infection is suspected, get a stool sample. If a brain infection is suspected, get a cerebrospinal fluid (CSF) sample (centrifuge the fluid and obtain the sediment for the Gram stain). If a skin infection is suspected, get a skin biopsy sample. If an ear infection is suspected, get a middle ear flu","The Gram staining is one of the most crucial staining techniques in microbiology. It gets its name from the Danish bacteriologist Hans Christian Gram who first introduced it in 1882, mainly to identify organisms causing pneumonia. Often the first test performed, gram staining involves the use of crystal violet or methylene blue as the primary color. The term for organisms that retain the primary color and appear purple-brown under a microscope is Gram-positive organisms. The organisms that do not take up primary stain appear red under a microscope and are Gram-negative organisms. The first step in gram staining is the use of crystal violet dye for the slide's initial staining. The next step, also known as fixing the dye, involves using iodine to form crystal violet- iodine complex to prevent easy removal of dye. Subsequently, a decolorizer, often solvent of ethanol and acetone, is used to remove the dye. The basic principle of gram staining involves the ability of the bacterial cell wall to retain the crystal violet dye during solvent treatment. Gram-positive microorganisms have higher peptidoglycan content, whereas gram-negative organisms have higher lipid content. Initially, all",exact_duplicate|near_duplicate|semantic_duplicate|same_template_different_content|related_but_both_valuable|false_positive|unclear
,shard_00041.parquet:35449,shard_00030.parquet:33977,1.0,3151,3151,"Aerospace Research Engineer Department of the Air Force Department of Defense Albuquerque, New Mexico Developed a laser technology system that allows the Army, Navy, Air Force and Marines to better communicate with one another in wartime, saving the government $100 million and enhancing our national defense. Laser technology is making life easier in unlimited ways—it can warn airplanes that may stray into restricted airspace, enhance the capability of your computer mouse or test the quality of fruits before they get to the supermarket shelf. Thanks to Dr. Bill Hindman, an engineer at the Air Force Research Laboratory at Kirtland Air Force Base in Albuquerque, New Mexico, laser technology is improving the way our armed forces defend the nation. Laser technology is the use of light as a communications device. Whereas fiber optics used light to communicate over wires, laser technology involves a much larger playing field for light transmission: space.Beaming light to communicate in this way ensures more efficiency and expediency—two critical ingredients in any successful military operation. Over the past year, Hindman has helped lead a team of government experts in creating laser comm","Aerospace Research Engineer Department of the Air Force Department of Defense Albuquerque, New Mexico Developed a laser technology system that allows the Army, Navy, Air Force and Marines to better communicate with one another in wartime, saving the government $100 million and enhancing our national defense. Laser technology is making life easier in unlimited ways—it can warn airplanes that may stray into restricted airspace, enhance the capability of your computer mouse or test the quality of fruits before they get to the supermarket shelf. Thanks to Dr. Bill Hindman, an engineer at the Air Force Research Laboratory at Kirtland Air Force Base in Albuquerque, New Mexico, laser technology is improving the way our armed forces defend the nation. Laser technology is the use of light as a communications device. Whereas fiber optics used light to communicate over wires, laser technology involves a much larger playing field for light transmission: space.Beaming light to communicate in this way ensures more efficiency and expediency—two critical ingredients in any successful military operation. Over the past year, Hindman has helped lead a team of government experts in creating laser comm",exact_duplicate|near_duplicate|semantic_duplicate|same_template_different_content|related_but_both_valuable|false_positive|unclear
,shard_00108.parquet:22119,shard_00130.parquet:5955,1.0,2576,2576,"Starting in October, The Metropolitan Museum of Art in New York will display an exhibition of ""manipulated photography before Photoshop"" - basically, pics from the analogue era of photography that have been altered in some way. So were things really all that different back in the days of black and white prints and adjusting imagery by hand? Based on these shots, it looks like a lot of the habits of the Photoshop age got their start decades earlier. Making Women Look Smaller Than They Actually Are This photo may not have been run through a computer program, but come on: are we expected to believe this woman is really smaller than a table lamp? Just an early example of unrealistic beauty expectations manifesting themselves in photography (we kid, of course: Photoshop manipulation and its effect on the standard of beauty is a serious issue. It's led to recent protests against some magazines). Weird Stock Photography Post-Photoshop, creating an image to represent ""teambuilding"" got pretty easy. But back in 1930, when this shot was created, it was probably a painstaking process. And the result: the kind of strange, anonymously created piece you'd expect to find on a stock photography we","Starting in October, The Metropolitan Museum of Art in New York will display an exhibition of ""manipulated photography before Photoshop"" - basically, pics from the analogue era of photography that have been altered in some way. So were things really all that different back in the days of black and white prints and adjusting imagery by hand? Based on these shots, it looks like a lot of the habits of the Photoshop age got their start decades earlier. Making Women Look Smaller Than They Actually Are This photo may not have been run through a computer program, but come on: are we expected to believe this woman is really smaller than a table lamp? Just an early example of unrealistic beauty expectations manifesting themselves in photography (we kid, of course: Photoshop manipulation and its effect on the standard of beauty is a serious issue. It's led to recent protests against some magazines). Weird Stock Photography Post-Photoshop, creating an image to represent ""teambuilding"" got pretty easy. But back in 1930, when this shot was created, it was probably a painstaking process. And the result: the kind of strange, anonymously created piece you'd expect to find on a stock photography we",exact_duplicate|near_duplicate|semantic_duplicate|same_template_different_content|related_but_both_valuable|false_positive|unclear
,shard_00140.parquet:9516,shard_00027.parquet:23532,0.985962450504303,3031,3147,"Researchers from the School of Interactive Computing and the Institute for Robotics and Intelligent Machines developed a new method that teaches computers to “see” and understand what humans do in a typical day. The technique gathered more than 40,000 pictures taken every 30 to 60 seconds, over a 6 month period, by a wearable camera and predicted with 83 percent accuracy what activity that person was doing. Researchers taught the computer to categorize images across 19 activity classes. The test subject wearing the camera could review and annotate the photos at the end of each day (deleting any necessary for privacy) to ensure that they were correctly categorized. “It was surprising how the method’s ability to correctly classify images could be generalized to another person after just two more days of annotation,” said Steven Hickson, a Ph.D. candidate in Computer Science and a lead researcher on the project. “This work is about developing a better way to understand people’s activities, and build systems that can recognize people’s activities at a finely-grained level of detail,” said Edison Thomaz, co-author and graduate research assistant in the School of Interactive Computing. “","Researchers from the School of Interactive Computing and the Institute for Robotics and Intelligent Machines developed a new method that teaches computers to ""see"" and understand what humans do in a typical day. The technique gathered more than 40,000 pictures taken every 30 to 60 seconds, over a 6 month period, by a wearable camera and predicted with 83 percent accuracy what activity that person was doing. Researchers taught the computer to categorize images across 19 activity classes. The test subject wearing the camera could review and annotate the photos at the end of each day (deleting any necessary for privacy) to ensure that they were correctly categorized. ""It was surprising how the method's ability to correctly classify images could be generalized to another person after just two more days of annotation,"" said Steven Hickson, a Ph.D. candidate in Computer Science and a lead researcher on the project. ""This work is about developing a better way to understand people's activities, and build systems that can recognize people's activities at a finely-grained level of detail,"" said Edison Thomaz, co-author and graduate research assistant in the School of Interactive Computing. """,exact_duplicate|near_duplicate|semantic_duplicate|same_template_different_content|related_but_both_valuable|false_positive|unclear
,shard_00014.parquet:46566,shard_00056.parquet:1195,1.0000001192092896,2600,2600,"Mechanical arrangement adapted to illustrate structure in the non-saturated hydrocarbons by the chemist James Dewar. The model is made of bars, clamped together so as to allow free motion. In order to make the combination look like an atom, a thin round disc of blackened brass can be placed under the central nut. At the ends of the arms are holes to connect one carbon atom with another by means of a nut. The structure at the bottom right of his figure is now called ""Dewar benzene"". I bring before the Society a simple mechanical arrangement adapted to illustrate structure in the non-saturated hydrocarbons. This little device is the mechanical representative of Dr. C. Brown's well-known graphic notation. A series of narrow thin bars of brass of equal length are taken, and every two of the bars clamped in the centre by a nut, so as to admit of free motion the one on the other. Such a combination represents a single carbon atom with its four places of attachment. In order to make the combination look like an atom, a thin round disc of blackened brass can be placed under the central nut. At the ends of the arms are holes to connect one carbon atom with another by means of a nut. The fil","Mechanical arrangement adapted to illustrate structure in the non-saturated hydrocarbons by the chemist James Dewar. The model is made of bars, clamped together so as to allow free motion. In order to make the combination look like an atom, a thin round disc of blackened brass can be placed under the central nut. At the ends of the arms are holes to connect one carbon atom with another by means of a nut. The structure at the bottom right of his figure is now called ""Dewar benzene"". I bring before the Society a simple mechanical arrangement adapted to illustrate structure in the non-saturated hydrocarbons. This little device is the mechanical representative of Dr. C. Brown's well-known graphic notation. A series of narrow thin bars of brass of equal length are taken, and every two of the bars clamped in the centre by a nut, so as to admit of free motion the one on the other. Such a combination represents a single carbon atom with its four places of attachment. In order to make the combination look like an atom, a thin round disc of blackened brass can be placed under the central nut. At the ends of the arms are holes to connect one carbon atom with another by means of a nut. The fil",exact_duplicate|near_duplicate|semantic_duplicate|same_template_different_content|related_but_both_valuable|false_positive|unclear
,shard_00051.parquet:16130,shard_00066.parquet:6033,0.9347280859947205,5318,4214,"Doesn’t it seem like we continually hear about the amazing benefits of kale? Have you ever really looked into what the benefits actually are? The following are 10 health benefits of kale – it honestly is a SUPER super food! 1. Kale is Majorly Nutrient Dense – Kale is a member of the cabbage family. It is related to cruciferous vegetables like cabbage, broccoli, cauliflower, collard greens and brussels sprouts. There are many different types of kale. The leaves can be green or purple in color, and have either a smooth or curly shape. A single cup of raw kale contains: Vitamin A: 206% of the RDA (from beta-carotene). Vitamin K: 684% of the RDA. Vitamin C: 134% of the RDA. Vitamin B6: 9% of the RDA. Manganese: 26% of the RDA. Calcium: 9% of the RDA. Copper: 10% of the RDA. Potassium: 9% of the RDA. Magnesium: 6% of the RDA. In addition, it contains 3% or more of the RDA for Vitamin B1 (Thiamin), Vitamin B2 (Riboflavin), Vitamin B3 (Niacin), Iron and Phosphorus. 2. Kale is Loaded With Powerful Antioxidants – Kale, like other leafy greens, is very high in antioxidants. This includes beta-carotene, vitamin C, as well as various flavonoids and polyphenols . Antioxidants are substances tha","Of all super food, Kale is the king in the kingdom of Greens. It is one of the healthiest and most nutritious plant foods. Kale is loaded with all sorts of beneficial compounds, some of which have powerful medicinal properties. Kale is a popular vegetable, a member of the cabbage family. It is related to the cruciferous vegetables like cabbage, broccoli, cauliflower, and brussels sprouts. Here is 10 reasons why you would like Kale: Kale is the most nutrient dense foods A single cup of Kale has a total of 33 calories, and very little fat. A large portion of the fat in it is the omega-3 fatty acid called alpha linolenic acid. Loaded with powerful anti-oxidants Kale, like other leafy greens, is very high in anti-oxidants. This includes beta-carotene, vitamin C, as well as various flavonoids and polyphenols. Anti-0xidants are substances that help counteract oxidative damage by free radicals in the body. Oxidative damage is believed to be among the leading drivers of ageing and many diseases, including cancer. Flavonoids quercetin and kaempferol are found in relatively large amounts in kale. These substances have been studied intensely and found to have powerful cardioprotetive, blood p",exact_duplicate|near_duplicate|semantic_duplicate|same_template_different_content|related_but_both_valuable|false_positive|unclear
,shard_00006.parquet:51354,shard_00103.parquet:5835,0.9989261031150818,1861,1859,"Facsimiles Across the Carleton Curriculum Facsimiles - fine reproductions of rare books, maps, and manuscripts - form an important part of Gould Library's Special Collections and provide unique opportunities for faculty and students to experience word and image in their original forms. This exhibit, based on a Winter 2002 exhibition in the Library, presents just a sample of the ways faculty and facsimiles come together across the disciplines at Carleton for purposes of teaching and learning. Professor of German Director of Medieval and Renaissance Studies Assistant Professor of History Facsimile n. Abbr. fac., facsim. 1. An exact copy or reproduction, as of a document. [Latin fac simile, make a likeness: fac, imperative of facere, to make or do + simile, neuter of similis, similar] Modern facsimiles present their readers with a near perfect likeness of a text or image as it appears in a specific manuscript or printed edition. Replicating the physical form as well as content of human creativity, facsimiles allow us to investigate at first hand relationships between verbal and visual communication, form and content, and the social, economic, and cultural conditions of knowledge's pro","Facsimiles Across the Carleton Curriculum Facsimiles, fine reproductions of rare books, maps, and manuscripts, form an important part of Gould Library’s Special Collections and provide unique opportunities for faculty and students to experience word and image in their original forms. This exhibit, based on a Winter 2002 exhibition in the Library, presents just a sample of the ways faculty and facsimiles come together across the disciplines at Carleton for purposes of teaching and learning. Professor of German Director of Medieval and Renaissance Studies Assistant Professor of History Facsimile n. Abbr. fac., facsim. 1. An exact copy or reproduction, as of a document. [Latin fac simile, make a likeness: fac, imperative of facere, to make or do + simile, neuter of similis, similar] Modern facsimiles present their readers with a near perfect likeness of a text or image as it appears in a specific manuscript or printed edition. Replicating the physical form as well as content of human creativity, facsimiles allow us to investigate at first hand relationships between verbal and visual communication, form and content, and the social, economic, and cultural conditions of knowledge’s produ",exact_duplicate|near_duplicate|semantic_duplicate|same_template_different_content|related_but_both_valuable|false_positive|unclear
,shard_00145.parquet:49129,shard_00103.parquet:33988,1.0000001192092896,4853,4853,"On a snowy March day in 2012, Oliver Morton, a British science writer and Economist editor, sat in a University of Calgary conference hall and listened to the two questions that came to frame the contents of his new book, The Planet Remade: How Geoengineering Could Change the World. Ask yourself this, said Princeton physicist Richard Socolow: Do you believe the risks of climate change merit serious actions aimed at mitigating them, and do you think that reducing human-generated carbon-dioxide emissions to near zero is very hard? Morton, who answered yes and yes, soon realized the consequence of that dual affirmation. If carbon emissions bring the risk of climate catastrophe and little can be done about them in time, then—for reasons as much moral as practical—geoengineering had to be considered. The term broadly encompasses the use of science and technology on a massive scale to bend Earth’s climate to human ends. Its champions have suggested, and even—in the case of American entrepreneur Russ George, who dumped 100 tonnes of iron sulphate into the Pacific off Haida Gwaii in 2012—experimented with ideas ranging from feeding iron to ocean plankton (to encourage them to absorb more c","On a snowy March day in 2012, Oliver Morton, a British science writer and Economist editor, sat in a University of Calgary conference hall and listened to the two questions that came to frame the contents of his new book, The Planet Remade: How Geoengineering Could Change the World. Ask yourself this, said Princeton physicist Richard Socolow: Do you believe the risks of climate change merit serious actions aimed at mitigating them, and do you think that reducing human-generated carbon-dioxide emissions to near zero is very hard? Morton, who answered yes and yes, soon realized the consequence of that dual affirmation. If carbon emissions bring the risk of climate catastrophe and little can be done about them in time, then—for reasons as much moral as practical—geoengineering had to be considered. The term broadly encompasses the use of science and technology on a massive scale to bend Earth’s climate to human ends. Its champions have suggested, and even—in the case of American entrepreneur Russ George, who dumped 100 tonnes of iron sulphate into the Pacific off Haida Gwaii in 2012—experimented with ideas ranging from feeding iron to ocean plankton (to encourage them to absorb more c",exact_duplicate|near_duplicate|semantic_duplicate|same_template_different_content|related_but_both_valuable|false_positive|unclear
,shard_00042.parquet:20261,shard_00119.parquet:31022,1.0,6168,6168,"In 1925, Henry Ford had quoted ethanol as the ‘fuel for the future’. Today it is considered to be the front-running successor to petrol for running motor-vehicle engines. It is highly eco-friendly and burns better than petrol, due to which it is gaining recognition in Brazil and USA. Yet, even after its discovery in the early-twentieth century; the eco-friendly fuel has been able to affect only a few parts of the world whereas most of the world still relies on fossil based petrol. There are many reasons for this fact ranging from cost of fuel to lack of technology. Let us look at a few important limitations elaborately. Cost concerns : The main and most important reason for bio ethanol’s slow entry into the petrol-dominated market is its high cost of production, which is holding back many big oil firms like Shell and British Petroleum from pumping money into this futuristic eco-friendly fuel. To be competitive and find economic acceptance, the cost for bioconversion of biomass to liquid bio ethanol fuel must be lower than the current petrol prices. There are many researches being conducted to decrease the production cost of bio ethanol fuel and many have been very successful, but n","In 1925, Henry Ford had quoted ethanol as the ‘fuel for the future’. Today it is considered to be the front-running successor to petrol for running motor-vehicle engines. It is highly eco-friendly and burns better than petrol, due to which it is gaining recognition in Brazil and USA. Yet, even after its discovery in the early-twentieth century; the eco-friendly fuel has been able to affect only a few parts of the world whereas most of the world still relies on fossil based petrol. There are many reasons for this fact ranging from cost of fuel to lack of technology. Let us look at a few important limitations elaborately. Cost concerns : The main and most important reason for bio ethanol’s slow entry into the petrol-dominated market is its high cost of production, which is holding back many big oil firms like Shell and British Petroleum from pumping money into this futuristic eco-friendly fuel. To be competitive and find economic acceptance, the cost for bioconversion of biomass to liquid bio ethanol fuel must be lower than the current petrol prices. There are many researches being conducted to decrease the production cost of bio ethanol fuel and many have been very successful, but n",exact_duplicate|near_duplicate|semantic_duplicate|same_template_different_content|related_but_both_valuable|false_positive|unclear
,shard_00151.parquet:6555,shard_00038.parquet:38836,0.945525586605072,7151,3652,"From the New York Times, ""Liberation as Death Sentence,"" by Jennifer Schuessler, on 10 June 2012 -- When Civil War History published a paper this spring raising the conflict’s military death toll to 750,000 from 620,000, that journal’s editors called it one of the most important pieces of scholarship ever to appear in its pages. But to Jim Downs, an assistant professor of history at Connecticut College and the author of the new book “Sick From Freedom,” issued last month by Oxford University Press, that accounting of what he calls “the largest biological crisis of the 19th century” does not go nearly far enough. To understand the war’s scale and impact truly, Professor Downs argues, historians have to look beyond military casualties and consider the public health crisis that faced the newly liberated slaves, who sickened and died in huge numbers in the years following Lincoln’s 1863 Emancipation Proclamation. “We’re getting ready to celebrate 150 years of the movement from slavery to freedom,” he said in a recent interview at a cafe near his apartment in Chelsea. “But hundreds of thousands of people did not survive that movement.” “Sick From Freedom,” at 178 pages (not counting 56","To understand the [Civil] war’s scale and impact truly, Professor Downs argues, historians have to look beyond military casualties and consider the public health crisis that faced the newly liberated slaves, who sickened and died in huge numbers in the years following Lincoln’s 1863 Emancipation Proclamation. “We’re getting ready to celebrate 150 years of the movement from slavery to freedom,” he said in a recent interview at a cafe near his apartment in Chelsea. “But hundreds of thousands of people did not survive that movement.” “Sick From Freedom,” at 178 pages (not counting 56 pages of tightly argued footnotes), may seem like a bantamweight in a field crowded with doorstops. But it’s already being greeted as an important challenge to our understanding of an event that scholars and laypeople alike have preferred to see as an uplifting story of newly liberated people vigorously claiming their long-denied rights. ... Professor Downs, 39, is part of a wave of scholars who are sketching out a new, darker history of emancipation, Professor Blight said, one that recognizes it as a moral watershed while acknowledging its often devastating immediate impact. And the statistics offered in",exact_duplicate|near_duplicate|semantic_duplicate|same_template_different_content|related_but_both_valuable|false_positive|unclear
,shard_00104.parquet:28973,shard_00101.parquet:46406,0.9999997615814209,3317,3317,"In the middle of the night, an 8-inch bundle of feathers and hollow bones projects a haunting, mysterious sound. It sounds like the rising and falling whinny of a horse, followed by a piercing tremolo. Though it sounds far away, the bird—an eastern screech-owl—could likely be right above your head (that is, if you are out in the middle of the woods at night). A year-round, common resident of northern Illinois, the eastern screech-owl, (Megascops asio) is primarily found in woodlands; it prefers trees with natural cavities near a field with a stream or shallow river. But it can also be found in wooded residential neighborhoods, possibly even in your backyard. It could be lurking in a small tree cavity during the day, snoozing while waiting for its evening foray to your back porch light to catch a moth. The eastern screech-owl comes in two color morphs—red (rufous) and gray. Ornithologists aren’t sure why, but they do know parent morphs of the same or different colors can producer young of either color. Those who get a look at this owl under moonlight or in its daytime roosting hole will see a dark streaking on the owl’s breast that blends well with the tree’s bark. It has a 20-inch","In the middle of the night, an 8-inch bundle of feathers and hollow bones projects a haunting, mysterious sound. It sounds like the rising and falling whinny of a horse, followed by a piercing tremolo. Though it sounds far away, the bird—an eastern screech-owl—could likely be right above your head (that is, if you are out in the middle of the woods at night). A year-round, common resident of northern Illinois, the eastern screech-owl, (Megascops asio) is primarily found in woodlands; it prefers trees with natural cavities near a field with a stream or shallow river. But it can also be found in wooded residential neighborhoods, possibly even in your backyard. It could be lurking in a small tree cavity during the day, snoozing while waiting for its evening foray to your back porch light to catch a moth. The eastern screech-owl comes in two color morphs—red (rufous) and gray. Ornithologists aren’t sure why, but they do know parent morphs of the same or different colors can producer young of either color. Those who get a look at this owl under moonlight or in its daytime roosting hole will see a dark streaking on the owl’s breast that blends well with the tree’s bark. It has a 20-inch",exact_duplicate|near_duplicate|semantic_duplicate|same_template_different_content|related_but_both_valuable|false_positive|unclear
,shard_00086.parquet:43246,shard_00145.parquet:12415,1.0000005960464478,1615,1615,"Winter is here! Cold weather and snow fall totals can be discouraging as we approach the middle of winter. Some people thrive on winter and enjoy the shoveling, cold hands, wet feet, long days and dark nights. For those who do not enjoy the lengthy winter months in our climate - there are lots of activities and things you can do to keep occupied and feel better! -take a trip to a sunny destination -add foods with vitamin D to your diet -try exercising indoors -watch movies or find a new series -read a book -find a hobby – like knitting or crafting -spend quality time with loved ones -go sledding or snowshoeing -volunteer for a great cause Winter depression is a real issue, also known as SAD (Seasonal Affective Disorder), it is caused by the lack of natural sunlight in the winter months. However, people can also just feel down because of the stress of the holidays passing, bills, eating too much and not being active enough. Make sure you take the steps when possible to prevent the winter blues. There are lots of things you can do for free to keep busy. Make sure to check our your local recreation office, seniors clubs, libraries and community events boards. There is sure to be somet","Winter is here! Cold weather and snow fall totals can be discouraging as we approach the middle of winter. Some people thrive on winter and enjoy the shoveling, cold hands, wet feet, long days and dark nights. For those who do not enjoy the lengthy winter months in our climate - there are lots of activities and things you can do to keep occupied and feel better! -take a trip to a sunny destination -add foods with vitamin D to your diet -try exercising indoors -watch movies or find a new series -read a book -find a hobby – like knitting or crafting -spend quality time with loved ones -go sledding or snowshoeing -volunteer for a great cause Winter depression is a real issue, also known as SAD (Seasonal Affective Disorder), it is caused by the lack of natural sunlight in the winter months. However, people can also just feel down because of the stress of the holidays passing, bills, eating too much and not being active enough. Make sure you take the steps when possible to prevent the winter blues. There are lots of things you can do for free to keep busy. Make sure to check our your local recreation office, seniors clubs, libraries and community events boards. There is sure to be somet",exact_duplicate|near_duplicate|semantic_duplicate|same_template_different_content|related_but_both_valuable|false_positive|unclear
,shard_00000.parquet:38456,shard_00161.parquet:9839,0.9491036534309387,2415,2586,"People living in areas that restrict trans fats in foods had fewer hospitalizations for heart attack and stroke compared to residents in areas without restrictions, according to a new study conducted by researchers at the University of Chicago Medicine and Yale School of Medicine. “The results are impressive, given that the study focused on trans fatty acid bans in restaurants, as opposed to complete bans that included food bought in stores,” said senior author Tamar S. Polonsky, MD, MSCI, a general cardiologist and assistant professor of medicine at the University of Chicago. “If we enact a more complete restriction on trans fatty acids, it could mean even more widespread benefits for people long term.” Trans fatty acids, or trans fats, are commonly found in fried foods, chips, crackers and baked goods. Eating even minimal amounts are linked to greater risk of cardiovascular disease, the leading cause of death worldwide. Some communities — most notably New York City — have eliminated the use of trans fats in restaurants and eateries in recent years. To study the impact of restricting trans fat, researchers compared outcomes for people living in New York counties with and without t","People living in areas that restrict trans fats in foods had fewer hospitalizations for heart attack and stroke compared to residents in areas without restrictions, according to a study led by a Yale researcher. This finding suggests the benefit of limiting trans fats could have widespread impact as trans fat restrictions are set to expand nationwide. The study was published April 12 in JAMA Cardiology. Trans fatty acids, or trans fats, are commonly found in foods such as chips, crackers, fried foods, and baked goods. Minimal amounts of trans fat intake are linked to greater risk of cardiovascular disease, the leading cause of death worldwide. In recent years, localities like New York City enacted policies to reduce trans fats in restaurants and other eateries. In 2018, an FDA ban on partially hydrogenated oil in foods, which will nearly eliminate dietary trans fat, takes effect nationwide. To study the impact of restricting trans fats, Eric Brandt, M.D., and his co-authors compared outcomes for people living in New York counties with and without the restrictions. Using data from the state department of health and census estimates between 2002 and 2013, the researchers focused on h",exact_duplicate|near_duplicate|semantic_duplicate|same_template_different_content|related_but_both_valuable|false_positive|unclear
,shard_00092.parquet:52576,shard_00135.parquet:13580,1.0000003576278687,660,660,"Did the universe start with the Big Bang? Many Christians believe God used the Big Bang to create all that we see today. But ICR Astrophysicist Dr. Jason Lisle has a different perspective. This video news clip is from the Q&A section of Dr. Jason Lisle’s Journey Through Space: A View of the Solar System. For more information on the Journey Through Space DVD and other resources, click here. For an additional video on the Big Bang and related ICR articles, click here. * Dr. Lisle is Director of Physical Sciences at the Institute for Creation Research and earned his Ph.D. in astrophysics from the University of Colorado. Article posted on February 6, 2017.","Did the universe start with the Big Bang? Many Christians believe God used the Big Bang to create all that we see today. But ICR Astrophysicist Dr. Jason Lisle has a different perspective. This video news clip is from the Q&A section of Dr. Jason Lisle’s Journey Through Space: A View of the Solar System. For more information on the Journey Through Space DVD and other resources, click here. For an additional video on the Big Bang and related ICR articles, click here. * Dr. Lisle is Director of Physical Sciences at the Institute for Creation Research and earned his Ph.D. in astrophysics from the University of Colorado. Article posted on February 6, 2017.",exact_duplicate|near_duplicate|semantic_duplicate|same_template_different_content|related_but_both_valuable|false_positive|unclear
,shard_00040.parquet:3189,shard_00160.parquet:42425,0.9280070662498474,16034,1515,"Flag of Mexico The Flag of Mexico (Spanish: Bandera de México) is a vertical tricolor of green, white, and red with the national coat of arms charged in the center of the white stripe. While the meaning of the colors has changed over time, these three colors were adopted by Mexico following independence from Spain during the country's War of Independence, and subsequent First Mexican Empire. The current flag was adopted in 1968, but the overall design has been used since 1821, when the First National Flag was created. The current law of national symbols, Law on the National Arms, Flag, and Anthem, that governs the use of the national flag has been in place since 1984. At the time of the flag's adoption, the Italian tricolour was not in use, although it dates up to the precedent century: the flag now contains the coat of arms, in order to distinguish it from that of Italy. Red, white, and green are the colors of the national liberation army in Mexico. The central emblem is the Aztec pictogram for Tenochtitlan (now Mexico City), the center of their empire. It recalls the legend that inspired the Aztecs to settle on what was originally a lake-island. The form of the coat of arms was m","|This page uses Creative Commons licensed content from Wikipedia. (view authors)| The flag of Mexico (Spanish: Bandera de México) is a verticalof green, white, and red with charged in the center of the white stripe. While the meaning of the colors has changed over time, these three colors were adopted by Mexico following independence from Spain during the country's , and subsequent . The current flag was adopted in 1968, but the overall design has been used since 1821, when the First National Flag was created. Red, white, and green are the colors of the national liberation army in Mexico. The central emblem is the Aztec pictogram for Mexico City), the center of the Aztec empire. It recalls the legend that inspired the Aztecs to settle on what was originally a lake-island. The form of the coat of arms was most recently revised in 1968. A ribbon in the national colors is at the bottom of the coat of arms. Throughout history, the flag has changed several times, as the design of the coat of arms and the length-width ratios of the flag have been modified. However, the coat of arms has had the same features throughout: an , holding a in its talon, is perched on top of a cactus; the cactu",exact_duplicate|near_duplicate|semantic_duplicate|same_template_different_content|related_but_both_valuable|false_positive|unclear
,shard_00131.parquet:3232,shard_00079.parquet:7853,0.9242497682571411,16785,9985,"Vitamin K is an essential nutrient that is often overlooked in discussions about the role of vitamins in maintaining good health. However, just like other vitamins such as vitamin C, vitamin D, and vitamin B12, this fat-soluble vitamin is integral to various functions in the body such as blood clotting, bone health, and regulating calcium levels. In this article, we’ll explore the importance of vitamin K, the different types that exist, and most importantly, the array of foods that are high in vitamin K that you should consider incorporating into your diet. Why Vitamin K is important for your health Vitamin K is essential for bone and cardiovascular health. It helps the body produce proteins that play a crucial role in clotting blood and maintaining healthy bone density. Recent studies have also shown that Vitamin K may have anti-inflammatory properties and help reduce the risk of heart disease and some cancers. So, vitamin K is essential for anyone who wants to maintain optimal health levels. In addition to its benefits for bone and cardiovascular health, Vitamin K has also been found to play a role in brain function. Studies have shown that Vitamin K may help improve cognitive fu","Vitamin K is a lesser-known vitamin essential to humans. It is used to describe a group of fat-soluble vitamins that are essential cofactors to make proteins involved in coagulation and calcium balance. Vitamin K1 and K2 are the most important and well-studied forms. Vitamin K is known as the blood-clotting vitamin and is stored in the liver and other body tissues, including the brain, heart, pancreas, and bone. It plays an important role not only in blood clotting but also in the regulation of the mineralization of bones and cartilage, helping bones grow the way they should. For optimal bone and vascular health, relatively high intakes of vitamin K are required. Deficiency has been linked to vascular calcification and osteoporosis.1 Healthy adults generally get enough vitamin K from their diet. Low levels can result in a risk of uncontrolled bleeding. Deficiency is seen most often in newborns, where prophylactic vitamin K is recommended to prevent the risk of uncontrolled bleeding.2 Vitamin K is found naturally in green leafy vegetables, such as kale, spinach, turnip greens, collards, Swiss chard, mustard greens, parsley, romaine, and green leaf lettuce as well as vegetables such",exact_duplicate|near_duplicate|semantic_duplicate|same_template_different_content|related_but_both_valuable|false_positive|unclear
,shard_00089.parquet:41205,shard_00130.parquet:13260,0.9204426407814026,4876,4798,"Why is Vaporizing HARMFUL TO Your Health? Are you currently asking yourself why is vaporizing bad for your wellbeing? It is not as uncommon or harmful as you think. There are several good reasons to start using a good e-liquid. Lots of people wonder should they should use e-cigs or traditional cigarettes. You must have a good reason prior to making a switch. Whether it’s because of the dangers of traditional cigarettes, the expense of maintaining a habit, or the inconvenience of it, e-cigs are a great alternative to smoking. There are several of reasons why vaporizing is harmful to you. The ingredients found in traditional cigarettes, especially nicotine are both carcinogenic and toxic to the lungs. Nicotine has both acidic and tar-like substances that may inflame and irritate the respiratory system easily. These chemicals also contribute to inflammation and bronchitis. The worst element to be associated with e-cigs is glycol. It is a byproduct of starch to sugar. While starch sugar itself is not actually bad for the lungs, the surplus level of glycol in e-cigs result in damage and inflammation of the lungs. The degrees of irritation increase with constant smoking. Once you notice","Why is Vaping HARMFUL TO Your Lungs? How come Vaping Bad? For the uninformed, e-liquids usually do not contain nicotine. However, they do contain propylene glycol, which is a by-product of fermentation or oil extraction, and ethyl alcohol, and chlorine dioxide. By comparison to the other the different parts of e-liquids, these ingredients are relatively safe. When one considers the other ingredients within traditional cigarettes, it’s easy to see why vapor cigarettes are particularly dangerous. They include carbon monoxide, dioxins, ammonia, formaldehyde, and a large number of other chemicals. These chemicals are carcinogenic, toxic, and will damage many parts of the respiratory system. The toxins enter the lungs through the mouth, nose, and eyes. By taking a puff of a normal cigarette, the toxins stay in the smoker’s system for six hours. It’s easy to see why Vaping Bad is really a concern for most people. The toxins in traditional cigarettes are much higher than those within the smokes. It’s not only the toxins that are at an increased risk. Also, smoking cessation products typically don’t work with long. Some are known to work for a week roughly. Even if it works for one week, t",exact_duplicate|near_duplicate|semantic_duplicate|same_template_different_content|related_but_both_valuable|false_positive|unclear
,shard_00132.parquet:23289,shard_00108.parquet:30470,0.9972959160804749,9918,9980,"Image credit: Smart Meetings Article credit: https://www.theguardian.com/world/2017/jan/29/barcelona-residents-protest-high-rents-fuelled-by-tourism Follow me on twitter @RobbioDobbio This is a lesson plan based around an article from the Guardian newspaper about an anti-tourism march that took place in Barcelona last year. Download the lesson plan, key and power point below: Warmer: Predict text topic from key words Project the power point and have students try to guess what the text they’re going to read is about by flashing up the picture and the keywords 2 at a time. Students continue predicting until all the key words are visible. Article: Reading comprehension, vocab focus and discussion Go through the activities on the hand out, answer key for comprehension questions is at the bottom. Barcelona marches to curb negative effects of tourism boom Community groups join forces to protest over soaring level of rents fuelled by a big rise in visitor numbers Behind banners reading “Barcelona is not for sale” and “We will not be driven out”, some 2,000 people staged an “occupation” of the Rambla, the city’s famed boulevard, on Saturday. The protest was organised by a coalition of more","Image credit: Smart Meetings Article credit: https://www.theguardian.com/world/2017/jan/29/barcelona-residents-protest-high-rents-fuelled-by-tourism Follow me on twitter @RobbioDobbio This is a lesson plan based around an article from the Guardian newspaper about an anti-tourism march that took place in Barcelona last year. Download the lesson plan, key and power point below: warmer reading tourism Barcelona tourism effect article + key Warmer: Predict text topic from key words Project the power point and have students try to guess what the text they’re going to read is about by flashing up the picture and the keywords 2 at a time. Students continue predicting until all the key words are visible. Article: Reading comprehension, vocab focus and discussion Go through the activities on the hand out, answer key for comprehension questions is at the bottom. Barcelona marches to curb negative effects of tourism boom Community groups join forces to protest over soaring level of rents fuelled by a big rise in visitor numbers Behind banners reading “Barcelona is not for sale” and “We will not be driven out”, some 2,000 people staged an “occupation” of the Rambla, the city’s famed boulevard,",exact_duplicate|near_duplicate|semantic_duplicate|same_template_different_content|related_but_both_valuable|false_positive|unclear
,shard_00097.parquet:23080,shard_00100.parquet:14049,0.9728549122810364,1656,1152,"Do you know what is a Structure? Do you know why engineers and architects use them when they want to build a house or a building? Did you know that all the mega engineering buildings are based on simple natural structures? How many bridges do you know? And what are their characteristics? Here you will find solutions and how the bridges evolved from beam bridges to suspended bridges. You will learn that triangulation is the key principle. 🏗 With the help of this unit you will learn that there are different types of structures as mass structure, shell structure, frame structure, etc. If you are in bilingual Technologies 1ºESO or 2ºESO, you must follow this steps to master the structure’s world and maybe in the future you will become the famour Engineer or Architect that will build incredible bridges, stadiums and pavillions. 🗼 Listen👂to the recording and fill the blanks: _______________ bear forces statically, that is, without moving. ______________, on the other hand, allow objects to move. They ____________ and _____________ force and motion from a motor to a ______________. They make work easier and more comfortable for human beings. Contents of the Unit If you want to work the co","Do you know what is a Structure? Do you know why engineers and architects use them when they want to build a house or a building? Did you know that all the mega engineering buildings are based on simple natural structures? How many bridges do you know? And what are their characteristics? Here you will find solutions and how the bridges evolved from beam bridges to suspended bridges. You will learn that triangulation is the key principle. 🏗 With the help of this unit you will learn that there are different types of structures as mass structure, shell structure, frame structure, etc. If you are in bilingual Technologies 1ºESO or 2ºESO, you must follow this steps to master the structure’s world and maybe in the future you will become the famour Engineer or Architect that will build incredible bridges, stadiums and pavillions. 🗼 Listen👂to the recording and fill the blanks: _______________ bear forces statically, that is, without moving. ______________, on the other hand, allow objects to move. They ____________ and _____________ force and motion from a motor to a ______________. They make work easier and more comfortable for human beings.",exact_duplicate|near_duplicate|semantic_duplicate|same_template_different_content|related_but_both_valuable|false_positive|unclear
,shard_00160.parquet:12039,shard_00002.parquet:9193,0.9807719588279724,2570,1879,"PIN encryption keys The PIN encryption key is a Triple DES 168-bit key that a BlackBerry® device uses to encrypt PIN messages that it sends to other devices and to authenticate and decrypt PIN messages that it receives from other devices. If a BlackBerry device user knows the PIN of another device, the user can send a PIN message to the device. Unlike an email message that a user sends to an email address, a PIN message bypasses the BlackBerry® Enterprise Server and your organization's network. By default, each device uses the same global PIN encryption key, which Research In Motion adds to the device during the manufacturing process. The global PIN encryption key permits every device to authenticate and decrypt every PIN message that the device receives. Because all devices share the same global PIN encryption key, there is a limit to how effectively PIN messages are encrypted. PIN messages are not considered as confidential as email messages that are sent from the BlackBerry Enterprise Server, which use BlackBerry transport layer encryption. Encryption using the global PIN encryption key is sometimes referred to as ""scrambling"". If the security policies of your organization requi","PIN encryption keys The PIN encryption key is a Triple DES 128-bit key that a BlackBerry® device uses to encrypt PIN messages that it sends to other devices and to authenticate and decrypt PIN messages that it receives from other devices. If a BlackBerry device user knows the PIN of another device, the user can send a PIN message to the device. Unlike an email message that a user sends to an email address, a PIN message bypasses the BlackBerry® Enterprise Server and your organization's network. By default, each device uses the same global PIN encryption key, which Research In Motion adds to the device during the manufacturing process. The global PIN encryption key permits every device to authenticate and decrypt every PIN message that the device receives. Because all devices share the same global PIN encryption key, there is a limit to how effectively PIN messages are encrypted. PIN messages are not considered as confidential as email messages sent from the BlackBerry Enterprise Server, which use BlackBerry transport layer encryption. Encryption using the global PIN encryption key is sometimes referred to as ""scrambling"". If the security policies of your organization require additi",exact_duplicate|near_duplicate|semantic_duplicate|same_template_different_content|related_but_both_valuable|false_positive|unclear
,shard_00045.parquet:23137,shard_00169.parquet:18946,1.0000003576278687,1341,1341,"Skin cancer is the most common type of cancer in the U.S., with more than 3.5 million new cases each year. Most skin cancers can be identified with a visual exam, and can be cured with surgery. Melanoma is far less common, but is more difficult to cure than other types of skin cancers, such as basal cell and squamous cell carcinomas. The risk of skin cancer is higher in people with fair skin, and in those with a family history of melanoma. Overexposure to ultraviolet light – from the sun or from other sources such as a tanning bed – causes DNA damage and increases the risk of developing all types of skin cancer. Experts recommend using protective clothing and a sunscreen with an SPF of at least 15 that blocks UVA and UVB rays to reduce the risk of skin cancer. People who notice skin changes, such as a sore that keeps returning or a spot that changes color or shape, should have an examination by a dermatologist who specializes in skin cancer. Periodic total body photography can help to identify changes in the number or appearance of moles (nevi) and other skin lesions. A non-surgical biopsy, which uses different wavelengths of light to see beneath the surface of the skin, can help t","Skin cancer is the most common type of cancer in the U.S., with more than 3.5 million new cases each year. Most skin cancers can be identified with a visual exam, and can be cured with surgery. Melanoma is far less common, but is more difficult to cure than other types of skin cancers, such as basal cell and squamous cell carcinomas. The risk of skin cancer is higher in people with fair skin, and in those with a family history of melanoma. Overexposure to ultraviolet light – from the sun or from other sources such as a tanning bed – causes DNA damage and increases the risk of developing all types of skin cancer. Experts recommend using protective clothing and a sunscreen with an SPF of at least 15 that blocks UVA and UVB rays to reduce the risk of skin cancer. People who notice skin changes, such as a sore that keeps returning or a spot that changes color or shape, should have an examination by a dermatologist who specializes in skin cancer. Periodic total body photography can help to identify changes in the number or appearance of moles (nevi) and other skin lesions. A non-surgical biopsy, which uses different wavelengths of light to see beneath the surface of the skin, can help t",exact_duplicate|near_duplicate|semantic_duplicate|same_template_different_content|related_but_both_valuable|false_positive|unclear
,shard_00016.parquet:49637,shard_00069.parquet:27342,0.9999998807907104,5638,5638,"There’s more than one way to make a significant dinosaur discovery. You can fill up water bottles, slather on sunscreen, and strike out across exposed stone in the hope that luck and a sharp eye will lead you to bones no one has ever seen before. That’s the traditional way. But museums have become metaboneyards where dinosaurs hide within plaster jackets and newspaper-lined drawers, forgotten until a lucky fossil hunter discovers them anew. This alternate sort of fossil hunting is what led paleontologists Michael Hanson and Peter Makovicky to uncover additional remains of a rare Jurassic carnivore. During more than a century of discovery and research, paleontologists have identified at least three enormous carnivorous dinosaurs that roamed the lands of the American west around 150 million years ago. Allosaurus is the most abundant and most famous, challenged in pop culture notoriety by the gnarly and rare Ceratosaurus. But just as big and frightening is a little-known megalosaurid dubbed Torvosaurus. Often found in the same quarries as Allosaurus, albeit in lesser numbers, Torvosaurus had long, deep skulls set with elongated teeth that they presumably put to work on the hides of sa","There’s more than one way to make a significant dinosaur discovery. You can fill up water bottles, slather on sunscreen, and strike out across exposed stone in the hope that luck and a sharp eye will lead you to bones no one has ever seen before. That’s the traditional way. But museums have become metaboneyards where dinosaurs hide within plaster jackets and newspaper-lined drawers, forgotten until a lucky fossil hunter discovers them anew. This alternate sort of fossil hunting is what led paleontologists Michael Hanson and Peter Makovicky to uncover additional remains of a rare Jurassic carnivore. During more than a century of discovery and research, paleontologists have identified at least three enormous carnivorous dinosaurs that roamed the lands of the American west around 150 million years ago. Allosaurus is the most abundant and most famous, challenged in pop culture notoriety by the gnarly and rare Ceratosaurus. But just as big and frightening is a little-known megalosaurid dubbed Torvosaurus. Often found in the same quarries as Allosaurus, albeit in lesser numbers, Torvosaurus had long, deep skulls set with elongated teeth that they presumably put to work on the hides of sa",exact_duplicate|near_duplicate|semantic_duplicate|same_template_different_content|related_but_both_valuable|false_positive|unclear
,shard_00165.parquet:37891,shard_00048.parquet:50341,0.9173401594161987,3493,3890,"Abraham took another wife, and her name was Keturah. She bore him Zimran, Jokshan, Medan, Midian, Ishbak, and Shuah. Jokshan became the father of Sheba, and Dedan. The sons of Dedan were Asshurim, Letushim, and Leummim. The sons of Midian: Ephah, Epher, Hanoch, Abida, and Eldaah. All these were the children of Keturah. Abraham gave all that he had to Isaac, but to the sons of the concubines who Abraham had, Abraham gave gifts. He sent them away from Isaac his son, while he yet lived, eastward, to the east country. These are the days of the years of Abraham's life which he lived: one hundred seventy-five years. Abraham gave up the spirit, and died in a good old age, an old man, and full, and was gathered to his people. Isaac and Ishmael, his sons, buried him in the cave of Machpelah, in the field of Ephron, the son of Zohar the Hittite, which is before Mamre, the field which Abraham purchased of the children of Heth. There was Abraham buried, with Sarah his wife. It happened after the death of Abraham, that God blessed Isaac, his son. Isaac lived by Beer-lahai-roi. Now this is the history of the generations of Ishmael, Abraham's son, whom Hagar the Egyptian, Sarah's handmaid, bore t","Abraham's children by Cetura; his death and that of Ismael. Isaac hath Esau and Jacob twins. Esau selleth his first birthright to Jacob. And Abraham married another wife, named Cetura: Who bore him Zamran, and Jecsan, and Madan, and Madian, and Jesboc, and Sue. Jecsan also begot Saba and Dadan. The children of Dadan were Assurim, and Latusim, and Loomin. But of Madian was born Epha, and Opher, and Henoch, and Abida, and Eldaa: all these were the children of Cetura. And Abraham gave all his possessions to Isaac. And to the children of the concubines he gave gifts, and separated them from Isaac his son, while he yet lived, to the east country. And the days of Abraham' s life were a hundred and seventy-five years. And decaying he died in a good old age, and having lived a long time, and being full of days: and was gathered to his people. And Isaac and Ismael his sons buried him in the double cave, which was situated in the field of Ephron the son of Seor the Hethite, over against Mambre; Which he had bought of the children of Heth: there was he buried, and Sara his wife. Concubines: Agar and Cetura are here called concubines, (though they were lawful wives, and in other pla",exact_duplicate|near_duplicate|semantic_duplicate|same_template_different_content|related_but_both_valuable|false_positive|unclear
,shard_00126.parquet:39844,shard_00146.parquet:9439,1.0,15756,15756,"GABRIEL ( Γαβριήλ, ""man of God""): With Michael, Gabriel is mentioned by name in the Book of Daniel, where he explains to Daniel his visions (Dan. viii. 16-26, ix. 21-27). He appears to Zacharias, and announces to Mary that she is about to have a son whose name shall be ""Jesus"" (Luke i. 19-31). Gabriel is one of the four angels that stand at the four sides of God's throne and serve as guardian angels of the four parts of the globe (Enoch, ix. 1; comp. Kautzsch, ""Die Apokryphen und Pseudepigraphen des Alten Testaments,"" ii. 240, note). The four angels, Michael, Gabriel, Uriel, and Raphael, who are still invoked in the evening prayer, are often mentioned together (Enoch, xl. 6, liv. 6; Sibyllines, ii. 214 et seq.; ""Legend of Zechariah,"" vi. 2-6, in Lüken, ""Michael: Eine Darstellung und Vergleichung der Jüdischen und Morgenländisch-Christlichen Tradition vom Erzengel Michael,"" p. 122, Göttingen, 1898). The four names also occur on a golden tablet found in the tomb of the wife of Emperor Honorius (Kopp, ""Palæographia Critica,"" iii., § 158; ""Apocryphische Fragen des Bartholomeus,"" in Lüken, l.c. p. 114; ""Zauberpapyri,"" in Lüken, l.c. p. 71). In other passages seven archangels are mention","GABRIEL ( Γαβριήλ, ""man of God""): With Michael, Gabriel is mentioned by name in the Book of Daniel, where he explains to Daniel his visions (Dan. viii. 16-26, ix. 21-27). He appears to Zacharias, and announces to Mary that she is about to have a son whose name shall be ""Jesus"" (Luke i. 19-31). Gabriel is one of the four angels that stand at the four sides of God's throne and serve as guardian angels of the four parts of the globe (Enoch, ix. 1; comp. Kautzsch, ""Die Apokryphen und Pseudepigraphen des Alten Testaments,"" ii. 240, note). The four angels, Michael, Gabriel, Uriel, and Raphael, who are still invoked in the evening prayer, are often mentioned together (Enoch, xl. 6, liv. 6; Sibyllines, ii. 214 et seq.; ""Legend of Zechariah,"" vi. 2-6, in Lüken, ""Michael: Eine Darstellung und Vergleichung der Jüdischen und Morgenländisch-Christlichen Tradition vom Erzengel Michael,"" p. 122, Göttingen, 1898). The four names also occur on a golden tablet found in the tomb of the wife of Emperor Honorius (Kopp, ""Palæographia Critica,"" iii., § 158; ""Apocryphische Fragen des Bartholomeus,"" in Lüken, l.c. p. 114; ""Zauberpapyri,"" in Lüken, l.c. p. 71). In other passages seven archangels are mention",exact_duplicate|near_duplicate|semantic_duplicate|same_template_different_content|related_but_both_valuable|false_positive|unclear
,shard_00163.parquet:27393,shard_00025.parquet:840,0.9999997019767761,3076,3076,"Anthropologist, novelist, folklorist, essayist and luminary of the Harlem Renaissance, Zora Neale Hurston dazzled her peers and patrons almost immediately upon her arrival in New York City in 1925, when she made a show-stopping grand entrance at a formal literary affair, flinging a red scarf around her neck and stopping all conversation with her animated storytelling and antics. “I would like to know her,” declared Langston Hughes. She had a “blazing zest for life,” opined celebrity writer Fannie Hurst. Annie Nathan Meyer, a founder of Barnard College, did them one better: She promptly offered Hurston entrance into Columbia University’s sister college, making her the first black student to attend Barnard. Over the course of her life, Hurston would publish several dozen essays, short stories and poems, and seven books, including her notoriously deceptive (some would say ingeniously “dissembling”) autobiography Dust Tracks on a Road. Nine more books–essays, folklore, short stories and a play–would appear in print posthumously, following Alice Walker’s “rediscovery” of Hurston in the 1970s. According to Carla Kaplan, editor of Zora Neale Hurston: A Life in Letters and a professor at t","Anthropologist, novelist, folklorist, essayist and luminary of the Harlem Renaissance, Zora Neale Hurston dazzled her peers and patrons almost immediately upon her arrival in New York City in 1925, when she made a show-stopping grand entrance at a formal literary affair, flinging a red scarf around her neck and stopping all conversation with her animated storytelling and antics. “I would like to know her,” declared Langston Hughes. She had a “blazing zest for life,” opined celebrity writer Fannie Hurst. Annie Nathan Meyer, a founder of Barnard College, did them one better: She promptly offered Hurston entrance into Columbia University’s sister college, making her the first black student to attend Barnard. Over the course of her life, Hurston would publish several dozen essays, short stories and poems, and seven books, including her notoriously deceptive (some would say ingeniously “dissembling”) autobiography Dust Tracks on a Road. Nine more books–essays, folklore, short stories and a play–would appear in print posthumously, following Alice Walker’s “rediscovery” of Hurston in the 1970s. According to Carla Kaplan, editor of Zora Neale Hurston: A Life in Letters and a professor at t",exact_duplicate|near_duplicate|semantic_duplicate|same_template_different_content|related_but_both_valuable|false_positive|unclear
,shard_00106.parquet:37115,shard_00085.parquet:16248,0.9316701889038086,8915,15147,"Obsessive-Compulsive Disorder Symptoms, Causes and Effects bsessive-compulsive disorder, or OCD, is an anxiety disorder that generally causes extreme discomfort. Sufferers are often riddled with persistent and recurrent impulses, thoughts and images that are unwanted. According to the National Institute for Mental Health, OCD affects more than 2 million adults in the United States. Severe cases of OCD can cause an extreme amount of distress, and the disorder can dramatically interfere with a person’s daily life. What Are the Types of OCD? According to the Mayo Clinic, the categories of obsessive-compulsive disorder include: - Intrusive thoughts - Constant checking - Fear of contamination Sufferers of OCD who have intrusive thoughts generally have reoccurring images in their minds that are disturbing or horrific. These thoughts may occur based on an event that happened in the person’s life, or they may occur for no particular reason. Sufferers of OCD who have the need to constantly check on people or items generally fear that something bad will happen if they stop checking. For example, someone with OCD may constantly walk throughout their home to make sure all the doors and windows","Obsessive-compulsive disorder (OCD) Medically reviewed on Sep 17, 2018 Obsessive-compulsive disorder (OCD) features a pattern of unreasonable thoughts and fears (obsessions) that lead you to do repetitive behaviors (compulsions). These obsessions and compulsions interfere with daily activities and cause significant distress. You may try to ignore or stop your obsessions, but that only increases your distress and anxiety. Ultimately, you feel driven to perform compulsive acts to try to ease your stress. Despite efforts to ignore or get rid of bothersome thoughts or urges, they keep coming back. This leads to more ritualistic behavior — the vicious cycle of OCD. OCD often centers around certain themes — for example, a fear of getting contaminated by germs. To ease your contamination fears, you may compulsively wash your hands until they're sore and chapped. If you have OCD, you may be ashamed and embarrassed about the condition, but treatment can be effective. Obsessive-compulsive disorder usually includes both obsessions and compulsions. But it's also possible to have only obsession symptoms or only compulsion symptoms. You may or may not realize that your obsessions and compulsions",exact_duplicate|near_duplicate|semantic_duplicate|same_template_different_content|related_but_both_valuable|false_positive|unclear
,shard_00111.parquet:9135,shard_00054.parquet:50711,0.9636014699935913,4011,4309,"Symptoms of sepsis In sepsis, the body's immune system goes into overdrive as it tries to fight an infection. This can reduce the blood supply to vital organs such as the brain, heart and kidneys. Without quick treatment, sepsis can lead to multiple organ failure and death. Early symptoms of sepsis are difficult to distinguish from most infections, and may include: - a high temperature (fever); though this may not be present: and due to changes in the circulation (blood flow in the body) there may be a low body temperature instead - chills and shivering You should be aware about potential sepsis symptoms if you/your child/someone you are with: - becomes very unwell - are acting differently than they have previously when experiencing an infection - have a fast heartbeat - have fast breathing /difficulty breathing In some cases, symptoms of more severe sepsis or septic shock develop soon after when your blood pressure drops to a dangerously low level. These can include: - feeling dizzy or faint - a change in mental state – such as confusion or disorientation - nausea and vomiting - slurred speech - severe muscle pain - severe breathlessness - less urine production than normal – for e","Sepsis is a potentially life-threatening condition triggered by an infection or injury. It is also known as blood poisoning or septicaemia. Symptoms of sepsis In sepsis, the body's immune system goes into overdrive as it tries to fight an infection. This can reduce the blood supply to vital organs such as the brain, heart and kidneys. Without quick treatment, sepsis can lead to multiple organ failure and death. Early symptoms of sepsis are difficult to distinguish from most infections, and may include: - a high temperature (fever); though this may not be present: and due to changes in the circulation (blood flow in the body) there may be a low body temperature instead - chills and shivering You should be aware about potential sepsis symptoms if you/your child/someone you are with: - becomes very unwell - are acting differently than they have previously when experiencing an infection - have a fast heartbeat - have fast breathing /difficulty breathing In some cases, symptoms of more severe sepsis or septic shock develop soon after when your blood pressure drops to a dangerously low level. These can include: - feeling dizzy or faint - a change in mental state – such as confusion or di",exact_duplicate|near_duplicate|semantic_duplicate|same_template_different_content|related_but_both_valuable|false_positive|unclear
,shard_00027.parquet:10152,shard_00169.parquet:31976,0.9946000576019287,7763,7611,"The “Glowing Glowing Gone” campaign advocates for action for coral reef conservation by highlighting the global danger signaled by fluorescing corals. Today, The Ocean Agency unveiled “Glowing Glowing Gone” — a global campaign advocating for greater funding and action for coral reef conservation by highlighting the global danger signaled by fluorescing corals. The campaign is based around colors specially developed by the Pantone Color Institute and Adobe, using new technology. In 2016, a team from The Ocean Agency photographed one of the most spectacular and rarest sights in nature while filming the Netflix original documentary, Chasing Coral. A coral reef situated in New Caledonia was “glowing” in incredibly rare, vivid colors due to an underwater heatwave; the corals were producing brightly colored chemicals that act as sunscreen in a desperate bid to survive the fatally high water temperatures. This glowing coral phenomenon, called fluorescing, is one of the most visual indicators of the climate crisis and the existential threat to entire ecosystems such as coral reefs. However, until now, it has gone largely unnoticed. The campaign, developed by The Ocean Agency — in collabora","The “Glowing Glowing Gone” campaign advocates for action for coral reef conservation by highlighting the global danger signaled by fluorescing corals. Today, The Ocean Agency unveiled “Glowing Glowing Gone” — a global campaign advocating for greater funding and action for coral reef conservation by highlighting the global danger signaled by fluorescing corals. The campaign is based around colors specially developed by the Pantone Color Institute and Adobe, using new technology. In 2016, a team from The Ocean Agency photographed one of the most spectacular and rarest sights in nature while filming the Netflix original documentary, Chasing Coral. A coral reef situated in New Caledonia was “glowing” in incredibly rare, vivid colors due to an underwater heatwave; the corals were producing brightly colored chemicals that act as sunscreen in a desperate bid to survive the fatally high water temperatures. This glowing coral phenomenon, called fluorescing, is one of the most visual indicators of the climate crisis and the existential threat to entire ecosystems such as coral reefs. However, until now, it has gone largely unnoticed. The campaign, developed by The Ocean Agency — in collabora",exact_duplicate|near_duplicate|semantic_duplicate|same_template_different_content|related_but_both_valuable|false_positive|unclear
,shard_00074.parquet:19035,shard_00109.parquet:4450,0.9113832712173462,1554,1518,"When lasers start getting down to the nanoscale, they run up against the diffraction limit where the size of the laser cannot be smaller than the wavelength of light it emits. But researchers have shown that nanoscale plasmonic lasers can reach an optical mode well below this limit by confining light of very short wavelengths through the use of surface plasmons oscillations of electrons that occur at the junction of a metal and an insulator. This has revitalized the hope that chips populated with these plasmonic nanolasers could make possible computer processors run by light rather than electrons. Now researchers at Northwestern University have developed a new design for plasmonic nanolasers that are the size of a virus particle and capable of operating at room temperature. ""The reason can fabricate nanolasers with sizes smaller than that allowed by diffraction is because to made the lasing cavity out of metal nanoparticle dimers -- structures with a 3-D bowtie' shape"" The bowtie geometry allowed the nanoparticles to achieve an antenna effect and suffer only minimal metal “losses”. Typically, plasmon nanolaser cavities have suffered from both metal and radiation losses that require","A Northwestern University research team has manufactured single-laser devices that are the size of virus particles and operate at room temperature. According to a statement, the so-called plasmonic nanolasers could be integrated into silicon-based photonic devices, all-optical circuits and nanoscale biosensors. The results are published in the journal Nano Letters. ‘Coherent light sources at the nanometer scale are important not only for exploring phenomena in small dimensions but also for realising optical devices with sizes that can beat the diffraction limit of light,’ said Teri Odom, a nanotechnology expert who led the research. ‘The reason we can fabricate nanolasers with sizes smaller than that allowed by diffraction is because we made the lasing cavity out of metal nanoparticle dimers — structures with a 3D bowtie shape.’ These metal nanostructures are said to support localised surface plasmons — collective oscillations of electrons — that have no fundamental size limits when confining light. The use of the bowtie geometry is claimed to have two significant benefits over previous work on plasmon lasers: the bowtie structure provides a well-defined, electromagnetic hot spot i",exact_duplicate|near_duplicate|semantic_duplicate|same_template_different_content|related_but_both_valuable|false_positive|unclear
,shard_00051.parquet:35921,shard_00135.parquet:15789,0.9990710020065308,13244,14734,"Primo Levi (July 31, 1919 – April 11, 1987) was a Jewish Italian chemist, Holocaust survivor and author of memoirs, short stories, poems, and novels. As a scientist, he is best known for his dispassionate, matter-of-fact reminiscences of his experience of the Holocaust, and in particular his account of the year he spent as a prisoner in Auschwitz, the infamous death camp in Nazi-occupied Poland. If This Is a Man (published in the United States as Survival in Auschwitz) has been described as one of the most important works of the twentieth century. He is also the author of The Periodic Table which contains 21 reflections on the connections between the chemical, physical and moral spheres. Levi was born in Turin in 1919 into a liberal Jewish family. In 1934 he enrolled in the Massimo d'Azeglio liceo classico, a secondary school specializing in the classics. The school was noted for its well-known anti-Fascist teachers, amongst them Norberto Bobbio, and for a few months Cesare Pavese, also an anti-Fascist and later to become one of Italy's best-known novelists. Levi graduated from the school in 1937 and enrolled in the University of Turin where he studied chemistry. In 1938, the Fasci","Primo Levi (July 31, 1919 – April 11, 1987) was a Jewish Italian chemist, Holocaust survivor and author of memoirs, short stories, poems, and novels. As a scientist, he is best known for his dispassionate, matter-of-fact reminiscences of his experience of the Holocaust, and in particular his account of the year he spent as a prisoner in Auschwitz, the infamous death camp in Nazi-occupied Poland. If This Is a Man (published in the United States as Survival in Auschwitz) has been described as one of the most important works of the twentieth century. He is also the author of The Periodic Table which contains 21 reflections on the connections between the chemical, physical and moral spheres. Levi was born in Turin in 1919 into a liberal Jewish family. In 1934 he enrolled in the Massimo d'Azeglio liceo classico, a secondary school specializing in the classics. The school was noted for its well-known anti-Fascist teachers, amongst them Norberto Bobbio, and for a few months Cesare Pavese, also an anti-Fascist and later to become one of Italy's best-known novelists. Levi graduated from the school in 1937 and enrolled in the University of Turin where he studied chemistry. In 1938, the Fasci",exact_duplicate|near_duplicate|semantic_duplicate|same_template_different_content|related_but_both_valuable|false_positive|unclear
,shard_00080.parquet:27146,shard_00026.parquet:35958,1.0000005960464478,2780,2780,"Wednesday, August 13, 2014 One of the legal education reforms that I have advocated is explicitly teaching miniskills, such as rule-based reasoning, analogical reasoning, and case synthesis. I think that students need to master these skills before moving on to more advanced types of legal reasoning. Studies have shown that second- and third-year law students have problems with these and other miniskills. (E.g., here) One miniskill that is rarely taught in depth in law school is distinguishing cases. Yet, this skill is basic for competent lawyers. A lawyer can distinguish a case based on the facts or based on the reasoning/policy (or preferably both). In distinguishing cases, the attorney demonstrates that the facts of case A (the precedent case) are not substantially similar to the facts of case B (your case) so that the rule from case A does not apply to case B. In other words, distinguishing cases is the opposite of reasoning by analogy. With reasoning by analogy, the advocate shows that the facts of case A (the precedent case) are substantially similar to the facts of case B (your case) so that the rule of case A applies to case B. Distinguishing cases involves distinctions of d","Wednesday, August 13, 2014 One of the legal education reforms that I have advocated is explicitly teaching miniskills, such as rule-based reasoning, analogical reasoning, and case synthesis. I think that students need to master these skills before moving on to more advanced types of legal reasoning. Studies have shown that second- and third-year law students have problems with these and other miniskills. (E.g., here) One miniskill that is rarely taught in depth in law school is distinguishing cases. Yet, this skill is basic for competent lawyers. A lawyer can distinguish a case based on the facts or based on the reasoning/policy (or preferably both). In distinguishing cases, the attorney demonstrates that the facts of case A (the precedent case) are not substantially similar to the facts of case B (your case) so that the rule from case A does not apply to case B. In other words, distinguishing cases is the opposite of reasoning by analogy. With reasoning by analogy, the advocate shows that the facts of case A (the precedent case) are substantially similar to the facts of case B (your case) so that the rule of case A applies to case B. Distinguishing cases involves distinctions of d",exact_duplicate|near_duplicate|semantic_duplicate|same_template_different_content|related_but_both_valuable|false_positive|unclear
,shard_00141.parquet:50266,shard_00155.parquet:19322,1.0,2040,2040,"|By Hankinator3000 (Hankinator3000) on Wednesday, April 14, 2004 - 02:58 am: Edit| A rotating spotlight is shining on point P(x,y) on a shoreline and the portion of the shoreline on which the spotlight shines is in the shape of the parabola y=x^2 from the point (1,1) to the point (5, 25). If the spotlight is rotating at the rate of one revolution per minute, how fast in the point P traveling along the shoreline at the instant it it at the point (3,9)??? Please help, anyone!!!! it is due tomorrow!!!!! (from the free-response section of AP Calculus BC exam of 1996.) |By Bubbloy (Bubbloy) on Wednesday, April 14, 2004 - 03:47 am: Edit| so you set it up with the light coming from the origin, the tan function is appropriate for this question. the height y of the light on the island, x^2, is the leg of a triangle and the position of the dot on the island is x, the base of a triangle. i will use @ for theta. we know that d@/dt=2pi at (3,9) tan@ = 3, so P=(tan@, tan@^2) plug in d@/dt=2pi avoiding some simple simplifications in the triangle. so from physics, vector, w/e we get dP/dt=sqrt((dx/dt)^2+(dy/dt)^2) so sqrt(400pi^2+14400pi^2)= ~382.1912416 ft/sec. i feel your pain staying up until 4","|By Hankinator3000 (Hankinator3000) on Wednesday, April 14, 2004 - 02:58 am: Edit| A rotating spotlight is shining on point P(x,y) on a shoreline and the portion of the shoreline on which the spotlight shines is in the shape of the parabola y=x^2 from the point (1,1) to the point (5, 25). If the spotlight is rotating at the rate of one revolution per minute, how fast in the point P traveling along the shoreline at the instant it it at the point (3,9)??? Please help, anyone!!!! it is due tomorrow!!!!! (from the free-response section of AP Calculus BC exam of 1996.) |By Bubbloy (Bubbloy) on Wednesday, April 14, 2004 - 03:47 am: Edit| so you set it up with the light coming from the origin, the tan function is appropriate for this question. the height y of the light on the island, x^2, is the leg of a triangle and the position of the dot on the island is x, the base of a triangle. i will use @ for theta. we know that d@/dt=2pi at (3,9) tan@ = 3, so P=(tan@, tan@^2) plug in d@/dt=2pi avoiding some simple simplifications in the triangle. so from physics, vector, w/e we get dP/dt=sqrt((dx/dt)^2+(dy/dt)^2) so sqrt(400pi^2+14400pi^2)= ~382.1912416 ft/sec. i feel your pain staying up until 4",exact_duplicate|near_duplicate|semantic_duplicate|same_template_different_content|related_but_both_valuable|false_positive|unclear
,shard_00123.parquet:20746,shard_00033.parquet:32111,0.9677417278289795,4924,4849,"Electrical appliances are everywhere, they have actually come to be so commonplace in our lives and our houses that it’s almost unimaginable to think they barely were known about a century earlier. We utilize electrical power from the moment we get up in the morning to the minute we go to sleep at night and in many cases even during the night. It is electrical energy that powers our lights, our alarms and our handheld devices. That undetectable power source that travels via wires into our residencies permits us to use the toaster or turn on the coffee maker before we leave the house in the morning, it maintains our living spaces at a suitable temperature. We utilize it to clean our clothes and our dishes, cook our meals and we can even travel using electric cars or trains. For many appliances in the home, electric is the only readily available alternative, for the rest manually operated or gas-powered possibilities exist, yet despite the options it’s extremely tough to visualize our lives without electrical energy. When it involves electric devices, not all appliances are developed the same. Some brands of electric appliances will require more repair. Whether you are thinking about","Electrical appliances are all over, they have actually ended up being so typical in our lives and our homes that it’s almost unimaginable to think they barely existed 100 years earlier. We use electrical energy from the minute we awaken in the early morning to the moment we go to sleep in the evening as well as in a lot of cases even during the night. It is electrical energy that powers our lights, our alarm clocks as well as our handheld devices. That invisible source of power that travels via cables into our residencies enables us to boil the kettle or turn on the coffee maker before we leave the house in the morning, it keeps our living spaces at a suitable temperature. We use it to clean our clothes and also our dishes, prepare our meals and we can even travel using electrical automobiles. For many home appliances in the house, electric is the only available option, for the rest manually operated or gas-powered options exist, however regardless of the options it’s really tough to visualize our lives without electrical energy. When it involves electrical devices, not all appliances are created the same. Some types of electrical appliances will require more repair. Whatever home",exact_duplicate|near_duplicate|semantic_duplicate|same_template_different_content|related_but_both_valuable|false_positive|unclear
,shard_00015.parquet:53358,shard_00025.parquet:14507,1.0000001192092896,5838,5838,"By Sean Newlin For the 9th time since August 14th, Colin Kaepernick knelt in protest during an NFL pre-game national anthem. Unlike his first protest in early August, this time he was joined by teammates Eli Harold and Eric Reid, and unlike his first protest, this time it didn’t make any headlines. Colin Kaepernick was featured on the cover of the October 3rd issue of Time Magazine as a result of the conversation he has sparked, centered on racial injustice in the United States and the persistent and systematic police violence directed at blacks. His protests are a self-described show of solidarity with those who are oppressed, and a demonstration of how the flag does not currently represent the symbol of freedom that it’s meant to. Athletes like Colin Kaepernick are in a rare position in the United States: as people of color, they have an opportunity in which they can influence the national conversation, and can use their status as a celebrity and a role model to give a voice to marginalized and underrepresented Americans. Athletes like Colin Kaepernick play a key role in creating new policy windows by influencing what political scientists call the political stream, or the collect","By Sean Newlin For the 9th time since August 14th, Colin Kaepernick knelt in protest during an NFL pre-game national anthem. Unlike his first protest in early August, this time he was joined by teammates Eli Harold and Eric Reid, and unlike his first protest, this time it didn’t make any headlines. Colin Kaepernick was featured on the cover of the October 3rd issue of Time Magazine as a result of the conversation he has sparked, centered on racial injustice in the United States and the persistent and systematic police violence directed at blacks. His protests are a self-described show of solidarity with those who are oppressed, and a demonstration of how the flag does not currently represent the symbol of freedom that it’s meant to. Athletes like Colin Kaepernick are in a rare position in the United States: as people of color, they have an opportunity in which they can influence the national conversation, and can use their status as a celebrity and a role model to give a voice to marginalized and underrepresented Americans. Athletes like Colin Kaepernick play a key role in creating new policy windows by influencing what political scientists call the political stream, or the collect",exact_duplicate|near_duplicate|semantic_duplicate|same_template_different_content|related_but_both_valuable|false_positive|unclear
,shard_00094.parquet:44080,shard_00006.parquet:46359,0.9318041205406189,4210,3567,"Snail Removal in Southern, CA In the 1968 classic Night of the Living Dead, slow-moving zombies gradually surround a desolate house, trapping the inhabitants inside. The monsters are slow and clumsy, so handling one would be easy, but more just keep coming. It’s the sheer number that makes them a threat. What was initially a slight disturbance eventually becomes an overwhelming, insurmountable And for that reason, slugs and snails are a lot like zombies: they’re both slllloooooowwww, icky, and they both can become a big problem if they’re not treated. (The good news is that slugs will not eat your brains if given the chance). The basics of snails Snails inhabit just about every environment on Earth, from the deserts to the bottom of the sea. That means these gastropods are highly adaptable, and have had no trouble infiltrating the Southern California region. Snails and slugs are decomposers, and perform a valuable duty by breaking down dead foliage. They do accomplish this with thousands of microscopic teeth located on their radula, a ribbon like tongue they use to shred their food. Despite their valuable role in the ecosystem, snails are a huge nuisance for farmers and agricultura","In the 1968 classic Night of the Living Dead, slow-moving zombies gradually surround a desolate house, trapping the inhabitants inside. The monsters are slow and clumsy, so handling one would be easy, but more just keep coming. It’s the sheer number that makes them a threat. What was initially a slight disturbance eventually becomes an overwhelming, insurmountable And for that reason, slugs and snails are a lot like zombies: they’re both slllloooooowwww, icky, and they both can become a big problem if they’re not treated. (The good news is that slugs will not eat your brains if given the chance). The basics of snails Snails inhabit just about every environment on Earth, from the deserts to the bottom of the sea. That means these gastropods are highly adaptable, and have had no trouble infiltrating the Southern California region. Snails and slugs are decomposers, and perform a valuable duty by breaking down dead foliage. They do accomplish this with thousands of microscopic teeth located on their radula, a ribbon like tongue they use to shred their food. Despite their valuable role in the ecosystem, snails are a huge nuisance for farmers and agricultural workers. Don’t let their slo",exact_duplicate|near_duplicate|semantic_duplicate|same_template_different_content|related_but_both_valuable|false_positive|unclear
,shard_00057.parquet:45301,shard_00136.parquet:50844,1.0000001192092896,901,901,"We’re home to the CoLOSSIS system, which is nearly 100 times more powerful than medical computed tomography, or a CAT scan. Pantex is home to the world’s only X-ray inspection system, known as CoLOSSIS, for nuclear weapon components. What does it take to look inside the core of a nuclear weapon? Start with four cryogenically cooled astronomy cameras capable of 8,000 by 8,000-pixel images, one four-sided pyramidal mirror and a burst of photons generated by an X-ray source nearly 100 times more powerful than medical computed tomography (or a CAT scan), and you have the world’s only computed tomography imaging system used to determine integrity of a “pit” — a nuclear weapon’s core. At approximately 32,000 pounds, the lead-shielded CoLOSSIS is operated by highly trained quality assurance technicians whose background stems from the medical X-ray or industrial non-destructive evaluation fields.","We’re home to the CoLOSSIS system, which is nearly 100 times more powerful than medical computed tomography, or a CAT scan. Pantex is home to the world’s only X-ray inspection system, known as CoLOSSIS, for nuclear weapon components. What does it take to look inside the core of a nuclear weapon? Start with four cryogenically cooled astronomy cameras capable of 8,000 by 8,000-pixel images, one four-sided pyramidal mirror and a burst of photons generated by an X-ray source nearly 100 times more powerful than medical computed tomography (or a CAT scan), and you have the world’s only computed tomography imaging system used to determine integrity of a “pit” — a nuclear weapon’s core. At approximately 32,000 pounds, the lead-shielded CoLOSSIS is operated by highly trained quality assurance technicians whose background stems from the medical X-ray or industrial non-destructive evaluation fields.",exact_duplicate|near_duplicate|semantic_duplicate|same_template_different_content|related_but_both_valuable|false_positive|unclear
,shard_00048.parquet:15459,shard_00088.parquet:31238,0.9747027158737183,2794,2758,"Importance of the Scientific Method The scientific method attempts to minimize the influence of bias or prejudice in the experimenter. Even the best-intentioned scientists can't escape bias. It results from personal beliefs, as well as cultural beliefs, which means any human filters information based on his or her own experience. Unfortunately, this filtering process can cause a scientist to prefer one outcome over another. For someone trying to solve a problem around the house, succumbing to these kinds of biases is not such a big deal. But in the scientific community, where results have to be reviewed and duplicated, bias must be avoided at all costs. That's the job of the scientific method. It provides an objective, standardized approach to conducting experiments and, in doing so, improves their results. By using a standardized approach in their investigations, scientists can feel confident that they will stick to the facts and limit the influence of personal, preconceived notions. Even with such a rigorous methodology in place, some scientists still make mistakes. For example, they can mistake a hypothesis for an explanation of a phenomenon without performing experiments. Or th","The scientific method attempts to minimize the influence of bias or prejudice in the experimenter. Even the best-intentioned scientists can't escape bias. It results from personal beliefs, as well as cultural beliefs, which means any human filters information based on his or her own experience. Unfortunately, this filtering process can cause a scientist to prefer one outcome over another. For someone trying to solve a problem around the house, succumbing to these kinds of biases is not such a big deal. But in the scientific community, where results have to be reviewed and duplicated, bias must be avoided at all costs. That's the job of the scientific method. It provides an objective, standardized approach to conducting experiments and, in doing so, improves their results. By using a standardized approach in their investigations, scientists can feel confident that they will stick to the facts and limit the influence of personal, preconceived notions. Even with such a rigorous methodology in place, some scientists still make mistakes. For example, they can mistake a hypothesis for an explanation of a phenomenon without performing experiments. Or they can fail to accurately account fo",exact_duplicate|near_duplicate|semantic_duplicate|same_template_different_content|related_but_both_valuable|false_positive|unclear
,shard_00110.parquet:39671,shard_00040.parquet:19775,0.9295488595962524,8599,3374,"Hamlet Summary provides a quick review of the play's plot including every important action in the play. Hamlet Summary is divided by the five acts of the play and is an ideal introduction before reading the original Shakespeare's longest play and the play responsible for the immortal lines ""To be or not to be: that is the question:"" and the advise ""to thine own self be true,"" begins in Denmark with the news that King Hamlet of Denmark has recently died. Denmark is now in a state of high alert and preparing for possible war with Young Fortinbras of Norway. A ghost resembling the late King Hamlet is spotted on a platform before Elsinore Castle in Denmark. King Claudius, who now rules Denmark, has taken King Hamlet's wife, Queen Gertrude as his new wife and Queen of Denmark. King Claudius fearing Young Fortinbras of Norway may invade, has sent ambassadors to Norway to urge the King of Norway to restrain Young Fortinbras. Young Hamlet distrusts King Claudius. The King and Queen do not understand why Hamlet still mourns his father's death over two months ago. In his first soliloquy, Hamlet explains that he does not like his mother marrying the next King of Denmark so quickly within a mo","The play, Hamlet, begins with the news of King Hamlet of Denmark's recent death and Denmark preparing for a possible war with Fortinbras of Norway. A ghost is spotted, resembling the late King, near Elsinore Castle by two guards. King Claudius has married Queen Gertrude, the late King's wife, quickly after the King's death. Polonius warns his daughter, Ophelia, against falling in love with Hamlet, saying he will only break her heart. Hamlet, son of the late King of Denmark, meets the Ghost who reveals he was poisoned by King Claudius, telling him to avenge his death but to not punish the queen. Polonius learns of Ophelia's meeting with Prince Hamlet, who studied her face and promptly left, leaving Polonius to think his odd behavior was because Ophelia rejected him. King Claudius instructs courtiers, Rosencrantz and Guildenstern, to spy on Hamlet, Queen Gertrude believes it is because of her recent marriage and the death of her husband. Hamlet suspects Ophelia is spying on him, so he increases his hostility towards her. Hamlet then creates a play depicting the death of his father, as the Ghost told him, to see if the Ghost's words were true. A mime preceding the play mimics the Ghos",exact_duplicate|near_duplicate|semantic_duplicate|same_template_different_content|related_but_both_valuable|false_positive|unclear
,shard_00076.parquet:26146,shard_00065.parquet:43450,0.9851899147033691,8585,8619,"The history of the United States is large as well as complex, yet can be broken down right into moments and periods that split, linked, and changed the United States into the country it is now. The American flag really did not appear like it does currently. Besides that, it undertook a lot of adjustments and modifications. The American Revolutionary War Enter the American Revolution. Often referred to as the American War of Independence, or the Revolutionary War, it was a dispute which lasted from 1775-1783 and also allowed the initial 13 colonies to remain independent from Great Britain. Beginning in Great Britain in the late 1790s, the Industrial Revolution at some point made its path to the United States as well as changed the focus of the country’s economic climate as well as the means it makes products. These problems developed from growing stress in between residents of Great Britain’s 13 North American colonies and also the colonial government (which stood for the British crown). Efforts by the British government to elevate revenue by collectin tax from the colonies (notably the Stamp Act of 1765, the Townshend Tariffs of 1767 and also the Tea Act of 1773) met with negative","The history of the United States is vast and also complex, but can be broken down into moments and time periods that separated, merged, and changed the United States into the nation it is today. The American flag did not look like it does now. Besides that, it underwent a great deal of adjustments and also modifications. The American Revolutionary War Enter the American Revolution. In some cases described as the American War of Independence, or the Revolutionary War, it was a dispute which lasted from 1775-1783 and also enabled the original 13 colonies to continue to be independent from Great Britain. Beginning in Great Britain in the late 1790s, the Industrial Revolution at some point made its path to the United States and transformed the focus of the country’s economy and the method it produces items. These tensions emerged from expanding tensions in between locals of Great Britain’s 13 North American colonies and also the colonial government (which stood for the British crown). Attempts by the British government to raise earnings by taxing the colonies (especially the Stamp Act of 1765, the Townshend Tariffs of 1767 and also the Tea Act of 1773) met with heated objection amongst",exact_duplicate|near_duplicate|semantic_duplicate|same_template_different_content|related_but_both_valuable|false_positive|unclear
,shard_00158.parquet:39119,shard_00101.parquet:37126,0.9462809562683105,43592,26025,"|Alan Turing | |Birth Name:||Alan Mathison Turing| |Birth Date:||23 June 1912| |Birth Place:||Maida Vale, London, England| |Death Place:||Wilmslow, Cheshire, England| |Residence:||Wilmslow, Cheshire, England| |Field:||Mathematics, cryptanalysis, logic, computer science, mathematical and theoretical biology| |Doctoral Advisor:||Alonzo Church| |Doctoral Students:||Robin Gandy| |Thesis Title:||Systems of Logic Based on Ordinals| Alan Mathison Turing (; 23 June 1912 – 7 June 1954) was a pioneering English computer scientist, mathematician, logician, cryptanalyst and theoretical biologist. He was highly influential in the development of theoretical computer science, providing a formalisation of the concepts of algorithm and computation with the Turing machine, which can be considered a model of a general purpose computer. Turing is widely considered to be the father of theoretical computer science and artificial intelligence. During the Second World War, Turing worked for the Government Code and Cypher School (GC&CS) at Bletchley Park, Britain's codebreaking centre. For a time he led Hut 8, the section responsible for German naval cryptanalysis. He devised a number of techniques for bre","Alan Turing memorial statue in Sackville Park, Manchester |Born||23 June 1912 Maida Vale, London, England |Died||7 June 1954 (aged 41) Wilmslow, Cheshire, England |Fields||Mathematician, logician, cryptanalyst, computer scientist| |Institutions||University of Manchester National Physical Laboratory Government Code and Cypher School University of Cambridge |Alma mater||University of Cambridge |Doctoral advisor||Alonzo Church| |Doctoral students||Robin Gandy| |Known for||Halting problem Cryptanalysis of the Enigma Automatic Computing Engine |Notable awards||Officer of the Order of the British Empire Fellow of the Royal Society Alan Mathison Turing, OBE, FRS (pronounced /ˈtjʊərɪŋ/ TYOOR-ing; 23 June 1912 – 7 June 1954), was an English mathematician, logician, cryptanalyst, and computer scientist. He was influential in the development of computer science and providing a formalisation of the concept of the algorithm and computation with the Turing machine, playing a significant role in the creation of the modern computer. During the Second World War, Turing worked for the Government Code and Cypher School at Bletchley Park, Britain's codebreaking centre. For a time he was head of Hut 8,",exact_duplicate|near_duplicate|semantic_duplicate|same_template_different_content|related_but_both_valuable|false_positive|unclear
,shard_00060.parquet:35285,shard_00013.parquet:31568,0.9696560502052307,2665,2797,"5 March 2013 New research has shown that certain Australian native flowers have shifted away from using insects as pollinators and evolved their flower colour to the red hues favoured by birds. In a study published in New Phytologist, biologists from Monash University and RMIT University have shown for the first time that Australian native flowers exclusively pollinated by birds have evolved colour spectral signatures that are best discriminated by those birds. Dr Adrian Dyer of Monash and RMIT said previous studies had shown that flower colour evolved to attract bees as pollinators. ""We know that some flowers had evolved spectral signatures to suit bee pollinators, but the story for bird-pollinated flowers was not clear,"" Dr Dyer said. Lead author and PhD student Mani Shrestha of the Monash School of Biological Sciences collected spectral data from over 200 flowering plants and identified the pollinators as birds or insects. Then with Associate Professor Martin Burd - also of the School of Biological Sciences - did phylogenetic analyses to identify how the flowers have evolved spectral signatures. ""We found that flowers exclusively pollinated by birds had initially evolved to suit","New research has shown that certain Australian native flowers have shifted away from using insects as pollinators and evolved their flower colour to the red hues favoured by birds. In a study just published in New Phytologist, researchers from RMIT and Monash universities have shown for the first time that Australian native flowers exclusively pollinated by birds have evolved colour spectral signatures that are best discriminated by those birds. Adrian Dyer, Associate Professor of Photography in the RMIT School of Media and Communication, said previous studies had shown that flower colour evolved to attract bees as pollinators. ""We know that some flowers had evolved spectral signatures to suit bee pollinators, but the story for bird-pollinated flowers was not clear,"" he said. Mani Shrestha, lead author and PhD student from the Monash School of Biological Sciences, collected spectral data from more than 200 flowering plants and identified the pollinators as birds or insects. Then with Associate Professor Martin Burd, also from the Monash School of Biological Sciences, Mr Shrestha did phylogenetic analyses to identify how the flowers evolved spectral signatures. (Associate Professors",exact_duplicate|near_duplicate|semantic_duplicate|same_template_different_content|related_but_both_valuable|false_positive|unclear
,shard_00030.parquet:44328,shard_00011.parquet:10735,0.9596759080886841,2437,2382,"Every child loves to play. The best part of childhood is the time that is spent playing. Games are not just for fun, but they also have other benefits. They can be outdoor or indoor, both have their own set of benefits. Let’s discuss the benefits in detail. – Helpful in Learning: The growth and development years of a child are very crucial. The personality they develop also depends on those years. If they participate in games, they use their brains more. This helps them learn new things as they will interact more. They are exposed to new people, mentalities and so on. For example, if a child likes to play Scrabble or word games, it will help them in many ways. It will increase their vocabulary, help them learn new words and so on. – Health Benefits: According to science, any kind of physical activity promotes early brain development and learning in children. Being physically active is helpful in the longer run. It would decrease the chances of having issues with sugar, obesity and so on. Children would understand the value of fitness. – Improves Skills: Children have a large amount of energy. It’s impossible to make them concentrate or just convince them to sit down. If a child is","The best portion of childhood is the time that is spent playing. Games are not just for fun, but they also have other benefits. They may be indoor or outdoor, both have their own set of advantages. Let’s discuss the benefits in detail. – Helpful in Learning: The growth and development years of a child are extremely crucial. The personality they develop also depends on those years. If they engage in games, they use their brains. This helps them learn new things as they will interact more. They’re exposed to new people, mentalities and so on. By way of example, if a kid likes to play Scrabble or word games, then it will assist them in many ways. It will improve their vocabulary, help them learn new words and so on. According to science, any sort of physical activity promotes early brain development and learning in children. Being physically active is useful in the longer term. It would decrease the odds of having problems with glucose, obesity and so on. Children would understand the value of fitness. – Improves Skills: Kids have a massive quantity of energy. It’s impossible to make them focus or just convince them to sit down. If a child is kept busy playing, that energy gets utiliz",exact_duplicate|near_duplicate|semantic_duplicate|same_template_different_content|related_but_both_valuable|false_positive|unclear
,shard_00088.parquet:22113,shard_00121.parquet:43159,0.9879962205886841,16188,24982,"The Arabic Language Arabic is one of the world’s major languages with over 300 million people in various Arab countries who use it as a mother tongue.(1) It is also used extensively as the major language in a non-Arab country, the Central African Republic of Chad, and as a minority language in several other countries, including Afghanistan, Israel (where both Arabic and Hebrew are official languages), Iran, and Nigeria. In 1974, Arabic was adopted as one of the six United Nations official languages, joining Chinese, English, French, Russian and Spanish. Over one billion Muslims in places like India, Indonesia, Pakistan and Tanzania study Arabic as a foreign or second language for liturgical and scholarly use. In the United States, several Muslim and Arab communities employ Arabic in their daily interactions and for religious purposes. History and Development of Arabic Arabic belongs to the Afro-Asiatic (or Hamito-Semitic) family of languages that consists of over three hundred languages, some of which are extinct and some used marginally as liturgical languages. Arabic and Hebrew are the two prime examples of living Semitic languages while Hausa and various dialects of Berber are e","The Arabic Language By Professor Samir Abu-Absi Arabic is one of the world’s major languages with over 300 million people in various Arab countries who use it as a mother tongue.1 It is also used extensively as the major language in a non-Arab country, the Central African Republic of Chad, and as a minority language in several other countries, including Afghanistan, Israel (where both Arabic and Hebrew are official languages), Iran, and Nigeria. In 1974, Arabic was adopted as one of the six United Nations official languages, joining Chinese, English, French, Russian and Spanish. Over one billion Muslims in places like India, Indonesia, Pakistan and Tanzania study Arabic as a foreign or second language for liturgical and scholarly use. In the United States, several Muslim and Arab communities employ Arabic in their daily interactions and for religious purposes. History and Development of Arabic Arabic belongs to the Afro-Asiatic (or Hamito-Semitic) family of languages that consists of over three hundred languages, some of which are extinct and some used marginally as liturgical languages. Arabic and Hebrew are the two prime examples of living Semitic languages while Hausa and variou",exact_duplicate|near_duplicate|semantic_duplicate|same_template_different_content|related_but_both_valuable|false_positive|unclear
,shard_00082.parquet:36364,shard_00049.parquet:27343,1.0000004768371582,2671,2671,"Studying Political Science is as beneficial and valuable as taking an English language course such as the bakırköy ingilizce kursu. The know-how gained in taking Political Science is fundamental and worthwhile to the leader and the governed. Here are a few significance of learning Political Science: Knowledge Regarding the State is Conveyed The major objective of studying Political Science is to impart and instill knowledge regarding the State, its beginning, nature, organization, structure as well as its functions. Knowledge regarding the State is of massive worth to the people of today. Knowledge Regarding the Government and Administration is Imparted The political leaders, bureaucrats and diplomats, who run and handle the undertakings of the State, likewise require having a healthy knowledge and comprehension of Political Science to facilitate in carrying out their roles with proficiency and competence. Without knowledge and understanding regarding Political Science, political leaders may be destined for letdown. The philosophies and standards instituted in the academics in political science are of immense value and usefulness to all the administrators, legislators, judges and o","Studying Political Science is as beneficial and valuable as taking an English language course such as the bakırköy ingilizce kursu. The know-how gained in taking Political Science is fundamental and worthwhile to the leader and the governed. Here are a few significance of learning Political Science: Knowledge Regarding the State is Conveyed The major objective of studying Political Science is to impart and instill knowledge regarding the State, its beginning, nature, organization, structure as well as its functions. Knowledge regarding the State is of massive worth to the people of today. Knowledge Regarding the Government and Administration is Imparted The political leaders, bureaucrats and diplomats, who run and handle the undertakings of the State, likewise require having a healthy knowledge and comprehension of Political Science to facilitate in carrying out their roles with proficiency and competence. Without knowledge and understanding regarding Political Science, political leaders may be destined for letdown. The philosophies and standards instituted in the academics in political science are of immense value and usefulness to all the administrators, legislators, judges and o",exact_duplicate|near_duplicate|semantic_duplicate|same_template_different_content|related_but_both_valuable|false_positive|unclear
,shard_00021.parquet:28146,shard_00051.parquet:37382,1.0000004768371582,679,679,"What is it? A tympanogram measures the movement of the eardrum or tympanic membrane. It also provides information on the condition of the middle ear and conduction between the bones in the inner ear. Why do I need it? Your doctor may order a tympanogram to evaluate for ear infections, hearing loss or fluid in the middle ear. In children, it is useful to determine whether ear infections have completely resolved. How is it done? A small probe that looks similar to an ear thermometer is placed in the entrance to the ear canal. You will hear a sound as the pressure changes within the ear. It is a painless test that takes less than a minute. Results are immediately available.","What is it? A tympanogram measures the movement of the eardrum or tympanic membrane. It also provides information on the condition of the middle ear and conduction between the bones in the inner ear. Why do I need it? Your doctor may order a tympanogram to evaluate for ear infections, hearing loss or fluid in the middle ear. In children, it is useful to determine whether ear infections have completely resolved. How is it done? A small probe that looks similar to an ear thermometer is placed in the entrance to the ear canal. You will hear a sound as the pressure changes within the ear. It is a painless test that takes less than a minute. Results are immediately available.",exact_duplicate|near_duplicate|semantic_duplicate|same_template_different_content|related_but_both_valuable|false_positive|unclear
,shard_00039.parquet:36068,shard_00102.parquet:9238,0.9714508652687073,9191,6627,"A Greek–English Lexicon is a standard lexicographical work of the Ancient Greek language. Liddell and Scott's lexicon The lexicon was begun in the nineteenth century and is now in its ninth (revised) edition. Based on the earlier Handwörterbuch der griechischen Sprache by the German lexicographer Franz Passow (first published in 1819, fourth edition 1831), which in turn was based on Johann Gottlob Schneider's Kritisches griechisch-deutsches Handwörterbuch, it has served as the basis for all later lexicographical work on the ancient Greek language, such as the ongoing Greek–Spanish dictionary project Diccionario Griego–Español (DGE). It was edited by Robert Scott, Henry Stuart Jones and Roderick McKenzie, and published by the Oxford University Press. It is now conventionally referred to as Liddell & Scott, Liddell–Scott–Jones, or LSJ, and its three sizes are sometimes referred to as ""The Little Liddell"", ""The Middle Liddell"" and ""The Big Liddell"" or ""The Great Scott"". According to Stuart Jones's preface to the ninth (1925) edition, the creation of the Lexicon was originally proposed by David Alphonso Talboys, an Oxford publisher. It was apparently published by the Clarendon Press at","|Author||Henry George Liddell, Robert Scott, Henry Stuart Jones, and Roderick McKenzie| |Published||1843 (Oxford University Press)| |Media type||Print (Hardcover)| |LC Class||PA445.E5 L6 1996| The lexicon was begun in the nineteenth century and is now in its ninth (revised) edition. Based on the earlier Handwörterbuch der griechischen Sprache by the German lexicographer Franz Passow (first published in 1819, fourth edition 1831), which in turn was based on Johann Gottlob Schneider's Kritisches griechisch-deutsches Handwörterbuch, it has served as the basis for all later lexicographical work on the ancient Greek language, such as the ongoing Greek-Spanish dictionary project Diccionario Griego-Español (DGE). It was edited by Henry George Liddell, Robert Scott, Henry Stuart Jones and Roderick McKenzie, and published by the Oxford University Press. It is now conventionally referred to as Liddell & Scott, Liddell-Scott-Jones, or LSJ, and its three sizes are sometimes referred to as ""The Little Liddell"", ""The Middle Liddell"" and ""The Big Liddell"" or ""The Great Scott"". According to Stuart Jones's preface to the ninth (1925) edition, the creation of the Lexicon was originally proposed by D",exact_duplicate|near_duplicate|semantic_duplicate|same_template_different_content|related_but_both_valuable|false_positive|unclear
,shard_00086.parquet:31491,shard_00101.parquet:52439,1.0000003576278687,1220,1220,"Hurricane Resources and Opportunities for K-12 Educators In the Wake of the Hurricane, 5-12th grade The In the Wake of the Hurricane unit is an effort by Louisiana Voices to provide 5-12th grade teachers with materials that can assist them and their students in coping with the aftermath of Hurricane Katrina and Hurricane Rita. The unit involves teaching students to interview each other, community members, and family members about the experiences of the hurricanes and their aftermath. The activities are designed to allow teachers great flexibility and easy to use. In the Wake of the Hurricanes Unit Activity (the entire packet) Art Lesson Plans Working with Denise Tullier-Holly who is an Art educator at the Southeastern Louisiana University Laboratory School in Hammond, we are able to provide three art lesson plans and sample work. These are outstanding lessons that can also assist you in working with your students on this important topic. Resources about Recovery Managing Traumatic Stress: Tips for Recovering From Natural Disasters The Aftermath of Katrina: Helping the Children A Coloring Book After the Hurricane: For Children and Their Parents or Helpers Reactions of Children and A","Hurricane Resources and Opportunities for K-12 Educators In the Wake of the Hurricane, 5-12th grade The In the Wake of the Hurricane unit is an effort by Louisiana Voices to provide 5-12th grade teachers with materials that can assist them and their students in coping with the aftermath of Hurricane Katrina and Hurricane Rita. The unit involves teaching students to interview each other, community members, and family members about the experiences of the hurricanes and their aftermath. The activities are designed to allow teachers great flexibility and easy to use. In the Wake of the Hurricanes Unit Activity (the entire packet) Art Lesson Plans Working with Denise Tullier-Holly who is an Art educator at the Southeastern Louisiana University Laboratory School in Hammond, we are able to provide three art lesson plans and sample work. These are outstanding lessons that can also assist you in working with your students on this important topic. Resources about Recovery Managing Traumatic Stress: Tips for Recovering From Natural Disasters The Aftermath of Katrina: Helping the Children A Coloring Book After the Hurricane: For Children and Their Parents or Helpers Reactions of Children and A",exact_duplicate|near_duplicate|semantic_duplicate|same_template_different_content|related_but_both_valuable|false_positive|unclear
,shard_00052.parquet:50038,shard_00164.parquet:50257,0.9105264544487,12306,9615,"The Common Core State Standards Initiative, more commonly called “The Common Core,” has ignited a national conversation about educational standards in the United States. After several years of development, a final version of the Common Core State Standards for English language arts/literacy and mathematics has been adopted by more than 40 states and implementation has begun across the country. The work of training local educators and administrators to align their teaching methods to the new standards and tests has proved difficult, however. Several states have delayed implementation of the standards, and national leaders have voiced concerns about the best ways to support the major shifts required by this new initiative. Whether you’re a parent, teacher, administrator or education activist, the key to an informed stance on Common Core is to learn as much as you can about the initiative’s origins, as well as the varying sides of the debate. Use the following links to navigate our introductory guide to the Common Core State Standards initiative: - Common Core 101: how the Common Core started - Shift in standards, shift in philosophy: research-based or “lowest common denominator”? - G","The Common Core is a big change for public schools, but most Americans know little about it. Learn what Common Core is, where it came from, and why it’s become so controversial. The Common Core stems from a school reform movement that started in the 1980s. Back in 1983, President Ronald Reagan’s National Commission on Excellence in Education published an influential report called A Nation at Risk. It warned of a “rising tide of mediocrity” in American public schools and asserted that the nation was failing to meet the need for a highly-trained, competitive workforce. The report touched off a wave of school reform efforts focused on setting new expectations — or standards — for what students should learn in school. Being promoted ought to mean more or less the same thing in California as in New York The job of setting educational standards was left to the states. There is a strong tradition of local control of education in America. In fact, the federal government is prohibited by law from directing, supervising or controlling curriculum or instruction in public schools. So it was up to each state to decide what their students should learn. This led to 50 different sets of standards.",exact_duplicate|near_duplicate|semantic_duplicate|same_template_different_content|related_but_both_valuable|false_positive|unclear
,shard_00032.parquet:46847,shard_00076.parquet:6955,0.9999998807907104,548,548,"Part of Poverty: 1. Christian Poverty Poverty is a lack of the means of subsistence (food, clothing, shelter, and so on). But besides privations of this kind, poverty also connotes helplessness when faced with the demands of life : ignorance, weakness, bondage, isolation, defencelessness against injustice. Such poverty is more or less relative. The most radical experience of poverty is the absolute destitution of death. 1. Scripture. Revelation gives poverty its full meaning both as inescapable distress which opens a man for God, and as the …","Part of Poverty: 1. Christian Poverty Poverty is a lack of the means of subsistence (food, clothing, shelter, and so on). But besides privations of this kind, poverty also connotes helplessness when faced with the demands of life : ignorance, weakness, bondage, isolation, defencelessness against injustice. Such poverty is more or less relative. The most radical experience of poverty is the absolute destitution of death. 1. Scripture. Revelation gives poverty its full meaning both as inescapable distress which opens a man for God, and as the …",exact_duplicate|near_duplicate|semantic_duplicate|same_template_different_content|related_but_both_valuable|false_positive|unclear
,shard_00058.parquet:33596,shard_00028.parquet:32694,0.9642553329467773,7546,5722,"India Table of Contents About 80 percent of all Indians--nearly 750 million people based on 1995 population estimates--speak one of the Indo-Aryan group of languages. Persian and the languages of Afghanistan are close relatives, belonging, like the Indo-Aryan languages, to the Indo-Iranian branch of the Indo-European family. Brought into India from the northwest during the second millennium B.C., the Indo-Aryan tongues spread throughout the north, gradually displacing the earlier languages of the area. Modern linguistic knowledge of this process of assimilation comes through the Sanskrit language employed in the sacred literature known as the Vedas (see The Vedas and Polytheism, ch. 3). Over a period of centuries, Indo-Aryan languages came to predominate in the northern and central portions of South Asia (see Antecedents, ch. 1). As Indo-Aryan speakers spread across northern and central India, their languages experienced constant change and development. By about 500 B.C., Prakrits, or ""common"" forms of speech, were widespread throughout the north. By about the same time, the ""sacred,"" ""polished,"" or ""pure"" tongue--Sanskrit--used in religious rites had also developed along independe","Languages of India About 80 percent of all Indians--nearly 750 million people based on 1995 population estimates--speak one of the Indo-Aryan group of languages. Persian and the languages of Afghanistan are close relatives, belonging, like the Indo-Aryan languages, to the Indo-Iranian branch of the Indo-European family. Brought into India from the northwest during the second millennium B.C., the Indo-Aryan tongues spread throughout the north, gradually displacing the earlier languages of the area. Modern linguistic knowledge of this process of assimilation comes through the Sanskrit language employed in the sacred literature known as the Vedas (see The Vedas and Polytheism, ch. 3). Over a period of centuries, Indo-Aryan languages came to predominate in the northern and central portions of South Asia (see Antecedents, ch. 1). As Indo-Aryan speakers spread across northern and central India, their languages experienced constant change and development. By about 500 B.C., Prakrits, or ""common"" forms of speech, were widespread throughout the north. By about the same time, the ""sacred,"" ""polished,"" or ""pure"" tongue--Sanskrit--used in religious rites had also developed along independent li",exact_duplicate|near_duplicate|semantic_duplicate|same_template_different_content|related_but_both_valuable|false_positive|unclear
,shard_00115.parquet:41675,shard_00169.parquet:7251,0.9964036345481873,2454,2430,"Critical reading is a vital skill for anyone who seeks in-depth knowledge of a subject and who wants to become an expert in a particular field. Critical reading means that the reader does not take things at face value, but actually engages in a text by asking questions and analyzing it. The ability to read critically means the difference between recognizing the words written in the text and understanding their meaning and importance. Critical reading is very important for students as numerous careers require this skill. The ability to read critically helps to get into college and move on in the career after graduation. Most important standardized tests include sections on critical reading. Read it Several Times A single look through the text is usually not enough to read the article critically. Depending on how long and complex the article is, you may need read it for a couple of times or read it more slowly to actually understand the flow of writer’s mind. So, what you need is to take some time and read the text slowly and methodically and repeat reading if it is needed to ensure you understand it thoroughly. Each time, when you are reading the article, you will understand somethi","Critical reading is a vital skill for anyone who seeks in-depth knowledge of a subject and who wants to become an expert in a particular field. Critical reading means that the reader does not take things at face value, but actually engages in a text by asking questions and analyzing it. The ability to read critically means the difference between recognizing the words written in the text and understanding their meaning and importance. Critical reading is very important for students as numerous careers require this skill. The ability to read critically helps to get into college and move on in the career after graduation. Most important standardized tests include sections on critical reading. Read it Several Times A single look through the text is usually not enough to read the article critically. Depending on how long and complex the article is, you may need read it for a couple of times or read it more slowly to actually understand the flow of writer’s mind. So, what you need is to take some time and read the text slowly and methodically and repeat reading if it is needed to ensure you understand it thoroughly. Each time, when you are reading the article, you will understand somethi",exact_duplicate|near_duplicate|semantic_duplicate|same_template_different_content|related_but_both_valuable|false_positive|unclear
,shard_00148.parquet:45027,shard_00136.parquet:28159,0.9910816550254822,8556,8695,"1911 Encyclopædia Britannica/Door DOOR (corresponding to the Gr. θύρα, Lat. fores or valvae; the English word, with other forms common in allied languages, comes from the same Indo-European stem as the Gr. θύρα and Lat. fores), in architecture, the slab, flap or leaf forming the enclosure of a doorway (q.v.), either in wood, metal or stone. The earliest records are those represented in the paintings of the Egyptian tombs, in which they are shown as single or double doors, each in a single piece of wood. In Egypt, where the climate is intensely dry, there would be no fear of their warping, but in other countries it would be necessary to frame them, which according to Vitruvius (iv. 6.) was done with stiles (scapi) and rails (impages): the spaces enclosed being filled with panels (tympana) let into grooves made in the stiles and rails. The stiles were the vertical boards, one of which, tenoned or hinged, is known as the hanging stile, the other as the middle or meeting stile. The horizontal cross pieces are the top rail, bottom rail, and middle or intermediate rails. The most ancient doors were in timber, those made for King Solomon’s temple being in olive wood (1 Kings vi. 31-35), w","1911 Encyclopædia Britannica/Door |←Doon de Mayence||1911 Encyclopædia Britannica, Volume 8 |See also Door on Wikipedia; and our 1911 Encyclopædia Britannica disclaimer.| DOOR (corresponding to the Gr. θύρα, Lat. fores or valvae; the English word, with other forms common in allied languages, comes from the same Indo-European stem as the Gr. θύρα and Lat. fores), in architecture, the slab, flap or leaf forming the enclosure of a doorway (q.v.), either in wood, metal or stone. The earliest records are those represented in the paintings of the Egyptian tombs, in which they are shown as single or double doors, each in a single piece of wood. In Egypt, where the climate is intensely dry, there would be no fear of their warping, but in other countries it would be necessary to frame them, which according to Vitruvius (iv. 6.) was done with stiles (scapi) and rails (impages): the spaces enclosed being filled with panels (tympana) let into grooves made in the stiles and rails. The stiles were the vertical boards, one of which, tenoned or hinged, is known as the hanging stile, the other as the middle or meeting stile. The horizontal cross pieces are the top rail, bottom rail, and middle or i",exact_duplicate|near_duplicate|semantic_duplicate|same_template_different_content|related_but_both_valuable|false_positive|unclear
,shard_00061.parquet:27050,shard_00123.parquet:49917,1.0000003576278687,2132,2132,"In the context of question field, for my comprehension and the readers understanding, I would bid to begin with some useful definitions like, what is a strategy in research; method; worldviews assumptions; and research protrude, which atomic number 18 to me the most confuse terms as they can be used interchangeably. Strategies ar procedures of interrogative. Research methods are the forms of data collection, analysis, and interpretation that investigators propose for their studies. Worldview assumptions are general orientation and the nature of the research that a researcher holds, for example, postpositivism, advocacy, pragmatism and so on. Research visualizes are plans and the procedures to conduct research (Creswell, 2009) for instance if a researcher plans to conduct a qualitative, denary or a mixed methods research. However, strategies of inquiry or approaches to inquiry are also types of qualitative, quantitative and mixed methods designs or models that nominate direction for procedures in a research design correspond to Creswell (2007) or research methodologies as Merten (1998) stated. I believe, it cannot be more than confusing than this. Anyhow, the focus of this paper is","In the context of question field, for my comprehension and the readers understanding, I would bid to begin with some useful definitions like, what is a strategy in research; method; worldviews assumptions; and research protrude, which atomic number 18 to me the most confuse terms as they can be used interchangeably. Strategies ar procedures of interrogative. Research methods are the forms of data collection, analysis, and interpretation that investigators propose for their studies. Worldview assumptions are general orientation and the nature of the research that a researcher holds, for example, postpositivism, advocacy, pragmatism and so on. Research visualizes are plans and the procedures to conduct research (Creswell, 2009) for instance if a researcher plans to conduct a qualitative, denary or a mixed methods research. However, strategies of inquiry or approaches to inquiry are also types of qualitative, quantitative and mixed methods designs or models that nominate direction for procedures in a research design correspond to Creswell (2007) or research methodologies as Merten (1998) stated. I believe, it cannot be more than confusing than this. Anyhow, the focus of this paper is",exact_duplicate|near_duplicate|semantic_duplicate|same_template_different_content|related_but_both_valuable|false_positive|unclear
,shard_00046.parquet:4937,shard_00099.parquet:13299,0.9842653870582581,2406,2309,"Latest Virginia Tech tests show water in Flint is improving, but still not safe without a filter New tests from the team at Virginia Tech show Flint’s water is “highly variable” and still not safe to drink without a filter. Marc Edwards says tests done last month show Flint’s water is still above the federal action level for lead. More from their press release: Thus, virtually all homes in Flint must be considered at risk, at the present time, for elevated lead in water, unless the homeowner is certain that there is no lead plumbing (i.e., lead service line, leaded brass, or lead solder) in the home. This means that homes that may have tested very low for water lead in past sampling efforts, must be considered at risk for high lead in water—the advice to use bottled or filtered water, applies to all homes, regardless of past testing results. Virginia Tech's research is the only test that is a ""before and after"" look at the water system. The team tested 269 homes last year to show the city had a problem while the city was using the Flint River as its water source. After the city switched back to Lake Huron water from Detroit, the team tried to retest those same homes and received 17","New tests from the team at Virginia Tech show Flint’s water is “highly variable” and still not safe to drink without a filter. Marc Edwards says tests done last month show Flint’s water is still above the federal action level for lead. More from their press release: Thus, virtually all homes in Flint must be considered at risk, at the present time, for elevated lead in water, unless the homeowner is certain that there is no lead plumbing (i.e., lead service line, leaded brass, or lead solder) in the home. This means that homes that may have tested very low for water lead in past sampling efforts, must be considered at risk for high lead in water—the advice to use bottled or filtered water, applies to all homes, regardless of past testing results. Virginia Tech's research is the only test that is a ""before and after"" look at the water system. The team tested 269 homes last year to show the city had a problem while the city was using the Flint River as its water source. After the city switched back to Lake Huron water from Detroit, the team tried to retest those same homes and received 174 samples. Comparing those results, the team found that the 90th percentile lead level did go dow",exact_duplicate|near_duplicate|semantic_duplicate|same_template_different_content|related_but_both_valuable|false_positive|unclear
,shard_00060.parquet:15533,shard_00081.parquet:25240,0.999999463558197,3035,3035,"Are You Sure You've Got Hay Allergic rhinitis, otherwise known as hay fever, strikes about 7.8% of people in the US over the age of 18 years, and about 10%-30% of people worldwide. It is an allergy to pollen and dust that causes itchy and inflamed mucous membranes of the eyes and nose. A runny nose as well as watery eyes are a common manifestation of this irritating condition. Hay fever itself is generally not dangerous, but it can trigger allergic asthma if it continues untreated. Hay fever is commonly confused with other conditions, so it is best to make a visit to your physician if you are unsure whether your symptoms are from hay fever or something else. The common cold is often hard to distinguish from hay fever. Both can give similar symptoms. Sneezing, a runny nose, and coughing can all be caused by both colds and hay fever. They are brought on by different reasons, however. Cold symptoms happen when your body launches an attack against an invading virus. Colds are contagious and you can get them from being around others who have the virus, whereas allergies are not contagious and you cannot “catch” allergies from another individual. Hay fever is caused by an overactive immu","Are You Sure You've Got Hay Allergic rhinitis, otherwise known as hay fever, strikes about 7.8% of people in the US over the age of 18 years, and about 10%-30% of people worldwide. It is an allergy to pollen and dust that causes itchy and inflamed mucous membranes of the eyes and nose. A runny nose as well as watery eyes are a common manifestation of this irritating condition. Hay fever itself is generally not dangerous, but it can trigger allergic asthma if it continues untreated. Hay fever is commonly confused with other conditions, so it is best to make a visit to your physician if you are unsure whether your symptoms are from hay fever or something else. The common cold is often hard to distinguish from hay fever. Both can give similar symptoms. Sneezing, a runny nose, and coughing can all be caused by both colds and hay fever. They are brought on by different reasons, however. Cold symptoms happen when your body launches an attack against an invading virus. Colds are contagious and you can get them from being around others who have the virus, whereas allergies are not contagious and you cannot “catch” allergies from another individual. Hay fever is caused by an overactive immu",exact_duplicate|near_duplicate|semantic_duplicate|same_template_different_content|related_but_both_valuable|false_positive|unclear
,shard_00144.parquet:1236,shard_00153.parquet:15270,1.0000008344650269,4245,4245,"What is Vitamin C? Vitamin C (or ascorbic acid) is probably one of the most famous of the water soluble vitamins. It serves some vital functions such as being involved in the synthesis of collagen (the glue that holds your cells together, needed for healing and repair of tissue), L-carnitine (a well-known fat metaboliser), and some neuro-transmitters. Vitamin C is also a good antioxidant, and is needed for protein metabolism. So long story short, if you're low on vitamin C, you can forget about making any gains. Where Does Vitamin C Come From? Good sources of vitamin C include fruits and vegetables, especially citrus fruits. Orange juice is probably the best known source of vitamin C. But other good sources include red pepper, kiwi fruit, and broccoli. Vitamin C Benefits As mentioned above, vitamin C is important for a range of functions in the body. Many of these are important for day to day life, but some are relevant to bodybuilding. Vitamin C Benefits for Recovery During exercise, large amounts of free radicals are synthesised and contribute to cell and muscle damage. It is thought that antioxidants such as vitamin C may play a role in protecting cells from oxidative damage. Th","What is Vitamin C? Vitamin C (or ascorbic acid) is probably one of the most famous of the water soluble vitamins. It serves some vital functions such as being involved in the synthesis of collagen (the glue that holds your cells together, needed for healing and repair of tissue), L-carnitine (a well-known fat metaboliser), and some neuro-transmitters. Vitamin C is also a good antioxidant, and is needed for protein metabolism. So long story short, if you're low on vitamin C, you can forget about making any gains. Where Does Vitamin C Come From? Good sources of vitamin C include fruits and vegetables, especially citrus fruits. Orange juice is probably the best known source of vitamin C. But other good sources include red pepper, kiwi fruit, and broccoli. Vitamin C Benefits As mentioned above, vitamin C is important for a range of functions in the body. Many of these are important for day to day life, but some are relevant to bodybuilding. Vitamin C Benefits for Recovery During exercise, large amounts of free radicals are synthesised and contribute to cell and muscle damage. It is thought that antioxidants such as vitamin C may play a role in protecting cells from oxidative damage. Th",exact_duplicate|near_duplicate|semantic_duplicate|same_template_different_content|related_but_both_valuable|false_positive|unclear
,shard_00133.parquet:5279,shard_00104.parquet:10773,0.9173656702041626,3703,2047,"Older individuals who have apathy - a lack of interest or emotion - are more likely to have smaller brain volumes than people who are not apathetic, according to new research published in the journal Neurology. The research team, including Lenore J. Launer, PhD, of the National Institute on Aging at the National Institutes of Health (NIH) in Bethesda, MD, says that past research has indicated a relationship between depression later in life and white matter lesions (WML) - small areas of dead cells - on the brain. In individuals with cognitive impairment and Alzheimer's disease, apathy has been associated with increased WMLs in the frontal lobe of the brain, as well as atrophy - a reduction in brain size. This prompted the researchers to wonder whether apathy contributes to such brain changes in people without dementia or depression. ""It remains unclear whether apathy is related to atrophy and WMLs in older persons without dementia,"" the study authors write. ""Because apathy differs in prognosis and pharmacologic treatment and can occur independent of depression, it is important to distinguish apathy from late-life depression."" For their study, the team analyzed 4,354 people without","Older people who have apathy but not depression may have smaller brain volumes than those without apathy. This is according to a new study published in the April 16, 2014, online issue of Neurology Â®, the medical journal of the American Academy of Neurology. Apathy is a lack of interest or emotion. ""Just as signs of memory loss may signal brain changes related to brain disease, apathy may indicate underlying changes,"" said Lenore J. Launer, PhD, with the National Institute on Aging at the National Institutes of Health (NIH) in Bethesda, MD, and a member of the American Academy of Neurology. ""Apathy symptoms are common in older people without dementia. And the fact that participants in our study had apathy without depression should turn our attention to how apathy alone could indicate brain disease."" Launer's team used brain volume as a measure of accelerated brain aging. Brain volume losses occur during normal aging, but in this study, larger amounts of brain volume loss could indicate brain diseases. For the study, 4,354 people without dementia and with an average age of 76 underwent an MRI scan. They were also asked questions that measure apathy symptoms, which include lack of i",exact_duplicate|near_duplicate|semantic_duplicate|same_template_different_content|related_but_both_valuable|false_positive|unclear
,shard_00056.parquet:39878,shard_00101.parquet:28044,0.9142952561378479,2488,3768,"Caffeine stirs our memory Forget-me-not A jolt of caffeine can boost memory, according to a recent study that provides a scientific motive for students slurping coffee, tea or energy drinks when cramming for exams. A team at Johns Hopkins University in Baltimore, Maryland, found that caffeine enhances certain memories for at least a day after they were formed. Evidence for caffeine as a memory booster has been anecdotal until now. This is because the process of registering memories - say, reading a book ahead of an exam - may happen in conditions where the person is eager to absorb and retain information. This makes it hard to distinguish between someone's natural alertness and that derived from caffeine. To strip out this confounding factor, a team led by Michael Yassa, an assistant professor of psychological and brain science, tried a different tack. They asked 73 volunteers to look at images of a number of objects - for instance, a plant, a basket, a saxophone, or a seahorse. Afterwards, half of the group were given a 200 milligram dose of caffeine - roughly equivalent to two cups of strong espresso - and the others a dummy pill known as a placebo. Saliva samples were taken one,","Students take heed... A double espresso shot after swotting for an exam might help to jog those elusive memories, new research suggests. Scientists have found the first clear evidence of caffeine's memory-boosting effect, and shown that it lasts at least 24 hours. Volunteers took part in a double-blind trial in which they were either given a 200 milligram caffeine pill or dummy placebo tablet five minutes after studying a series of images. Tests a day later proved that the memory of those who took caffeine had been enhanced at a deep level. The amount of caffeine used was roughly equivalent to a double shot of strong espresso coffee. US lead researcher Dr Michael Yassa, assistant professor of psychological and brain sciences at Johns Hopkins University in Baltimore, said: ""We've always known that caffeine has cognitive-enhancing effects, but its particular effects on strengthening memories and making them resistant to forgetting has never been examined in detail in humans. ""We report for the first time a specific effect of caffeine on reducing forgetting over 24 hours."" More than 100 participants took part in the study, none of whom were regular users of caffeinated products. Befor",exact_duplicate|near_duplicate|semantic_duplicate|same_template_different_content|related_but_both_valuable|false_positive|unclear
,shard_00054.parquet:20479,shard_00002.parquet:21200,0.9999993443489075,2939,2939,"To model the expectations, my explanation for the changing views of war was done with Docs Story Builder. I framed it as a fictional, yet plausible, dialogue among three of their favorite teachers. Using Open Educational Resources (OER) This idea all started when I realized that my students needed to build Web literacy skills, and I wasn't designing activities that supported this need. Since the next lesson was about World War I, I decided to use one of the Library of Congress exhibits that compiled firsthand accounts from soldiers in the trenches. Students chose two memoirs and made a list of facts and opinions from the first page(s) of each. The notes were analyzed for similarities and differences to provide some inspiration for a fictional, plausible dialogue. Here's my list of resources. If you know of any that you think should be on the list, add the link to the comments below and I'll check it out. Like many Google Apps, Story Builder is intuitive and provides enough explanation to get in and out of trouble. As I mentioned above, the process can be frustrating. Planning the dialogue in advance is advised, which is a routine our students should practice, anyway. The business e","To model the expectations, my explanation for the changing views of war was done with Docs Story Builder. I framed it as a fictional, yet plausible, dialogue among three of their favorite teachers. Using Open Educational Resources (OER) This idea all started when I realized that my students needed to build Web literacy skills, and I wasn't designing activities that supported this need. Since the next lesson was about World War I, I decided to use one of the Library of Congress exhibits that compiled firsthand accounts from soldiers in the trenches. Students chose two memoirs and made a list of facts and opinions from the first page(s) of each. The notes were analyzed for similarities and differences to provide some inspiration for a fictional, plausible dialogue. Here's my list of resources. If you know of any that you think should be on the list, add the link to the comments below and I'll check it out. Like many Google Apps, Story Builder is intuitive and provides enough explanation to get in and out of trouble. As I mentioned above, the process can be frustrating. Planning the dialogue in advance is advised, which is a routine our students should practice, anyway. The business e",exact_duplicate|near_duplicate|semantic_duplicate|same_template_different_content|related_but_both_valuable|false_positive|unclear
,shard_00014.parquet:33707,shard_00112.parquet:17699,0.9999997615814209,4914,4914,"“The Seven Iron Slippers” is a Portugese tale similar to the Twelve Dancing Princesses. It was told by Consiglieri Pedrosoin in Portugese Folk-Tales, 1882. A king had one daughter. Every evening, the princess wore out seven pairs of iron slippers, and the king couldn’t figure out how this happened. He issued a decree issued a decree, that whoever found out how the princess wore out the shoes would be given the princess in marriage if it was a man or a prince if it was a woman. I like the equal opportunity here. Meanwhile, a soldier was wandering around the countryside and tricked people out of a cap that could turn him invisible and a pair of boots that could take him wherever he told them too. He had the boots take him to the city where he heard about the king’s challenge. He figured that he could find out what the princess was up to with the help of his cap and boots. He met with the king who gave him three days to figure out the mystery. If he hadn’t by the end of that time, he would be put to death. The soldier accepted. He slept that night in the princesses room, but she gave him a drink before bed which contained a sleeping draught, so he slept through the whole night and did","“The Seven Iron Slippers” is a Portugese tale similar to the Twelve Dancing Princesses. It was told by Consiglieri Pedrosoin in Portugese Folk-Tales, 1882. A king had one daughter. Every evening, the princess wore out seven pairs of iron slippers, and the king couldn’t figure out how this happened. He issued a decree issued a decree, that whoever found out how the princess wore out the shoes would be given the princess in marriage if it was a man or a prince if it was a woman. I like the equal opportunity here. Meanwhile, a soldier was wandering around the countryside and tricked people out of a cap that could turn him invisible and a pair of boots that could take him wherever he told them too. He had the boots take him to the city where he heard about the king’s challenge. He figured that he could find out what the princess was up to with the help of his cap and boots. He met with the king who gave him three days to figure out the mystery. If he hadn’t by the end of that time, he would be put to death. The soldier accepted. He slept that night in the princesses room, but she gave him a drink before bed which contained a sleeping draught, so he slept through the whole night and did",exact_duplicate|near_duplicate|semantic_duplicate|same_template_different_content|related_but_both_valuable|false_positive|unclear
,shard_00165.parquet:43310,shard_00086.parquet:39381,0.9123966097831726,2313,1197,"Very interesting, if only as a diagnostic tool so far – they don’t have a therapeutic application of this yet. But the research does suggest there’s a lot more to be discovered out there beyond the horizon of the research we’ve done yet. And a reliable diagnostic tool may imply or suggest new therapies – as well as be useful for testing the effectiveness of other therapies. Here’s a link to the CBC news story: Clinically depressed people’s performance in a 3-D video game suggests a part of their brain responsible for spatial memory does not function correctly, U.S. researchers have found. Spatial memory tells the brain where objects are located and their orientation. Scientists at the U.S. National Institute of Mental Health investigating the link between depression and the hippocampus — the centre of memory — found clinically depressed individuals asked to navigate a video game’s 3-D virtual reality environment did poorly when compared to mentally healthy individuals. The results of the study, led by NIMH researcher Neda Gould and published in the American Journal of Psychiatry, indicate the hippocampus does not work normally in a depressed person’s brain. Earlier studies have sho","Scientists at the U.S. National Institute of Mental Health have found that clinically depressed people's performance in a 3-D video game suggests spatial memory, which tells the brain where objects are located and their orientation, does not function correctly. When investigating the link between depression and the hippocampus (the centre of memory), U.S. researchers found clinically depressed individuals asked to navigate a video game's 3-D virtual reality environment did poorly when compared to mentally healthy individuals. The study, led by NIMH researcher Neda Gould and published in the American Journal of Psychiatry, looked at 30 depressed patients and 19 people without a mood disorder. The scientists had previously given the same people a two-dimensional memory test but the two-dimensional test couldn't show the differences in spatial memory that were captured by the 3-D video game. The game they used was developed by scientists at the University College of London in England. The results suggest the game is a superior tool to provide ""a consistent, sensitive measure of cognitive deficits in patients with affective disorders,"" Gould wrote in the study. News source: CBC News",exact_duplicate|near_duplicate|semantic_duplicate|same_template_different_content|related_but_both_valuable|false_positive|unclear
,shard_00007.parquet:15713,shard_00163.parquet:2024,0.9998348951339722,10615,10557,"Back in 2012, the financier George Soros and the head of one of the world’s largest anti-poverty NGOs, Fazle Hasan Abed, pointed out in the Financial Times that, despite the Great Recession, the number of people living in extreme poverty had dropped in every region of the world for the first time since record-keeping had begun. That story—and many others concerning measurable declines in poverty and economic inequality as more people participate in global markets—is often given short shrift these days. Such developments don’t fit the populist narratives that sometimes obfuscate discussion of such matters. Soros and Abed, however, then argued that the road out of poverty was fundamentally compromised by the absence of the rule of law in many developing countries. “Poverty,” they claimed, “will only be defeated when the law works for everyone.” If that’s true, then countries like China and India, which have taken hundreds of millions out of poverty in recent decades but rank relatively low on virtually every rule of law index, still face significant challenges. The wider background to this growing attentiveness to the rule of law’s significance in diminishing poverty is a realization","Back in 2012, the financier George Soros and the head of one of the world’s largest anti-poverty NGOs, Fazle Hasan Abed, pointed out in the Financial Times that, despite the Great Recession, the number of people living in extreme poverty had dropped in every region of the world for the first time since record-keeping had begun. That story—and many others concerning measurable declines in poverty and economic inequality as more people participate in global markets—is often given short shrift these days. Such developments don’t fit the populist narratives that sometimes obfuscate discussion of such matters. Soros and Abed, however, then argued that the road out of poverty was fundamentally compromised by the absence of the rule of law in many developing countries. “Poverty,” they claimed, “will only be defeated when the law works for everyone.” If that’s true, then countries like China and India, which have taken hundreds of millions out of poverty in recent decades but rank relatively low on virtually every rule of law index, still face significant challenges. The wider background to this growing attentiveness to the rule of law’s significance in diminishing poverty is a realization",exact_duplicate|near_duplicate|semantic_duplicate|same_template_different_content|related_but_both_valuable|false_positive|unclear
,shard_00068.parquet:25878,shard_00026.parquet:48675,0.9999995827674866,3872,3872,"Dr. Margaret Chan, director-general of the United Nations World Health Organization, warned that the world faces a post-antibiotic apocalypse. Chan foretold that we will experience ""... an end to modern medicine as we know it. Things as common as strep throat or a child's scratched knee could once again kill. Some sophisticated interventions, like hip replacements, organ transplants, cancer chemotherapy, and care of preterm infants, would become far more difficult or even too dangerous to undertake,"" says Forbes. In a world where antibiotic resistance is becoming a growing issues, only nine new antibiotics have been approved by the Food and Drug Administration (FDA) in the past 15 years. In a recent survey of the development programs of the largest drug companies, only five new antibiotics were under development and none of them had new mechanisms of action, meaning they treated infections the same way old and increasingly ineffective antibiotics do presently. One of the world's most pressing threats is antibiotic resistance. The drugs are important tools in fighting off life-threatening bacteria-based diseases, but they are commonly used to treat minor afflictions like sinusitis a","Dr. Margaret Chan, director-general of the United Nations World Health Organization, warned that the world faces a post-antibiotic apocalypse. Chan foretold that we will experience ""... an end to modern medicine as we know it. Things as common as strep throat or a child's scratched knee could once again kill. Some sophisticated interventions, like hip replacements, organ transplants, cancer chemotherapy, and care of preterm infants, would become far more difficult or even too dangerous to undertake,"" says Forbes. In a world where antibiotic resistance is becoming a growing issues, only nine new antibiotics have been approved by the Food and Drug Administration (FDA) in the past 15 years. In a recent survey of the development programs of the largest drug companies, only five new antibiotics were under development and none of them had new mechanisms of action, meaning they treated infections the same way old and increasingly ineffective antibiotics do presently. One of the world's most pressing threats is antibiotic resistance. The drugs are important tools in fighting off life-threatening bacteria-based diseases, but they are commonly used to treat minor afflictions like sinusitis a",exact_duplicate|near_duplicate|semantic_duplicate|same_template_different_content|related_but_both_valuable|false_positive|unclear
,shard_00131.parquet:34762,shard_00015.parquet:952,0.9353310465812683,3221,1818,"Martin Luther King, Jr. was born in Georgia on January 15th, 1929. His birth and his legacy are celebrated every year in the United States, on the third Monday of January. It is one of three federal holidays, which commemorate an individual person. At the tender age of five, Dr. King began his road to academic achievement. He began at the Yonge Street Elementary School in Atlanta, and later enrolled at David T. Howard Elementary School. He also attended the Atlanta University Laboratory School and Booker T. Washington High School. Not only did he excel amongst his peers, he also achieved outstanding scores on his college entrance exams. In his junior year of high school, he advanced to Morehouse College, skipping both the ninth and twelfth grades. Dr. King entered Morehouse at the age of 15. In 1948, he graduated from Morehouse and enrolled in Crozer Theological Seminary in Pennsylvania. After he completed his Bachelor of Divinity degree in 1951, he began his doctoral studies at Boston University. By 1955 he had his Ph.D. degree. He was just 26-years-old. In 1953, King married Coretta Scott. They had four children, Yolanda Denise, Martin Luther III, Dexter Scott, and Bernice Albert","Martin Luther King, Jr. (January 15, 1929 – April 4, 1968) Baptist minister, Civil Rights Movement leader, activist, orator, and Noble Peace Laureate, Martin Luther King, Jr. is known worldwide as a champion of freedom, justice, equality and peace. King came from a family with deep roots in the black community of Atlanta and the African-American Baptist church. Graduating from Morehouse College in Atlanta in 1948, King went on to study theology at Crozer Theological Seminary in Philadelphia. In 1953 he married Coretta Scott and they eventually had four children together. Continuing his theological studies, King received a Ph.D. from Boston University in 1955 while working as a pastor of Dexter Avenue Baptist Church in Montgomery, Alabama. Known for using nonviolent methods, King led the Montgomery Bus Boycott in 1955. He helped form the Southern Christian Leadership Conference in 1957 in an effort to unite local protest groups throughout the South. King's methods led to the March on Washington in 1963 where he delivered his famous ""I Have A Dream"" speech. In 1964 King received the Nobel Peace Prize for his work to end racial discrimination and racial desegregation using non-violent",exact_duplicate|near_duplicate|semantic_duplicate|same_template_different_content|related_but_both_valuable|false_positive|unclear
,shard_00011.parquet:34360,shard_00149.parquet:29273,0.9191054105758667,1067,1368,"Keratoconus is a progressive eye disease that causes a thinning of the clear front surface of the eye (cornea) and distorts the cornea into a cone-like shape. Keratoconus causes distorted vision that cannot be corrected with eyeglasses. Most cases of keratoconus become apparent during a person’s teens or early 20s. It can affect one or both eyes. Keratoconus symptoms and signs As the cornea becomes more irregular in shape, it causes progressive nearsightedness and irregular astigmatism to develop, creating additional problems with distorted and blurred vision. Glare and light sensitivity also commonly occur with keratoconus. A person with keratoconus often experiences changes in their eyeglass prescription every time they visit their eye doctor. What causes Keratoconus? New research suggests the weakening of the corneal tissue that leads to keratoconus may be due to an imbalance of enzymes within the cornea. This imbalance makes the cornea more susceptible to oxidative damage from compounds called free radicals, causing it to weaken and bulge forward.","Keratoconus is a degenerative disease of the cornea that causes it to gradually thin and bulge into a cone-like shape. This shape prevents light from focusing precisely on the macula. As the disease progresses, the shape becomes more pronounced, causing blurred or distorted vision. Patients with keratoconus are usually very nearsighted because of the cornea’s irregular shape and have a high degree of astigmatism that is not correctable by glasses. Keratoconus usually occurs in both eyes and is characterized by symptoms such as blurred vision (even when wearing glasses or contact lenses), glare at night, light sensitivity, frequent prescription changes or eye rubbing. Generally, this disease is diagnosed by the time patients reach their 20’s. Because keratoconus is not usually visible to the naked eye, special testing is used for a detailed look at the shape of the cornea. The first line of treatment for patients with keratoconus is to fit rigid gas permeable contact lenses. Because this type of contact is not flexible, it creates a smooth, evenly shaped surface to see through. However, because of the cornea’s irregular shape, specialty contact lenses are often required. If vision d",exact_duplicate|near_duplicate|semantic_duplicate|same_template_different_content|related_but_both_valuable|false_positive|unclear
,shard_00090.parquet:50445,shard_00116.parquet:25350,0.9941985607147217,4364,3983,"Remove the wheel containing the defeated tube. It may be advantageous to start by placing the bicycle within a home repair stand, held securely by the seatpost. Many types of brakes can be easily released to aid in tire repair, so be sure to disengage the brake, if necessary. Most modern wheels remove by means of Quick-Release (QR) skewers, pictured here, which pass entirely through the hubs, and have open and closed positions to secure them to the frame. To remove the wheel, flip the lever to the ""open"" position. Hold the non-drive side nut of the skewer as you turn the lever counter-clockwise to loosen. Oftentimes, the wheel can be removed without completely unthreading the skewer. Note the orientation of the two springs and skewer (it enters from the non-drive side) for ease of reinstallation. Many other wheels will use a bolt-on standard, usually a 15mm bolt on a threaded axle. Use a 15mm or adjustable wrench to remove these axle bolts by turning them counter-clockwise. Some higher-end bicycles have wheels that connect by means of a thru-axle (TA) system. Like QR skewers, Thru-Axles run internally through the entire length of the hub. Thru Axles, however, thread into a special","Remove the wheel containing the defeated tube. It may be advantageous to start by placing the bicycle within a home repair stand, held securely by the seatpost. Many types of brakes can be easily released to aid in tire repair, so be sure to disengage the brake, if necessary. Most modern wheels remove by means of Quick-Release (QR) skewers, pictured here, which pass entirely through the hubs, and have open and closed positions to secure them to the frame. To remove the wheel, flip the lever to the ""open"" position. Hold the non-drive side nut of the skewer as you turn the lever counter-clockwise to loosen. Oftentimes, the wheel can be removed without completely unthreading the skewer. Note the orientation of the two springs and skewer (it enters from the non-drive side) for ease of reinstallation. Many other wheels will use a bolt-on standard, usually a 15mm bolt on a threaded axle. Use a 15mm or adjustable wrench to remove these axle bolts by turning them counter-clockwise. Some higher-end bicycles have wheels that connect by means of a thru-axle (TA) system. Like QR skewers, Thru-Axles run internally through the entire length of the hub. Thru Axles, however, thread into a special",exact_duplicate|near_duplicate|semantic_duplicate|same_template_different_content|related_but_both_valuable|false_positive|unclear
,shard_00079.parquet:26007,shard_00114.parquet:24618,0.9315534234046936,10386,7218,"In the realm of technological marvels, few names shine as brightly as Elon Musk. Known for his audacious ventures into space exploration, electric vehicles, and renewable energy, Musk has once again set the world abuzz with his latest brainchild – the Elon Musk AI robot. This article delves into the multifaceted dimensions of this futuristic endeavor, encompassing its conception, design, implications, and potential impact on our society. - Elon Musk AI Robot: The Visionary Concept - Navigating Ethical and Moral Challenges - Embracing the Future: Collaborative AI - Empowering Humanity: A Catalyst for Change - Uniting Minds: Collaboration and Knowledge Exchange - Expanding Human Potential: AI Ethics and Morality - Beyond Mechanics: Emotional Intelligence in AI - A Glimpse into the Future: AI Robot Scenarios - Fostering Innovation: The Ripple Effect - Ethical Guidelines: Charting the AI Territory - Harnessing AI Creativity: From Logic to Artistry - A Journey of Discovery: Learning from AI - Collaborative Evolution: Humans and AI Together - Elon Musk AI Robot: A New Frontier - More Content 👇 Elon Musk AI Robot: The Visionary Concept Elon Musk’s AI robot project springs from the visiona","In the realm of technological innovation, few names stand as tall as Elon Musk. Known for his audacious ventures and ambitious pursuits, Elon Musk has made remarkable contributions to multiple industries. One of the most exciting aspects of his work is the intersection of artificial intelligence and robotics. In this article, we will explore the fascinating world of Elon Musk AI robots, their implications, and how they are poised to reshape our future. - Elon Musk AI Robot: The Intersection of Genius - The Vision of Elon Musk - The Role of AI in Robotics - Applications in Space Exploration - AI Robots and Sustainability - Transforming Healthcare - Ethical Considerations and Challenges - The Potential of AI Robots in Education - Advancements in Robotic Assistants - The Future of Transportation: Self-Driving Cars - Collaborative Robots (Cobots) - The Impact on Job Markets - Advancing Human-Machine Interaction - AI Robotics in Disaster Response - Ensuring Ethical Development - The Power of Innovation - More Content 👇 Elon Musk AI Robot: The Intersection of Genius Elon Musk’s fascination with artificial intelligence and robotics stems from his belief that these technologies can fundame",exact_duplicate|near_duplicate|semantic_duplicate|same_template_different_content|related_but_both_valuable|false_positive|unclear
,shard_00149.parquet:30395,shard_00020.parquet:28346,0.9669060707092285,3213,2701,"Aksu Travel Guide Brief introduction of the city Aksu is located in the southern part of the Tianshan Mountain and at the verge of the northwest Tarim Basin. Aksu which means the white water in the Uighur language got its name because the Aksu River runs through it. Aksu was a town and passage of great importance for the ancient Silk Road which section was called the Northern Way in the Han dynasty and the Mid Way in the later dynasties. It possesses a lot of scenic spots, including the peak, the desert and the river, namely the lofty Tumur Peak—the first peak in the world, the endless Takelamagan Desert and the Tarim River which is the longest inland river. Besides, there are high mountains reflecting the white peaks, the large plain with cows and sheep hiding in the grass, the Tarim River with beautiful setting sun, the visional Yardan landform in Yanshui valley, the Qianlei Spring with a history of more than thousand years, the summer resort Jiuyan Spring, the odd tree in Qi Spring, the Shemmu Garden on Tianshan Mountain with old trees and strange rare trees, the international hunting areas, Heiying Mountain and Tiger Mountain, the newly found cultural relic, the Mystic Grand Ca","Aksu is located in the southern part of the Tianshan Mountain and at the verge of the northwest Tarim Basin. Aksu which means the white water in the Uighur language got its name because the Aksu River runs through it. Aksu was a town and passage of great importance for the ancient Silk Road which section was called the Northern Way in the Han dynasty and the Mid Way in the later dynasties. It possesses a lot of scenic spots, including the peak, the desert and the river, namely the lofty Tumur Peak—the first peak in the world, the endless Takelamagan Desert and the Tarim River which is the longest inland river. Besides, there are high mountains reflecting the white peaks, the large plain with cows and sheep hiding in the grass, the Tarim River with beautiful setting sun, the visional Yardan landform in Yanshui valley, the Qianlei Spring with a history of more than thousand years, the summer resort Jiuyan Spring, the odd tree in Qi Spring, the Shemmu Garden on Tianshan Mountain with old trees and strange rare trees, the international hunting areas, Heiying Mountain and Tiger Mountain, the newly found cultural relic, the Mystic Grand Canyon of Tianshan Mountain and so on. Aksu Area is",exact_duplicate|near_duplicate|semantic_duplicate|same_template_different_content|related_but_both_valuable|false_positive|unclear
,shard_00122.parquet:13028,shard_00014.parquet:21548,0.9999999403953552,1325,1325,"According to local legend, the mountain got its name because the devil took a bite out of it. There is a small gap in the mountain between one outcrop of rock (known as the Rock) and another small plateau. The bite the devil allegedly took made this gap. The legend suggests that the devil broke his teeth taking this bite and the Rock of Cashel fell from his mouth to where it now stands. The Book of Dimma was supposedly discovered in a cave on the mountain in 1789. It is an illuminated manuscript copy of the four Gospels and was written in the monastery of St Cronan in Roscrea some time during the 8th century. According to legend, Cronan ordered his scribe Dimma to produce the manuscript before sunset on that day. He then used miraculous powers to ensure that the sun did not set for forty days, and Dimma spent all of this period completing the manuscript without feeling the need to eat or sleep. The manuscript disappeared following the dissolution of the monasteries in the 16th century. There is some debate about whether or not the manuscript was actually found on the Devil’s Bit amid claims that it could not have survived without damage in an outdoor environment for over two centur","According to local legend, the mountain got its name because the devil took a bite out of it. There is a small gap in the mountain between one outcrop of rock (known as the Rock) and another small plateau. The bite the devil allegedly took made this gap. The legend suggests that the devil broke his teeth taking this bite and the Rock of Cashel fell from his mouth to where it now stands. The Book of Dimma was supposedly discovered in a cave on the mountain in 1789. It is an illuminated manuscript copy of the four Gospels and was written in the monastery of St Cronan in Roscrea some time during the 8th century. According to legend, Cronan ordered his scribe Dimma to produce the manuscript before sunset on that day. He then used miraculous powers to ensure that the sun did not set for forty days, and Dimma spent all of this period completing the manuscript without feeling the need to eat or sleep. The manuscript disappeared following the dissolution of the monasteries in the 16th century. There is some debate about whether or not the manuscript was actually found on the Devil’s Bit amid claims that it could not have survived without damage in an outdoor environment for over two centur",exact_duplicate|near_duplicate|semantic_duplicate|same_template_different_content|related_but_both_valuable|false_positive|unclear
,shard_00098.parquet:23939,shard_00124.parquet:15079,0.9279070496559143,2281,2040,"Actinopterygii (ray-finned fishes) > Perciformes (Perch-likes) > Labridae (Wrasses) > Cheilininae Etymology: Cirrhilabrus: Latin, cirrus = curl fringe + Greek, labros = furious (Ref. 45335). More on author: Smith. Environment / Climate / Range Marine; reef-associated; depth range 6 - 40 m (Ref. 48636), usually ? - 10 m (Ref. 5278). Tropical; 33°N - 24°S Size / Weight / Age Maturity: Lm ? range ? - ? cm Max length : 12.0 cm SL male/unsexed; (Ref. 9823) soft rays: 9. Large oval black spot on caudal peduncle just above lateral line (Ref. 4392). A closely related undescribed species occurs in west and central Pacific; differs in color, greatest between nuptial males (Ref. 48636). Indo-Pacific: East Africa south to Sodwana Bay, South Africa (Ref. 4392) and east to the Tuamoto Islands. Occurs over rubble or low patch reefs in areas of current (Ref. 9823); also on reef edges and around bommies with rubble zones (Ref. 48636); often in moderately large groups and mixed sex during feeding on zooplankton well above the substrate. Males often display to each other (Ref. 48636). Reported to be associated with the mushroom Heliofungia actiniformis (Ref. 91291). Feeds on zooplankton in the water","Actinopterygii (ray-finned fishes) > Perciformes (Perch-likes) > Labridae (Wrasses) > Cheilininae Etymology: Cirrhilabrus: Latin, cirrus = curl fringe + Greek, labros = furious (Ref. 45335). More on author: Bleeker. Environment / Climate / Range Marine; reef-associated; depth range 5 - 35 m (Ref. 90102). Tropical Size / Weight / Age Maturity: Lm ? range ? - ? cm Max length : 11.0 cm TL male/unsexed; (Ref. 48636) soft rays: 9. Highly variable. Nuptial color can change from normal in seconds. Usually nuptial colors are shown during spawning, but in Tomini Bay it is almost permanent, possibly because of the similar C. aurantidorsalis that often mixes with this species. The eye is bright red and males usually show a dark shading or band along the end of the gill cover (Ref. 48636). Western Central Pacific: Indonesia. Found in coastal to outer reef lagoons on rubble and coral habitats (Ref. 48636). Life cycle and mating behavior Maturity | Reproduction | Spawning | Eggs | Fecundity | Larvae Parenti, P. and J.E. Randall, 2000. An annotated checklist of the species of the labroid fish families Labridae and Scaridae. Ichthyol. Bull. J.L.B. Smith Inst. Ichthyol. (68):1-97. (Ref. 35918) IUC",exact_duplicate|near_duplicate|semantic_duplicate|same_template_different_content|related_but_both_valuable|false_positive|unclear
,shard_00008.parquet:42005,shard_00030.parquet:17683,1.0,3101,3101,"Many campers worry about camping with their kids. Camping is very interesting task, but camping with kids can make your camping very risky and tough. All kids are same, they love to explore everything and this act annoys many parents and makes the camping very hard. But, camping is a wonderful experience for kids. They get to know different experiences such as awareness of the surroundings, appreciating the wonderful nature and exploring different things in nature. But, making the kids busy in the camping is very different and sometimes very hard for parents too. Kids sometimes become hyper and sometimes cannot get along well with the camping atmosphere. Some times controlling the kids mentally and making them busy is very hard. Providing them with proper security is also very hard as they cannot be controlled easily. But, by following certain tips on security and arranging different games for the kids, you can make them to crave the benefits of camping. Safety tips to follow for making the child’s camping successful: - You are traveling with kids, mistakes are common. So, be sure that you will be able to correct the mistakes. - Follow the check list according to the different camp","Many campers worry about camping with their kids. Camping is very interesting task, but camping with kids can make your camping very risky and tough. All kids are same, they love to explore everything and this act annoys many parents and makes the camping very hard. But, camping is a wonderful experience for kids. They get to know different experiences such as awareness of the surroundings, appreciating the wonderful nature and exploring different things in nature. But, making the kids busy in the camping is very different and sometimes very hard for parents too. Kids sometimes become hyper and sometimes cannot get along well with the camping atmosphere. Some times controlling the kids mentally and making them busy is very hard. Providing them with proper security is also very hard as they cannot be controlled easily. But, by following certain tips on security and arranging different games for the kids, you can make them to crave the benefits of camping. Safety tips to follow for making the child’s camping successful: - You are traveling with kids, mistakes are common. So, be sure that you will be able to correct the mistakes. - Follow the check list according to the different camp",exact_duplicate|near_duplicate|semantic_duplicate|same_template_different_content|related_but_both_valuable|false_positive|unclear
,shard_00024.parquet:30582,shard_00022.parquet:36290,0.9999999403953552,1795,1795,"Published in: 2016 Stockholm Environment Institute Ddiba, D. I. W., Andersson, K., Rosemarin, A. SuSanA Admin (susanaadmin) This discussion brief introduces a new tool being developed in the SEI Initiative on Sustainable Sanitation. There is increasing interest in the concept of the circular economy and “closing the loop” in our use of various vital resources – including water, energy and mineral resources. This is driven not only by an interest in reducing the social and environmental damage linked to resource extraction and waste disposal, but also in optimizing the use of resources in preparation for the end of the era of cheap oil and raw materials. While the focus has been largely on industry, the case for “closing the loop” in relation to wastewater, sanitation and food and other organic waste is becoming ever stronger. REVAMP is a tool being developed at SEI for quickly estimating, visualizing and valuing the resources that could be recovered from a city’s organic waste streams: sewage sludge, faecal sludge, and food and other organic solid waste. REVAMP can: • estimate the resources that could be recovered in various forms (such as plant nutrients, insect fat and protein, b","Published in: 2016 Stockholm Environment Institute Ddiba, D. I. W., Andersson, K., Rosemarin, A. SuSanA Admin (susanaadmin) This discussion brief introduces a new tool being developed in the SEI Initiative on Sustainable Sanitation. There is increasing interest in the concept of the circular economy and “closing the loop” in our use of various vital resources – including water, energy and mineral resources. This is driven not only by an interest in reducing the social and environmental damage linked to resource extraction and waste disposal, but also in optimizing the use of resources in preparation for the end of the era of cheap oil and raw materials. While the focus has been largely on industry, the case for “closing the loop” in relation to wastewater, sanitation and food and other organic waste is becoming ever stronger. REVAMP is a tool being developed at SEI for quickly estimating, visualizing and valuing the resources that could be recovered from a city’s organic waste streams: sewage sludge, faecal sludge, and food and other organic solid waste. REVAMP can: • estimate the resources that could be recovered in various forms (such as plant nutrients, insect fat and protein, b",exact_duplicate|near_duplicate|semantic_duplicate|same_template_different_content|related_but_both_valuable|false_positive|unclear
,shard_00066.parquet:45847,shard_00079.parquet:33652,0.9999997615814209,45256,45256,"<July 10th, 2001, 07:30 hrs. Finnan Mor's True Canadians have for a long time known much about the prowess of the many American frontiersmen who opened up that great land to the south of us in their nineteenth century westward expansion. Truthfully, a plethora of American books, movies and television have strongly precluded us knowing our frontier history well. Thus, a Scots born redheaded fellow countryman who outdid all the Yanks is virtually unknown to us. His frontier activities in the fur trade before June 2, 1827 compare well with any of the American legends, but what he did that day, battling afoot for his life against a bull bison, makes him, undisputably, the greatest frontiersman of them all. One writer, Rowland Bond claims that Finnan McDonald actually dismounted and ‘bulldogged’ the wounded animal making it the most astonishing version of the battle as others have it begin after he was unhorsed by the bull bison. As well, Finnan McDonald deserves his place in worldwide Celtic lore, even though his battle with the giant herbivore is documented. Rob Roy McGregor and William Wallace brave as they were, are not known to have fought any giant beast.. On the other side of the","<July 10th, 2001, 07:30 hrs. Finnan Mor's True Canadians have for a long time known much about the prowess of the many American frontiersmen who opened up that great land to the south of us in their nineteenth century westward expansion. Truthfully, a plethora of American books, movies and television have strongly precluded us knowing our frontier history well. Thus, a Scots born redheaded fellow countryman who outdid all the Yanks is virtually unknown to us. His frontier activities in the fur trade before June 2, 1827 compare well with any of the American legends, but what he did that day, battling afoot for his life against a bull bison, makes him, undisputably, the greatest frontiersman of them all. One writer, Rowland Bond claims that Finnan McDonald actually dismounted and ‘bulldogged’ the wounded animal making it the most astonishing version of the battle as others have it begin after he was unhorsed by the bull bison. As well, Finnan McDonald deserves his place in worldwide Celtic lore, even though his battle with the giant herbivore is documented. Rob Roy McGregor and William Wallace brave as they were, are not known to have fought any giant beast.. On the other side of the",exact_duplicate|near_duplicate|semantic_duplicate|same_template_different_content|related_but_both_valuable|false_positive|unclear
,shard_00027.parquet:37907,shard_00048.parquet:4062,0.9627315402030945,6954,4943,"Antebellum Idealism and Reform Impulses, 1820–1860 By the end of this section, you will be able to: - Explain the connections between abolition, reform, and antebellum feminism - Describe the ways antebellum women’s movements were both traditional and revolutionary Women took part in all the antebellum reforms, from transcendentalism to temperance to abolition. In many ways, traditional views of women as nurturers played a role in encouraging their participation. Women who joined the cause of temperance, for example, amplified their accepted role as moral guardians of the home. Some women advocated a much more expansive role for themselves and their peers by educating children and men in solid republican principles. But it was their work in antislavery efforts that served as a springboard for women to take action against gender inequality. Many, especially northern women, came to the conclusion that they, like slaves, were held in shackles in a society dominated by men. Despite the radical nature of their effort to end slavery and create a biracial society, most abolitionist men clung to traditional notions of proper gender roles. White and black women, as well as free black men, w","Chapter 13: Antebellum Idealism and Reform Impulses, 1820–1860 By the end of this section, you will be able to: - Explain the connections between abolition, reform, and antebellum feminism - Describe the ways antebellum women’s movements were both traditional and revolutionary Women took part in all the antebellum reforms, from transcendentalism to temperance to abolition. In many ways, traditional views of women as nurturers played a role in encouraging their participation. Women who joined the cause of temperance, for example, amplified their accepted role as moral guardians of the home. Some women advocated a much more expansive role for themselves and their peers by educating children and men in solid republican principles. But it was their work in antislavery efforts that served as a springboard for women to take action against gender inequality. Many, especially northern women, came to the conclusion that they, like enslaved people, were held in shackles in a society dominated by men. Despite the radical nature of their effort to end slavery and create a biracial society, most abolitionist men clung to traditional notions of proper gender roles. White and Black women, as well",exact_duplicate|near_duplicate|semantic_duplicate|same_template_different_content|related_but_both_valuable|false_positive|unclear
,shard_00019.parquet:41044,shard_00020.parquet:38549,0.9999999403953552,5084,5084,"At the UN Climate conference in Bali, a global tax on carbon emissions was recommended by a panel of participants. Advocates said the tax would be “a global burden sharing system, fair, with solidarity, and legally binding to all nations.” (Translation: Bend over, United States Of America). Basically, the richer countries would be paying for the poorer countries to prepare for the catastrophic specter of global warming. It's CO2 socialism. Advocates of the tax say failure to adopt it will bring about the end of all life on earth as we know it, and some even worse stuff too. And that's their conservative estimate. “Finally someone will pay for these [climate related] costs,” Othmar Schwank, a global tax advocate, told Inhofe EPW Press Blog following the panel discussion titled “A Global CO2 Tax.” Schwank is a consultant with the Switzerland based Mauch Consulting firm Schwank said at least “$10-$40 billion dollars per year” could be generated by the tax, and wealthy nations like the U.S. would bear the biggest burden based on the “polluters pay principle.” The U.S. and other wealthy nations need to “contribute significantly more to this global fund,” Schwank explained. He also added","At the UN Climate conference in Bali, a global tax on carbon emissions was recommended by a panel of participants. Advocates said the tax would be “a global burden sharing system, fair, with solidarity, and legally binding to all nations.” (Translation: Bend over, United States Of America). Basically, the richer countries would be paying for the poorer countries to prepare for the catastrophic specter of global warming. It's CO2 socialism. Advocates of the tax say failure to adopt it will bring about the end of all life on earth as we know it, and some even worse stuff too. And that's their conservative estimate. “Finally someone will pay for these [climate related] costs,” Othmar Schwank, a global tax advocate, told Inhofe EPW Press Blog following the panel discussion titled “A Global CO2 Tax.” Schwank is a consultant with the Switzerland based Mauch Consulting firm Schwank said at least “$10-$40 billion dollars per year” could be generated by the tax, and wealthy nations like the U.S. would bear the biggest burden based on the “polluters pay principle.” The U.S. and other wealthy nations need to “contribute significantly more to this global fund,” Schwank explained. He also added",exact_duplicate|near_duplicate|semantic_duplicate|same_template_different_content|related_but_both_valuable|false_positive|unclear
,shard_00158.parquet:22667,shard_00157.parquet:49472,0.9153812527656555,7792,8712,"Often called “the mother of mulch,” Ruth Stout, garden expert and author of The Ruth Stout No-Work Garden Book, never watered or weeded and seldom fertilized her garden — all thanks to her use of mulches. Mulch is a covering spread around plants to control weeds and hold moisture in the soil, creating an insulating layer between the soil and the sun or cold wind. Mulch may be composed of organic materials such as compost or decayed leaves, or it might be synthetic, such as black plastic or fabric. Using mulch well can make your garden easier to maintain, help protect crops and extend the growing season. But sometimes mulch is not advised. Read on to learn how to use mulch to make your garden healthier and easier to grow. The Many Benefits of MulchAn early proponent of the technique, Stout believed nearly all garden beds should be under constant mulch, and all organic matter that rots is fair game. “Mulching keeps the ground cooler than it would be otherwise, prevents the soil from baking and keeps weeds from growing,” she wrote in her book. “My way is simply to keep a thick mulch of any vegetable matter that rots on both sides of my vegetable and flower beds all year long. As it de","Mulch is used to retain moisture in the soil, suppress or block weeds, keep the soil and plant roots cool, prevent frost heaving in winter, and make the garden bed and landscape look more attractive. Read on to learn about the different types of mulches, along with helpful information about the best types of mulches for your garden's needs. What Is Mulch? Mulch is any material that is spread or laid over the surface of the soil and used for a covering. Types of Mulch Some mulches are more aesthetically pleasing than others while other mulches are more functional and can add nutrients to the soil. There are two categories of mulch: organic and inorganic, and both have their advantages and disadvantages. - Organic mulch: This is a natural mulch and not made of anything synthetic. It's best for adding beneficial nutrients to your garden, and it can suppress weeds, but it doesn't always fully block weeds. - Inorganic mulch: This is a synthetic mulch and not made of natural materials. It's best for fully blocking weeds, retaining water, and keeping longer than organic, but it doesn't add value to the soil. - Bark, shredded or chipped - Pine needles - Grass clippings - Shredded leaves Or",exact_duplicate|near_duplicate|semantic_duplicate|same_template_different_content|related_but_both_valuable|false_positive|unclear
,shard_00075.parquet:12046,shard_00140.parquet:35171,0.9994117617607117,1743,1742,"Coaching Adult Basketball Be a motivator Continue to teach/review fundamentals Teach a winning attitude Push athletes to do their best Drill 1 - Turning and Pivoting While moving slowly or no movement at all, the athlete puts both hands on either wheel with their arms extended. To execute the turn, one hand pulls one wheel forcefully, while the other hand pushes the other wheel forcefully. This creates the turning of the wheelchair. The athlete may want to lean forward in the wheelchair to maintain balance. The athlete needs to become comfortable with this type of maneuvering of the wheelchair. Drill 2 - Moving Backwards Starting on the baseline, the athlete wheels forward as fast as possible to half-court. At this point, the athlete performs a turn (pivot) and wheels backwards to the other baseline as fast as possible. This drill works on wheeling forward, pivoting and wheeling backwards. Drill 3 - Shooting This is a drill for the athlete to work on shooting. The athlete shoots the ball from anywhere on the floor. Once the athlete shoots the ball, he/she follows the shot to the basket to rebound the ball. If the athlete misses, he/she rebounds the ball and goes in to shoot a lay-u","Coaching Adult Basketball Be a motivator Continue to teach/review fundamentals Teach a winning attitude Push athletes to do their best Drill 1 - Turning and Pivoting While moving slowly or no movement at all, the athlete puts both hands on either wheel with their arms extended. To execute the turn, one hand pulls one wheel forcefully, while the other hand pushes the other wheel forcefully. This creates the turning of the wheelchair. The athlete may want to lean forward in the wheelchair to maintain balance. The athlete needs to become comfortable with this type of maneuvering of the wheelchair. Drill 2 - Moving Backwards Starting on the baseline, the athlete wheels forward as fast as possible to half-court. At this point, the athlete performs a turn (pivot) and wheels backwards to the other baseline as fast as possible. This drill works on wheeling forward, pivoting and wheeling backwards. Drill 3 - Shooting This is a drill for the athlete to work on shooting. The athlete shoots the ball from anywhere on the floor. Once the athlete shoots the ball, he/she follows the shot to the basket to rebound the ball. If the athlete misses, he/she rebounds the ball and goes in to shoot a lay-u",exact_duplicate|near_duplicate|semantic_duplicate|same_template_different_content|related_but_both_valuable|false_positive|unclear
,shard_00121.parquet:9821,shard_00166.parquet:45991,0.9101198315620422,5179,6229,"Freelance Content Writer | IT-Based Website Content Creator | Technical Writer | Blogger How do I install WordPress? Installing WordPress software on your computer is quite easy. In this post, you will learn how to install WordPress on a local server. It is advised to follow all the steps described in this article to install successfully. So, get ready with your system and strong internet connection. What is localhost server? Localhost is where you practice and check the website before deploying to a live server. The localhost environment is basically your own PC or laptop. This means that you can only use it for personal use, your online audience will not be able to see your work on localhost. Those who have started their journey with WordPress can learn building websites on it. There are multiple ways to set up a local server on your computer. How to create localhost environment on your computer? When it comes to creating your own local server on your personal computer, there are several options to go with. It depends on the operating system you are using. - XAMPP - support cross platforms - LAMP - support only Linux os - WAMP - support Windows os - MAMP - support only Mac os So,","Installing WordPress on your local computer will give you an eternal power to do anything on WordPress. Most of the developer install WordPress on Local computer to develop themes and plugins. What is XAMPP? XAMPP is an open-source free and most popular PHP development environment software. It allows to install Apache distribution such as MariaDB, PHP, and Perl. XAMPP is easy to install and use. You can use almost all the development software, such as WordPress, Joomla, Drupal, PHPbb, and so on. You can see the full list here. Is there any software like XAMPP? Simple answer, “YES.” There are some other software also available to install WordPress on a local computer. The software is: Among them, XAMPP is cross-platform. That means you can install Windows, Linux, and Mac OS also. And WAMP and MAMP are only for Windows and Mac OS. MAMP also has a pro version, but XAMPP is free. What is The Requirement to Install WordPress? Now WordPress version is 5.4. If you want to install this version, then you need - PHP version 7.3+ - MySQL version 5.6+ or MariaDB version 10.1+ - HTTPS support You can use Apache and NGINX server to run WordPress. We recommend to use Linux hosting not to use Wind",exact_duplicate|near_duplicate|semantic_duplicate|same_template_different_content|related_but_both_valuable|false_positive|unclear
,shard_00037.parquet:14381,shard_00064.parquet:3364,0.9808230996131897,6585,4911,"Drilling for bauxite samples in Jamaica's Cockpit Country is threatening the plants and animals that live in the region's moist tropical limestone forest, said conservationists today. Bauxite is the raw material for aluminum. Cockpit Country is in northwestern Jamaica near the tourist resorts of Montego Bay and Ocho Rios. It is about 130 miles (209 kilometers) from the capital city of Kingston. Central Jamaica was once blanketed with wet limestone forests. The 173 square miles (450 square kilometers) of Cockpit Country represent the largest and most intact portion left. At risk species such as the black-billed parrot, the yellow-billed parrot, the ring-tailed pigeon and the plain pigeon live in this uninhabited area of yellow and white limestone karst terrain, distinguished by its dramatic topography of rounded peaks and steep-sided, bowl-shaped depressions - said to resemble cockfighting pits. These species forage mostly on bromeliads - epiphytic plants growing on the branches of trees. But bromeliads are especially vulnerable to forest fragmentation and caustic dust from mining. Several of the region's 300 caves, such as Windsor Great Cave and Marta Tick Cave, are notable for the","Bauxite Mine Fight Looms in Jamaica's Cockpit Country KINGSTON, Jamaica, October 24, 2006 (ENS) - Drilling for bauxite samples in Jamaica's Cockpit Country is threatening the plants and animals that live in the region's moist tropical limestone forest, said conservationists today. Bauxite is the raw material for aluminum. Cockpit Country is in northwestern Jamaica near the tourist resorts of Montego Bay and Ocho Rios. It is about 130 miles (209 kilometers) from the capital city of Kingston. Central Jamaica was once blanketed with wet limestone forests. The 173 square miles (450 square kilometers) of Cockpit Country represent the largest and most intact portion left. At risk species such as the black-billed parrot, the yellow-billed parrot, the ring-tailed pigeon and the plain pigeon live in this uninhabited area of yellow and white limestone karst terrain, distinguished by its dramatic topography of rounded peaks and steep-sided, bowl-shaped depressions - said to resemble cockfighting pits. Several of the region's 300 caves, such as Windsor Great Cave and Marta Tick Cave, are notable for the size and diversity of their bat caves. Some caves support colonies of more than 50,000 bats",exact_duplicate|near_duplicate|semantic_duplicate|same_template_different_content|related_but_both_valuable|false_positive|unclear
,shard_00087.parquet:38636,shard_00075.parquet:18652,0.9842520356178284,4277,4022,"Are you beginning to hear a high pitch noise coming from your hearing aids? The widespread problem of feedback in your hearing aids can most likely be fixed. Knowing exactly how hearing aids operate and what is behind that constant whistling will get you one step closer to eliminating it. But exactly what can be done? What Exactly Are The Functions of Your Hearing Aids? Hearing aids, at their core, are really simply a microphone and a speaker. The microphone picks up the sound and the speaker plays it in your ear. It’s what happens between the microphone and speaker that becomes complicated. The sound is then modified to an analog electrical signal to be processed after being picked up by the microphone. An advanced transformation from analog to digital is then done by a signal processing chip. Once the signal is converted to digital, the various features and settings of the hearing aids activate to amplify and clean up the sound. The processor then transforms the signal back to analog and forwards it to a receiver. At this stage, what was once a sound wave becomes an analog signal and that isn’t something you can hear. The receiver converts the signal back to sound waves and trans","Are you starting to hear an annoying high pitch noise coming from your hearing aids? The common issue of feedback in your hearing aids can most likely be fixed. Understanding how hearing aids work and what is behind that constant whistling will get you a little closer to eliminating it. What can you do about hearing aid feedback? How Do Hearing Aids Work? A simple microphone and a speaker are the basics of a hearing aid. The microphone picks up the sound and the speaker plays it in your ear. It’s what happens between the microphone and speaker that becomes complicated. In order for the sound to be processed, it needs first to be changed into an analog signal. A sophisticated change from analog to digital is then carried out by a signal processing chip. The device’s sophisticated properties and controls activate to amplify and clean up the sound. The processor then transforms the signal back to analog and transmits it to a receiver. It’s not possible to hear these electrical signals which were once a sound. The receiver converts the signal back into sound waves and sends them through your ears. Elements in the cochlea convert it back into an electrical signal that the brain can unde",exact_duplicate|near_duplicate|semantic_duplicate|same_template_different_content|related_but_both_valuable|false_positive|unclear
,shard_00121.parquet:22460,shard_00071.parquet:25069,0.9790877103805542,9451,8971,"View trusted insights from KidsHealth.org, the No. 1 most-viewed health site for children, created by the experts at Nemours. We've also provided information from the most-respected nonprofit organizations. From Nemours' KidsHealth - Helping Sam Hear: A Family's Journey (Video) - Hearing Evaluation in Children - Chronic Hoarseness - Ear Injuries - Middle Ear Infections and Ear Tube Surgery - Cochlear Implants - Delayed Speech or Language Development - Enlarged Adenoids - Auditory Processing Disorder - Ototoxicity (Ear Poisoning) - Middle Ear Infections - Tonsils and Tonsillectomies - X-Ray Exam: Neck - Auditory Neuropathy Spectrum Disorder (ANSD) - Obstructive Sleep Apnea Trusted External Resources Falls, blows to the head, sports injuries, and even listening to loud music can cause ear damage, which can affect hearing and balance. That's because the ear not only helps us hear, but also keeps us steady on our feet. Kids need to hear well to develop and use their speech, social, and listening skills. Even mild or partial hearing loss can affect their ability to speak and understand language, while problems with balance can influence how they're able to move and how well they feel. H","Falls, blows to the head, sports injuries, as well as listening to loud music can cause ear damage, which can affect hearing and balance. That’s because the ear not just helps us hear, however also keeps us steady on our feet. Kids need to hear well to develop and use their speech, social, and listening skills. Even mild or partial hearing loss can impact their capability to speak and comprehend language, while problems with balance can influence how they have the ability to move and how well they feel. How the Ear Works To understand ear injuries, it’s helpful to examine the ins and outs of the ears. Generally, the ear is comprised of three parts– the outer ear, middle ear, and inner ear. Hearing starts when acoustic waves that travel through the air reach the external ear, or pinna (the noticeable part of the ear). The external ear records the sound vibration and sends it through the ear canal to the middle ear, which consists of the eardrum (a thin layer of tissue) and 3 tiny bones (called ossicles). The sound causes the eardrum to vibrate. The ossicles magnify these vibrations and bring them to the inner ear. The inner ear is comprised of a snail-shaped chamber (the cochlea), w",exact_duplicate|near_duplicate|semantic_duplicate|same_template_different_content|related_but_both_valuable|false_positive|unclear
,shard_00072.parquet:46263,shard_00086.parquet:42185,0.9964157938957214,3914,3611,"Facts about the Arboretum The entire Vanderbilt campus is designated as an arboretum. In 2013 the campus contained 6181 identified and geolocated trees and shrubs. Each year 150 to 200 new trees are planted to replace trees that die or as landscaping for new construction. - There are approximately 190 species of trees and shrubs in the arboretum. - The oldest and most famous tree on campus is the Bicentennial Oak - There is a four-way tie for largest tree in the arboretum. - Vanderbilt was first referred to as an arboretum in May 1879, only six years after the university was founded (“Catalogue of the Species and Varieties of Plants in the Vanderbilt Arboretum“, Vanderbilt University Archives). - The most common tree species on campus is Magnolia grandiflora (southern magnolia) with 545 representatives. The two hackberry (Celtis) species on campus commonly hybridize in the Nashville area, making it virtually impossible to identify them to species. The total number of northern hackberry (Celtis occidentalis), sugarberry (Celtis laevigata), and unidentified hackberries (Celtis spp.) is 500, making “hackberry” the second most common recognizable tree on campus. Acer saccharum (sugar m","Facts about the Arboretum The entire Vanderbilt campus is designated as an arboretum. In 2013 the campus contained 6181 identified and geolocated trees and shrubs. Each year 150 to 200 new trees are planted to replace trees that die or as landscaping for new construction. - There are approximately 190 species of trees and shrubs in the arboretum. - The oldest and most famous tree on campus is the Bicentennial Oak - There is a four-way tie for largest tree in the arboretum. - Vanderbilt was first referred to as an arboretum in May 1879, only six years after the university was founded (“Catalogue of the Species and Varieties of Plants in the Vanderbilt Arboretum“, Vanderbilt University Archives). - The most common tree species on campus is Magnolia grandiflora (southern magnolia) with 545 representatives. The two hackberry (Celtis) species on campus commonly hybridize in the Nashville area, making it virtually impossible to identify them to species. The total number of northern hackberry (Celtis occidentalis), sugarberry (Celtis laevigata), and unidentified hackberries (Celtis spp.) is 500, making “hackberry” the second most common recognizable tree on campus. Acer saccharum (sugar m",exact_duplicate|near_duplicate|semantic_duplicate|same_template_different_content|related_but_both_valuable|false_positive|unclear
,shard_00046.parquet:43905,shard_00111.parquet:13719,0.9666852951049805,8614,7499,"Testing and Assessments for Comorbidity Dual Diagnosis occurs when a person has an alcohol or substance abuse problem and a mental health disorder. Also called comorbidity, the instances of having two or more co-occurring disorders is far more common than one might believe. It’s estimated that nearly 50 percent of all persons diagnosed with mental health disorders have a substance abuse problem. Similarly, a high percentage of individuals who abuse alcohol or drugs (37 and 53 percent, respectively) also have a mental illness, according to the National Alliance on Mental Illness. Mental Illness and Substance Abuse Facts Individuals experiencing co-occurring illness of two or more conditions may often feel at the mercy of their disorders. Some can be debilitating, leaving a person feeling weak, alone and helpless. Others can produce what appear to be hallucinations and delusions. In addition to the statistics provided above, epidemiological data suggests strong links between drugs, alcohol, and mental illness as well: - Lifetime use rates of alcohol are estimated at 66 percent, while drugs are slightly lower at an estimated 30 percent. - Nearly 30 percent of individuals with diagnose","Dual Diagnosis occurs when a person has an alcohol or substance abuse problem and a mental health disorder. Also called comorbidity, the instances of having two or more co-occurring disorders is far more common than one might believe. It’s estimated that nearly 50 percent of all persons diagnosed with mental health disorders have a substance abuse problem. Similarly, a high percentage of individuals who abuse alcohol or drugs (37 and 53 percent, respectively) also have a mental illness, according to the National Alliance on Mental Illness. Individuals experiencing co-occurring illness of two or more conditions may often feel at the mercy of their disorders. Some can be debilitating, leaving a person feeling weak, alone and helpless. Others can produce what appear to be hallucinations and delusions. In addition to the statistics provided above, epidemiological data suggests strong links between drugs, alcohol, and mental illness as well: Untreated comorbidity can result in a myriad of complications for the individual. Even if treated, comorbid persons often experience more severe symptoms, impaired social functioning, higher instances of physically comorbid conditions like kidney or",exact_duplicate|near_duplicate|semantic_duplicate|same_template_different_content|related_but_both_valuable|false_positive|unclear
,shard_00105.parquet:21351,shard_00048.parquet:24205,0.9329360723495483,3365,1862,"Powerful people are quick to respond to unfair treatment when they are the ones being victimized, but they are less likely to notice injustice when others are victimized or when they benefit from the situation, according to a new study published by the Society for Personality and Social Psychology. “Powerful people are only faster to notice unfair situations when they’re the victims,” said lead researcher Takuya Sawaoka, a doctoral student in psychology at Stanford University. “Our findings also suggest that powerful people are slower to notice unfair situations that victimize other people, and this converges with other research demonstrating that the powerful are less empathetic to the plight of others.” In four experiments, participants who were primed to think of powerful situations recognized unfair treatment more quickly when it affected them and were more likely to take action to avoid disadvantageous situations than powerless people. The findings were similar for both men and women. Most of the participants were white so the results weren’t based on race. In another experiment with 227 participants, the high-power group wrote about a situation in which they had power over so","New York, June 7 (IANS) Powerful people respond quickly to unfair treatment when they are the victims. However, they are less likely to notice injustice when others are victimised, says the study. “The findings help explain the persistence of income inequality and ‘white privilege’,” said lead researcher Takuya Sawaoka, a doctoral student in psychology at Stanford University. In one online experiment with 227 participants, the high-power group wrote about a time when they had power over someone else while the low-power group wrote about an experience when someone had power over them. Each participant then played a computer game where their reaction times were measured in deciding the fairness of the distribution of coins between the participant and two computer-generated players. The high-power group responded more quickly than the low-power group when they were the victims of unfairness but not when they benefited from an unfair distribution of the imaginary wealth. “Our findings also suggest that powerful people are slower to notice unfair situations that victimise other people. This converges with other research demonstrating that the powerful are less empathetic to the plight o",exact_duplicate|near_duplicate|semantic_duplicate|same_template_different_content|related_but_both_valuable|false_positive|unclear
,shard_00037.parquet:13299,shard_00161.parquet:13189,0.9999999403953552,3970,3970,"The silk banner was clearly old, reminding archivist Tanya Zanish-Belcher of a Civil War banner. But it was in such poor condition that it was impossible to tell what it was. It remained a mystery until Zanish-Belcher — along with fellow archivists Vicki Johnson and Rebecca Petersen — visited the Wake Forest Historical Museum near the Old Campus in Wake Forest, N.C. In an exhibit on the history of the Philomathesian and Euzelian literary societies, they noticed a photograph of the Euzelian Society’s meeting room taken in the early 1900s. The photograph showed a banner hanging above the presiding officer’s chair. When they saw the Euzelian banner, they realized that the banner in their storage room was similar, Zanish-Belcher said. After comparing it to an early 1900s photograph of the Philomathesian banner, they concluded that they had probably found the “Phi” banner; you can still see the letters “OMATH,” part of the name Philomathesian, as well as splotches of blue that once made up the sky in the banner. The banner probably dates to the mid-1850s. “It’s a tangible object from Wake Forest’s past,” said Zanish-Belcher, director of Special Collections and Archives. Because of its h","The silk banner was clearly old, reminding archivist Tanya Zanish-Belcher of a Civil War banner. But it was in such poor condition that it was impossible to tell what it was. It remained a mystery until Zanish-Belcher — along with fellow archivists Vicki Johnson and Rebecca Petersen — visited the Wake Forest Historical Museum near the Old Campus in Wake Forest, N.C. In an exhibit on the history of the Philomathesian and Euzelian literary societies, they noticed a photograph of the Euzelian Society’s meeting room taken in the early 1900s. The photograph showed a banner hanging above the presiding officer’s chair. When they saw the Euzelian banner, they realized that the banner in their storage room was similar, Zanish-Belcher said. After comparing it to an early 1900s photograph of the Philomathesian banner, they concluded that they had probably found the “Phi” banner; you can still see the letters “OMATH,” part of the name Philomathesian, as well as splotches of blue that once made up the sky in the banner. The banner probably dates to the mid-1850s. “It’s a tangible object from Wake Forest’s past,” said Zanish-Belcher, director of Special Collections and Archives. Because of its h",exact_duplicate|near_duplicate|semantic_duplicate|same_template_different_content|related_but_both_valuable|false_positive|unclear
,shard_00032.parquet:20193,shard_00037.parquet:41673,0.9999998807907104,6715,6715,"Currently, social media networks are popular, and they have bonded us we might never have imagined five years ago. We instantly exchange info with the systems of contacts we have created, and we are inundated with changes from some of these connections. While exchanging information in this method is helpful for a range of factors, it also carries several disadvantages. Oversharing data is undoubtedly the most dangerous aspect of using digital platforms, and there are several methods in which it may be destructive. Possible robbers are on the lookout for individuals on holidays, cybercriminals hunt for the info they may use to breach into your institutions, fraudsters are on the lookout for individuals to con, and scammers are on the lookout for conspicuous prey. There are several such instances, but the underlying problem remains the same. So much info is accessible to individuals who should not have it. Another concern that has emerged in the foreground due to the growing usage of social media is online bullying. People have proved that the web is a platform where they feel incredibly comfortable discussing things they would not ever say aloud. Also, people that publish without un","Currently, social media networks are popular, and they have bonded us we might never have imagined five years ago. We instantly exchange info with the systems of contacts we have created, and we are inundated with changes from some of these connections. While exchanging information in this method is helpful for a range of factors, it also carries several disadvantages. Oversharing data is undoubtedly the most dangerous aspect of using digital platforms, and there are several methods in which it may be destructive. Possible robbers are on the lookout for individuals on holidays, cybercriminals hunt for the info they may use to breach into your institutions, fraudsters are on the lookout for individuals to con, and scammers are on the lookout for conspicuous prey. There are several such instances, but the underlying problem remains the same. So much info is accessible to individuals who should not have it. Another concern that has emerged in the foreground due to the growing usage of social media is online bullying. People have proved that the web is a platform where they feel incredibly comfortable discussing things they would not ever say aloud. Also, people that publish without un",exact_duplicate|near_duplicate|semantic_duplicate|same_template_different_content|related_but_both_valuable|false_positive|unclear
,shard_00064.parquet:25522,shard_00127.parquet:21987,0.9999999403953552,1427,1427,"Deloris, Second Grade Teacher Using word cards for learning. Type each week's spelling words on a piece of colored paper. Then, draw lines to make them into flash cards. Students cut them apart. I use the word cards in a variety of ways throughout the week. On the first day, I always have the students lay them out on their desks. Then, put them into groups however they want. It's interesting to see how they do it. Some will do a group of words they know/don't know, while others will count how many letters are in the words and group them. Here are some ways to group the words: - by syllables - by ones with base words/without - put them in ABC order It really depends on the skill you are trying to teach through your spelling words. There are other ways of grouping--think of your own! On Thursdays, we use the cards in some way. Last week, we made sentences with our spelling words and I ""recycled"" some sheets of computer paper for the students to use. It worked a lot better than tablet or notebook paper. They actually cut out around the shape of their word and glued it into their sentence. They wrote the rest with pencil. You can also have them to study words w/ a partner using the wor","Deloris, Second Grade Teacher Using word cards for learning. Type each week's spelling words on a piece of colored paper. Then, draw lines to make them into flash cards. Students cut them apart. I use the word cards in a variety of ways throughout the week. On the first day, I always have the students lay them out on their desks. Then, put them into groups however they want. It's interesting to see how they do it. Some will do a group of words they know/don't know, while others will count how many letters are in the words and group them. Here are some ways to group the words: - by syllables - by ones with base words/without - put them in ABC order It really depends on the skill you are trying to teach through your spelling words. There are other ways of grouping--think of your own! On Thursdays, we use the cards in some way. Last week, we made sentences with our spelling words and I ""recycled"" some sheets of computer paper for the students to use. It worked a lot better than tablet or notebook paper. They actually cut out around the shape of their word and glued it into their sentence. They wrote the rest with pencil. You can also have them to study words w/ a partner using the wor",exact_duplicate|near_duplicate|semantic_duplicate|same_template_different_content|related_but_both_valuable|false_positive|unclear
,shard_00016.parquet:5209,shard_00086.parquet:47131,0.9842028021812439,4200,4328,"To what extent do the witches predictions dictate events in Macbeth? Are their prophecies binding? Your questions concerning the predictions made by the witches in Shakespeare's Macbeth highlight a prominent but ambiguous issue in the tragedy. Shakespeare is writing during the aftermath of the Protestant reformation, during which the issue of predestination came into focus. The issue of fate had been central to literature at least since the Greeks, and in Shakespeare's time the issue of fate took a different form, predestination. No one can really answer your question. The issue is ambiguous and left up to interpretation. Do the witches cause events, or just know what's going to happen? Can they really cause or predict the future, or are they just extremely intelligent and manipulative? Were the fortune-telling spirits really present, or just figments of Macbeth's mind? An individual can come to conclusions about this issue that satisfy him/her, but the odds of one being able to conclusively support any conclusion in such a way that will convince all others are probably astronomical, as they say. I do not believe that the witches' predictions actually cause all of the events that s","To what extent do the witches predictions dictate events in Macbeth? Are their prophecies binding? 4 Answers | Add Yours I do not believe that the witches' predictions actually cause all of the events that seem to fulfill them. I think that they only cause those events that are done by Macbeth. When the witches proclaim Macbeth as the Thane of Cawdor, they are making a prediction. However, it seems unlikely that their prediction had anything to do with making that happen. Similarly, I do not think they had anything to do with making ""Great Birnam Wood"" come to Dunsinane. I do believe that their predictions make Macbeth think he can become king and act accordingly (kills Duncan, etc). Your questions concerning the predictions made by the witches in Shakespeare's Macbeth highlight a prominent but ambiguous issue in the tragedy. Shakespeare is writing during the aftermath of the Protestant reformation, during which the issue of predestination came into focus. The issue of fate had been central to literature at least since the Greeks, and in Shakespeare's time the issue of fate took a different form, predestination. No one can really answer your question. The issue is ambiguous and lef",exact_duplicate|near_duplicate|semantic_duplicate|same_template_different_content|related_but_both_valuable|false_positive|unclear
,shard_00167.parquet:37082,shard_00138.parquet:3154,0.999999463558197,3452,3452,"Hemorrhoids (also called piles) are distended varicose veins in the anus. All veins are lined with valves that permit blood to flow in only one direction (back to the heart). Excess pressure on these valves can cause them to weaken and fail, allowing blood to flow in the wrong direction or to stagnate. The vein may engorge with blood, which, in the anus, results in a hemorrhoid. Although hemorrhoids are often painless, the swollen wall of the vein is fragile and thus is prone to rupture and bleeding. Stagnant blood promotes formation of clots in the vein, which are typically painful and, in severe cases, may require surgery. Hemorrhoids usually affect people between the ages of 20 and 50 and are especially common in those who are constipated, pregnant, or obese, owing to increased pressure within the veins of the lower abdomen. What Causes Hemorrhoids? - Straining during bowel movements is a primary cause. (A diet low in fiber can result in constipation, which in turn encourages the tendency to strain during bowel movements.) - Pregnancy, childbirth, heavy lifting and obesity increase the risk of hemorrhoids. - Prolonged standing or sitting may be causes. - Loss of muscle tone due","Hemorrhoids (also called piles) are distended varicose veins in the anus. All veins are lined with valves that permit blood to flow in only one direction (back to the heart). Excess pressure on these valves can cause them to weaken and fail, allowing blood to flow in the wrong direction or to stagnate. The vein may engorge with blood, which, in the anus, results in a hemorrhoid. Although hemorrhoids are often painless, the swollen wall of the vein is fragile and thus is prone to rupture and bleeding. Stagnant blood promotes formation of clots in the vein, which are typically painful and, in severe cases, may require surgery. Hemorrhoids usually affect people between the ages of 20 and 50 and are especially common in those who are constipated, pregnant, or obese, owing to increased pressure within the veins of the lower abdomen. What Causes Hemorrhoids? - Straining during bowel movements is a primary cause. (A diet low in fiber can result in constipation, which in turn encourages the tendency to strain during bowel movements.) - Pregnancy, childbirth, heavy lifting and obesity increase the risk of hemorrhoids. - Prolonged standing or sitting may be causes. - Loss of muscle tone due",exact_duplicate|near_duplicate|semantic_duplicate|same_template_different_content|related_but_both_valuable|false_positive|unclear
,shard_00070.parquet:2028,shard_00093.parquet:43415,0.9999998807907104,3484,3484,"The traditional Chinese diet, featuring low or moderate amounts of animal-based protein and plenty of plant-based foods, is one among many traditional diet styles that has received praise for its disease-fighting abilities. More than just a delicious way of preparing food, traditional Chinese cooking uses food as therapy to harmonize the body with the seasons. Strategic blends of spices and flavors contribute to the healthful and delicious qualities of this diet. The traditional Chinese diet features vegetables that have been lightly steamed or stir fried, accompanied by starches like rice, noodles or dumplings. Meat and fish are part of the traditional diet, but are served in much smaller amounts than is typical in the Western diet. While American cooking styles tend to associate spices with flavor enhancement, in Chinese cooking, garlic and ginger tend to be included as aids to digestion, according to the website Chinese Holistic Health Exercises. Green tea, known for its antioxidant qualities, also features prominently in the Chinese diet. The Five Flavors Traditional Chinese medicine, TCM, posits that everything is made up of five elements: wood, fire, earth, metal and water. E","The traditional Chinese diet, featuring low or moderate amounts of animal-based protein and plenty of plant-based foods, is one among many traditional diet styles that has received praise for its disease-fighting abilities. More than just a delicious way of preparing food, traditional Chinese cooking uses food as therapy to harmonize the body with the seasons. Strategic blends of spices and flavors contribute to the healthful and delicious qualities of this diet. The traditional Chinese diet features vegetables that have been lightly steamed or stir fried, accompanied by starches like rice, noodles or dumplings. Meat and fish are part of the traditional diet, but are served in much smaller amounts than is typical in the Western diet. While American cooking styles tend to associate spices with flavor enhancement, in Chinese cooking, garlic and ginger tend to be included as aids to digestion, according to the website Chinese Holistic Health Exercises. Green tea, known for its antioxidant qualities, also features prominently in the Chinese diet. The Five Flavors Traditional Chinese medicine, TCM, posits that everything is made up of five elements: wood, fire, earth, metal and water. E",exact_duplicate|near_duplicate|semantic_duplicate|same_template_different_content|related_but_both_valuable|false_positive|unclear
,shard_00117.parquet:22864,shard_00029.parquet:38857,0.9999997019767761,5996,5996,"Preparing for and responding to negative events, from the mundane to the catastrophic, from the predictable to the unforeseen, has become a fact of life for businesses and governments around the world. We don’t have to look any further than the seemingly daily reports of cyberattacks on governments, corporations and individuals to comprehend the severity of the problem. Tackling these risks requires an integrated and holistic framework with the capability to identify, evaluate and adequately define responses to the circumstances. For more and more organizations, this means adapting an enterprise risk management (ERM) model. ERM seeks to identify all threats—including financial, strategic, personnel, market, technology, legal, compliance, geopolitical and environmental—that would adversely affect an organization. This holistic approach gives organizations a better framework for mitigating risk while advancing their goals and opportunities in the face of business threats. But in order to implement and continuously manage this enterprise-wide model there is a critical need for closer integration of two typically distinct roles within the organization—business continuity management (BC","Preparing for and responding to negative events, from the mundane to the catastrophic, from the predictable to the unforeseen, has become a fact of life for businesses and governments around the world. We don’t have to look any further than the seemingly daily reports of cyberattacks on governments, corporations and individuals to comprehend the severity of the problem. Tackling these risks requires an integrated and holistic framework with the capability to identify, evaluate and adequately define responses to the circumstances. For more and more organizations, this means adapting an enterprise risk management (ERM) model. ERM seeks to identify all threats—including financial, strategic, personnel, market, technology, legal, compliance, geopolitical and environmental—that would adversely affect an organization. This holistic approach gives organizations a better framework for mitigating risk while advancing their goals and opportunities in the face of business threats. But in order to implement and continuously manage this enterprise-wide model there is a critical need for closer integration of two typically distinct roles within the organization—business continuity management (BC",exact_duplicate|near_duplicate|semantic_duplicate|same_template_different_content|related_but_both_valuable|false_positive|unclear
,shard_00143.parquet:32844,shard_00087.parquet:46316,0.9338544607162476,8666,4901,"Diabetes is a rapidly spreading faster than many other conditions on the entire planet. The amount of those diagnosed with the disease. Whether you have a recent diagnosis, or are trying to prevent it, this article can help you make the changes in your lifestyle you need in order to effectively manage your illness and keep it from progressing further. Handfuls of almonds can satiate you enough to slay your hunger spikes without disturbing your glucose levels. Natural, unsalted almonds are healthy for you, as they are full of protein, fiber and healthy nutrients. Always keep some almonds handy around the house so you always have them when you’re struck with the urge to snack. Low glycemic index foods will also be best ones for people who suffer from diabetes. For instance, choose a spot to keep your insulin and meter, journal, so you know right where they are when you need them in the morning. If a doctor ever diagnoses one of your kids as being diabetic, you will likely panic, but calm down and know that you will endure. These days, many people have diabetes, and treatments have improved so much that children with diabetes can live quite normally. The oldest living diabetic is 90,","There are many serious health problems that are associated with diabetes. Death is one of them. To live a long and healthy life even with diabetes, you need to learn more about the disease, its effects and its treatments. This article provides many useful tips about diabetes. Get a few almonds to satisfy your cravings without upsetting your blood sugar levels. If you choose the unsalted variety, you will get fiber and protein in a yummy package. Keep a bowl within easy reach so that you can grab a few anytime the hunger pains start to set in. Look at the glycemic index on the labels of the foods you buy. This is an indicator of how this food will affect sugar levels. Don’t forget: Lower GI numbers mean that the food is better for someone with diabetes. You will ensure your life will be easier to deal with if you stay organized. Don’t stumble around looking for items, such as insulin or associated equipment; have a place for it and keep it there. Make sure you routinely do everything you’re supposed to when testing. Diabetes is currently a very common disease. Don’t allow managing your diabetes to cause stress or shame in your life. Add a few walnuts to your salad for some extra nut",exact_duplicate|near_duplicate|semantic_duplicate|same_template_different_content|related_but_both_valuable|false_positive|unclear
,shard_00080.parquet:3741,shard_00093.parquet:9638,0.9596561789512634,2792,2840,"Composing A book that is excellent report. A guide report is usually an essay that discusses the articles of a book. It frequently is released off to students mainly in most academic levels. In easy terms, a novel report assists someone learn about a novel you have formerly look over. Contents of the book report Contents in a book that is cheap can include bibliographical information plus the environment associated with the narrative. Furthermore, you could have information on the major figures and the reason which is why the book was written. Other important aspects to be included consists of the pupil’s views in the guide along with a theme that offers the summary for the book that is whole. Frequently teachers give out a selection of books to the pupils from where they could choose the one which they’re going to write a report. The students are also privileged with the opportunity of selecting a work of their choosing although at times. The publications might be opted for based on several things. Firstly, the publications might be considered relating to an author or are chosen through a course selection procedure. Simple tips to compose a book report that is brilliant Therefore","Writing A book that is excellent report. A novel report is normally an essay that discusses the articles of a novel. It frequently is issued off to pupils primarily in every levels that are academic. A book report helps another person know about a book you have previously read in simple terms. Contents of a guide report Articles in a book that is cheap can sometimes include bibliographical information together with setting of this narrative. Also, you could have informative data on the characters that are principal the reason which is why the guide ended up being written. Other key facets to be included consists of the student’s views regarding the guide along with a theme that provides the summary of this book that is whole. Usually teachers give fully out a listing of books to the learning pupils from where they might choose one which they will certainly compose a study. The students are also privileged with the opportunity of selecting a work of their choosing although at times. The publications could be plumped for based on several things. Firstly, the written publications might be considered based on a writer or may be chosen through a class selection process. Simple tips to w",exact_duplicate|near_duplicate|semantic_duplicate|same_template_different_content|related_but_both_valuable|false_positive|unclear
,shard_00093.parquet:42472,shard_00120.parquet:37706,1.0000001192092896,879,879,"This report contains the findings from a rapid marine biological assessment of the Anambas Islands in western Indonesia conducted in May 2012. The scientists researching the area offer detailed accounts of reef communities, as well as information on the flora and fauna in the region, including several species new to science. The editors of A Rapid Marine Biological Assessment of Anambas Islands, Indonesia have assembled conservation recommendations based on the results. Putu Liza Kusuma Mustika is the science communications consultant of marine programs at Conservation International Indonesia. Suharsono is a senior scientist at the Indonesia National Science Institute. Arisetiarso Soemodinoto is a scientist at the Nature Conservancy Indonesia Program. Riyanto Basuki is head of subdirectorate of marine area conservation in the Ministry of Marine Affairs and Fisheries.","This report contains the findings from a rapid marine biological assessment of the Anambas Islands in western Indonesia conducted in May 2012. The scientists researching the area offer detailed accounts of reef communities, as well as information on the flora and fauna in the region, including several species new to science. The editors of A Rapid Marine Biological Assessment of Anambas Islands, Indonesia have assembled conservation recommendations based on the results. Putu Liza Kusuma Mustika is the science communications consultant of marine programs at Conservation International Indonesia. Suharsono is a senior scientist at the Indonesia National Science Institute. Arisetiarso Soemodinoto is a scientist at the Nature Conservancy Indonesia Program. Riyanto Basuki is head of subdirectorate of marine area conservation in the Ministry of Marine Affairs and Fisheries.",exact_duplicate|near_duplicate|semantic_duplicate|same_template_different_content|related_but_both_valuable|false_positive|unclear
,shard_00059.parquet:2558,shard_00033.parquet:12261,1.0000011920928955,23823,23823,"From the Prophecykeepers Trilogy e-book EARTH MOTHER CRYING OF ECHA TA ECHA NA In 1939 and then again in 1940, mass meetings of Indians from all over the Americas took place at Lake Patzcuaro, Michoacan, Mexico. It was covered by news media outlets worldwide, including Life Magazine with an article entitled, ""Calling All Tribes."" Narrating is a Navajo, Natoni Nezba, of Chinle, Arizona... then archaeology student at Haskell University. ...I had word from him that at the beginning of their Indian new year he would call a meeting of the representatives of all the Indian tribes of all the western hemisphere. It would be held at Lake Patzcuaro, Michoacan, Mexico over which he would preside. I gathered from the information that he had sent runners, bearing a message in regard to the great meet, to other Indian tribes. Each runner being instructed to notify the chief of the tribe he visited, for this chief to send runners to other tribes nearby with the same message to be relayed to other tribes as far as a bird far as a bird could fly to the south and as far as a bird far as a bird could fly to the north. The following April was when the great mass of Indian people gathered at Lake patzc","From the Prophecykeepers Trilogy e-book EARTH MOTHER CRYING OF ECHA TA ECHA NA In 1939 and then again in 1940, mass meetings of Indians from all over the Americas took place at Lake Patzcuaro, Michoacan, Mexico. It was covered by news media outlets worldwide, including Life Magazine with an article entitled, ""Calling All Tribes."" Narrating is a Navajo, Natoni Nezba, of Chinle, Arizona... then archaeology student at Haskell University. ...I had word from him that at the beginning of their Indian new year he would call a meeting of the representatives of all the Indian tribes of all the western hemisphere. It would be held at Lake Patzcuaro, Michoacan, Mexico over which he would preside. I gathered from the information that he had sent runners, bearing a message in regard to the great meet, to other Indian tribes. Each runner being instructed to notify the chief of the tribe he visited, for this chief to send runners to other tribes nearby with the same message to be relayed to other tribes as far as a bird far as a bird could fly to the south and as far as a bird far as a bird could fly to the north. The following April was when the great mass of Indian people gathered at Lake patzc",exact_duplicate|near_duplicate|semantic_duplicate|same_template_different_content|related_but_both_valuable|false_positive|unclear
,shard_00132.parquet:14362,shard_00029.parquet:23275,0.9231746196746826,2634,2486,"Caramel Apples Linked to Deadly Listeria Infection Halloween is nearly upon us, and that means parties, parades, pillowcases, and paranoia about people trying to poison our children. The annual media-fueled rumors of poisoned candy and razor blade–studded apples are unfounded, but there is one treat you might want to treat with extra caution: caramel apples. From November 2014 to February 2015, at least 35 people from 12 states were infected with listeriosis. Of those people, 90 percent said they’d eaten prepackaged caramel apples before they got sick. A new study explains how it happened. Listeriosis is an infection is caused by the bacterium Listeria monocytogenes. It mostly affects the elderly, pregnant women, and people with compromised immune systems, but in rare cases people without these risk factors can become infected. Early symptoms of listeriosis include fever, muscle aches, and diarrhea, but the infection often spreads from the gut into the rest of the body. Once it becomes invasive, listeriosis can be deadly. All but one of the 35 people infected in last winter’s outbreak were hospitalized, and seven died, at least three of them as a direct result of the infection. Ala","Caramel Apples: How to Avoid Food Poisoning This Halloween Scientists have discovered the keys to keeping these chewy treats listeria-free Who doesn’t remember their first caramel apple at a fall fair, or trying to decide between the plain variety and the nut-studded kind? But these sweet, sticky concoctions can be breeding grounds for bacteria. In 2014, an outbreak of food poisoning from listeria linked to caramel apples resulted in seven deaths and 35 illnesses, according to the Centers for Disease Control and Prevention. Now researchers have solved the mystery of why the chewy treats are susceptible to contamination — which can help you and your kids avoid food poisoning this Halloween. In their paper, published in the medical journal mBio , the researchers explained that scientists were puzzled because apples are too acidic for listeria to grow rapidly. And the bacteria doesn’t usually grow on caramel due to its low water content. To figure out what was going on, they did a simple experiment. They whipped up a bacteria cocktail consisting of the listeria strains associated with or closely matching those in the 2014 outbreak. Next, they coated Granny Smith apples with it. They t",exact_duplicate|near_duplicate|semantic_duplicate|same_template_different_content|related_but_both_valuable|false_positive|unclear
